{"type":"FeatureCollection","features":[{"type":"Feature","properties":{"fid":1,"dtmn":"0101","municipio":"Águeda","c1_declive":5.310448279028619,"c2_ambcon":2.3907615963111173,"c3_infraest":2.2213852168333657,"c4_compolit":0.6199052052998978,"c5_utiliza":2.877211001658464,"bfi_2025":2.383504772580655,"bfi_2025_Ranking":74.0,"BikeSharing":true,"ExtCic_AURB":12901.22,"ExtensaoCiclovias_conc":15816.11,"PopResidente_2021":46119,"Total_Valor_Euros":296100.0,"UtilizacaoBicicleta":0.0146,"UtilizacaoMulheres":0.367,"area_km2":335.27,"bfi_Ranking":74.0},"geometry":{"type":"MultiPolygon","coordinates":[[[[-8.462355802737557,40.50517942378971],[-8.340052346523043,40.5125261517038],[-8.311494715428498,40.495908361811274],[-8.250661061679693,40.514891272566175],[-8.284942930941892,40.53907559153227],[-8.308419918671193,40.596407782589424],[-8.247407868702256,40.614317181552174],[-8.249194239711448,40.618485919022945],[-8.27427840253596,40.630742633952025],[-8.294431392003183,40.635063304064545],[-8.294351501263927,40.652690527276334],[-8.328987058778916,40.63680113666622],[-8.363044063331676,40.65345257845314],[-8.377863063369226,40.69414921580619],[-8.416454526704161,40.69129173390892],[-8.47113232856525,40.679396225761046],[-8.485206723074533,40.62023177398401],[-8.523428229203123,40.609364948117886],[-8.520964871585639,40.58367758677082],[-8.558151993660825,40.56255546463886],[-8.497432218439657,40.55588957023903],[-8.501489078180208,40.54328582675104],[-8.464917723296393,40.52318575997119],[-8.462355802737557,40.50517942378971]]]]}},{"type":"Feature","properties":{"fid":2,"dtmn":"0102","municipio":"Albergaria-a-Velha","c1_declive":5.525186573222893,"c2_ambcon":3.631798438883,"c3_infraest":1.7460613288803974,"c4_compolit":1.5386663351867937,"c5_utiliza":2.3309755490455917,"bfi_2025":2.6709119761096156,"bfi_2025_Ranking":51.0,"BikeSharing":true,"ExtCic_AURB":2775.61,"ExtensaoCiclovias_conc":3365.09,"PopResidente_2021":24840,"Total_Valor_Euros":372851.72,"UtilizacaoBicicleta":0.01,"UtilizacaoMulheres":0.271,"area_km2":158.83,"bfi_Ranking":51.0},"geometry":{"type":"MultiPolygon","coordinates":[[[[-8.523428229203123,40.609364948117886],[-8.485206723074533,40.62023177398401],[-8.47113232856525,40.679396225761046],[-8.416454526704161,40.69129173390892],[-8.415936750072731,40.76808128166183],[-8.45303095542787,40.78084710206536],[-8.503150783028362,40.75937582731348],[-8.526382881172326,40.76530524958923],[-8.511475022538905,40.71399657835467],[-8.53719603482481,40.689889236793874],[-8.56502382531284,40.69036219143342],[-8.624459868362903,40.72697564877005],[-8.63243327393885,40.723528532872876],[-8.584066697868543,40.68947835395667],[-8.572710647671009,40.65641714962456],[-8.523428229203123,40.609364948117886]]]]}},{"type":"Feature","properties":{"fid":3,"dtmn":"0103","municipio":"Anadia","c1_declive":6.571130196595409,"c2_ambcon":1.815370816857961,"c3_infraest":1.494586400474375,"c4_compolit":0.1325273432865594,"c5_utiliza":3.3693204365816474,"bfi_2025":2.184971879966266,"bfi_2025_Ranking":102.0,"BikeSharing":true,"ExtCic_AURB":799.44,"ExtensaoCiclovias_conc":799.44,"PopResidente_2021":27532,"Total_Valor_Euros":56671.2,"UtilizacaoBicicleta":0.0192,"UtilizacaoMulheres":0.419,"area_km2":216.63,"bfi_Ranking":102.0},"geometry":{"type":"MultiPolygon","coordinates":[[[[-8.35414706231448,40.39560693926599],[-8.344528694506261,40.425020420181426],[-8.317576733552901,40.44119678504076],[-8.335585111438093,40.4859685456069],[-8.311494715428498,40.495908361811274],[-8.340052346523043,40.5125261517038],[-8.462355802737557,40.50517942378971],[-8.531555977718886,40.49438086378038],[-8.575944400411972,40.46550445940289],[-8.57244239697674,40.40028990383902],[-8.505302052461332,40.416139274786836],[-8.451997921027203,40.3976012215813],[-8.35414706231448,40.39560693926599]]]]}},{"type":"Feature","properties":{"fid":4,"dtmn":"0104","municipio":"Arouca","c1_declive":1.3385038988047637,"c2_ambcon":1.8416421528554838,"c3_infraest":2.779118786473868,"c4_compolit":6.490128118326025,"c5_utiliza":0.9612187236477379,"bfi_2025":2.7793099931075673,"bfi_2025_Ranking":44.0,"BikeSharing":true,"ExtCic_AURB":8957.59,"ExtensaoCiclovias_conc":11078.83,"PopResidente_2021":21146,"Total_Valor_Euros":2291545.75,"UtilizacaoBicicleta":0.001,"UtilizacaoMulheres":0.0,"area_km2":329.11,"bfi_Ranking":44.0},"geometry":{"type":"MultiPolygon","coordinates":[[[[-8.385386617323752,40.90362953228247],[-8.297968014601992,40.871595263828006],[-8.279730110643355,40.844846463143156],[-8.255087789877821,40.85584219941613],[-8.231047204632619,40.86468252307487],[-8.190512934461264,40.846122966418974],[-8.16744019077871,40.86618073288587],[-8.133737735800546,40.8492027152942],[-8.106421408217281,40.85516539889809],[-8.127960444644177,40.89815018696938],[-8.121486757765236,40.92094237606132],[-8.131518836393706,40.95060872729943],[-8.089172179289958,40.98755527859957],[-8.097765734687705,41.01368698537694],[-8.133991357941118,40.97856695169788],[-8.212956920731507,40.99404206495458],[-8.206327216900455,41.01224968051489],[-8.234710313088502,41.01179292525071],[-8.240554315388236,40.9636031097665],[-8.320580965768904,40.96498496140703],[-8.32644541386265,40.98376805969219],[-8.384185837693037,41.0036530270381],[-8.389219308833027,41.00138011574353],[-8.427961998984616,40.97137300779379],[-8.431830670226638,40.93569333110761],[-8.385386617323752,40.90362953228247]]]]}},{"type":"Feature","properties":{"fid":5,"dtmn":"0105","municipio":"Aveiro","c1_declive":8.457390776142436,"c2_ambcon":4.307382994481704,"c3_infraest":2.108200945683383,"c4_compolit":0.010563265850472868,"c5_utiliza":3.498713091860024,"bfi_2025":3.151490334197615,"bfi_2025_Ranking":24.0,"BikeSharing":true,"ExtCic_AURB":13090.29,"ExtensaoCiclovias_conc":14965.81,"PopResidente_2021":80954,"Total_Valor_Euros":9876.98,"UtilizacaoBicicleta":0.0247,"UtilizacaoMulheres":0.338,"area_km2":197.58,"bfi_Ranking":24.0},"geometry":{"type":"MultiPolygon","coordinates":[[[[-8.558151993660825,40.56255546463886],[-8.520964871585639,40.58367758677082],[-8.523428229203123,40.609364948117886],[-8.572710647671009,40.65641714962456],[-8.584066697868543,40.68947835395667],[-8.63243327393885,40.723528532872876],[-8.734851809081354,40.70678618425871],[-8.763645893606128,40.64341212718366],[-8.746028546746647,40.64578163480481],[-8.705158592295378,40.659181180325895],[-8.618445693758003,40.58713856087763],[-8.622037806516255,40.5743329073016],[-8.608651929243138,40.57056828970787],[-8.609008407267677,40.54903787332716],[-8.593080779533913,40.52936258073578],[-8.558151993660825,40.56255546463886]]]]}},{"type":"Feature","properties":{"fid":6,"dtmn":"0106","municipio":"Castelo de Paiva","c1_declive":0.8084581944507796,"c2_ambcon":2.440850170469839,"c3_infraest":0.15587674701650683,"c4_compolit":0.0,"c5_utiliza":1.2021649183770533,"bfi_2025":0.9704605324920751,"bfi_2025_Ranking":269.0,"BikeSharing":false,"ExtCic_AURB":673.74,"ExtensaoCiclovias_conc":673.74,"PopResidente_2021":15586,"Total_Valor_Euros":0.0,"UtilizacaoBicicleta":0.0008,"UtilizacaoMulheres":0.0,"area_km2":115.01,"bfi_Ranking":269.0},"geometry":{"type":"MultiPolygon","coordinates":[[[[-8.384185837693037,41.0036530270381],[-8.32644541386265,40.98376805969219],[-8.320580965768904,40.96498496140703],[-8.240554315388236,40.9636031097665],[-8.234710313088502,41.01179292525071],[-8.230687599571738,41.04607338689066],[-8.263992093452144,41.06585712157684],[-8.292960676933985,41.08014672182979],[-8.347286519991744,41.04060824022398],[-8.375227177531453,41.05012264544152],[-8.39911100360628,41.05074356244427],[-8.384185837693037,41.0036530270381]]]]}},{"type":"Feature","properties":{"fid":7,"dtmn":"0107","municipio":"Espinho","c1_declive":7.392223785063392,"c2_ambcon":6.0083763429392185,"c3_infraest":1.4371061965187812,"c4_compolit":0.0,"c5_utiliza":2.331350297079122,"bfi_2025":3.0668630727866635,"bfi_2025_Ranking":27.0,"BikeSharing":false,"ExtCic_AURB":6693.15,"ExtensaoCiclovias_conc":7207.51,"PopResidente_2021":31043,"Total_Valor_Euros":0.0,"UtilizacaoBicicleta":0.0073,"UtilizacaoMulheres":0.156,"area_km2":21.06,"bfi_Ranking":27.0},"geometry":{"type":"MultiPolygon","coordinates":[[[[-8.610928919124264,40.97595572980304],[-8.593622923990702,41.014106166291974],[-8.605857938712088,41.02576644387239],[-8.64497311114568,41.01596882396531],[-8.653119331726858,40.964778277407405],[-8.610928919124264,40.97595572980304]]]]}},{"type":"Feature","properties":{"fid":8,"dtmn":"0108","municipio":"Estarreja","c1_declive":8.522306396501484,"c2_ambcon":2.3042950341088084,"c3_infraest":1.4917451026744275,"c4_compolit":0.0,"c5_utiliza":4.630573512170963,"bfi_2025":2.72735537628015,"bfi_2025_Ranking":47.0,"BikeSharing":true,"ExtCic_AURB":154.98,"ExtensaoCiclovias_conc":1929.9,"PopResidente_2021":26213,"Total_Valor_Euros":0.0,"UtilizacaoBicicleta":0.0448,"UtilizacaoMulheres":0.397,"area_km2":108.17,"bfi_Ranking":47.0},"geometry":{"type":"MultiPolygon","coordinates":[[[[-8.624459868362903,40.72697564877005],[-8.56502382531284,40.69036219143342],[-8.53719603482481,40.689889236793874],[-8.511475022538905,40.71399657835467],[-8.526382881172326,40.76530524958923],[-8.515890151934132,40.77602477310008],[-8.549126299041635,40.7918067053211],[-8.54895186684056,40.81509871567799],[-8.525069274717868,40.831694794668046],[-8.539304056201662,40.83370259035522],[-8.641725816584719,40.815780717350414],[-8.667180323447221,40.79573150205534],[-8.639324370593009,40.79208424738185],[-8.59370092131129,40.771066964735056],[-8.628896354596678,40.760357236755844],[-8.624459868362903,40.72697564877005]]]]}},{"type":"Feature","properties":{"fid":9,"dtmn":"0109","municipio":"Santa Maria da Feira","c1_declive":4.511619414798861,"c2_ambcon":4.4112351598128505,"c3_infraest":0.4080600948754945,"c4_compolit":0.0,"c5_utiliza":1.433894748632927,"bfi_2025":1.9427647048785577,"bfi_2025_Ranking":140.0,"BikeSharing":false,"ExtCic_AURB":12340.18,"ExtensaoCiclovias_conc":15057.21,"PopResidente_2021":136674,"Total_Valor_Euros":0.0,"UtilizacaoBicicleta":0.0036,"UtilizacaoMulheres":0.128,"area_km2":215.88,"bfi_Ranking":140.0},"geometry":{"type":"MultiPolygon","coordinates":[[[[-8.610928919124264,40.97595572980304],[-8.571597811712335,40.874577314360394],[-8.523237082000875,40.8905358723556],[-8.51204474028974,40.89289621178259],[-8.489103662973834,40.91660537214299],[-8.476198769520206,40.90244992883319],[-8.455742601655666,40.93043236329627],[-8.431830670226638,40.93569333110761],[-8.427961998984616,40.97137300779379],[-8.389219308833027,41.00138011574353],[-8.429986217551258,41.02245650581691],[-8.448740655299439,41.05346116026963],[-8.456785372757622,41.04237820820263],[-8.48622288134747,41.05270219051797],[-8.492580506094518,41.039598903414486],[-8.466615762714431,41.03025289975583],[-8.490932935862956,41.01170540950717],[-8.514370053940619,41.01467342594482],[-8.528448305197916,41.040508513534796],[-8.55719290896226,41.01556383632041],[-8.593622923990702,41.014106166291974],[-8.610928919124264,40.97595572980304]]]]}},{"type":"Feature","properties":{"fid":10,"dtmn":"0110","municipio":"Ílhavo","c1_declive":9.464753866637961,"c2_ambcon":4.127336225725076,"c3_infraest":4.225538000516816,"c4_compolit":0.40642278554046346,"c5_utiliza":5.519326029906363,"bfi_2025":4.219843706313634,"bfi_2025_Ranking":3.0,"BikeSharing":true,"ExtCic_AURB":21715.44,"ExtensaoCiclovias_conc":35490.25,"PopResidente_2021":39235,"Total_Valor_Euros":193157.5,"UtilizacaoBicicleta":0.0624,"UtilizacaoMulheres":0.451,"area_km2":73.48,"bfi_Ranking":3.0},"geometry":{"type":"MultiPolygon","coordinates":[[[[-8.766088884173485,40.58292845871863],[-8.683481907203658,40.578057869021265],[-8.676858031094545,40.56244200923345],[-8.622037806516255,40.5743329073016],[-8.618445693758003,40.58713856087763],[-8.705158592295378,40.659181180325895],[-8.746028546746647,40.64578163480481],[-8.758220899315488,40.64210525229421],[-8.766088884173485,40.58292845871863]]]]}},{"type":"Feature","properties":{"fid":11,"dtmn":"0111","municipio":"Mealhada","c1_declive":5.767702150741765,"c2_ambcon":2.896077698050534,"c3_infraest":0.12860217053889683,"c4_compolit":0.0,"c5_utiliza":2.613667135970693,"bfi_2025":1.8556736094156727,"bfi_2025_Ranking":152.0,"BikeSharing":false,"ExtCic_AURB":764.17,"ExtensaoCiclovias_conc":764.17,"PopResidente_2021":19348,"Total_Valor_Euros":0.0,"UtilizacaoBicicleta":0.0085,"UtilizacaoMulheres":0.322,"area_km2":110.66,"bfi_Ranking":152.0},"geometry":{"type":"MultiPolygon","coordinates":[[[[-8.507651700233405,40.28940259247108],[-8.45436314904942,40.27917356098282],[-8.449068730189474,40.3171104396999],[-8.409588221528264,40.32386168769731],[-8.405160538822395,40.35201067951823],[-8.37532604816421,40.341303402399056],[-8.357231185800693,40.348093524134505],[-8.356217326734894,40.3672315477959],[-8.35414706231448,40.39560693926599],[-8.451997921027203,40.3976012215813],[-8.505302052461332,40.416139274786836],[-8.480992052656873,40.37580984019976],[-8.484994598589083,40.315343033198225],[-8.52985360958153,40.31565017659982],[-8.524820163009185,40.29135337573181],[-8.507651700233405,40.28940259247108]]]]}},{"type":"Feature","properties":{"fid":12,"dtmn":"0112","municipio":"Murtosa","c1_declive":9.919496166484116,"c2_ambcon":3.589655846814966,"c3_infraest":5.710014339189526,"c4_compolit":0.0,"c5_utiliza":8.282389834377177,"bfi_2025":4.9733451300249705,"bfi_2025_Ranking":2.0,"BikeSharing":false,"ExtCic_AURB":19271.24,"ExtensaoCiclovias_conc":25384.38,"PopResidente_2021":10476,"Total_Valor_Euros":0.0,"UtilizacaoBicicleta":0.113,"UtilizacaoMulheres":0.487,"area_km2":73.09,"bfi_Ranking":2.0},"geometry":{"type":"MultiPolygon","coordinates":[[[[-8.624459868362903,40.72697564877005],[-8.628896354596678,40.760357236755844],[-8.59370092131129,40.771066964735056],[-8.639324370593009,40.79208424738185],[-8.667180323447221,40.79573150205534],[-8.666213079062135,40.8196334832146],[-8.695980973257223,40.81623935430935],[-8.734851809081354,40.70678618425871],[-8.63243327393885,40.723528532872876],[-8.624459868362903,40.72697564877005]]]]}},{"type":"Feature","properties":{"fid":13,"dtmn":"0113","municipio":"Oliveira de Azeméis","c1_declive":3.6915089355311625,"c2_ambcon":3.051923013067995,"c3_infraest":1.4922483796617023,"c4_compolit":0.049978452370146934,"c5_utiliza":1.6646460711632445,"bfi_2025":1.848118646442219,"bfi_2025_Ranking":156.0,"BikeSharing":true,"ExtCic_AURB":1692.91,"ExtensaoCiclovias_conc":1692.91,"PopResidente_2021":66175,"Total_Valor_Euros":35940.0,"UtilizacaoBicicleta":0.0041,"UtilizacaoMulheres":0.179,"area_km2":161.1,"bfi_Ranking":156.0},"geometry":{"type":"MultiPolygon","coordinates":[[[[-8.415936750072731,40.76808128166183],[-8.406152687687603,40.78802830205295],[-8.434745868702015,40.800558612731564],[-8.401942525186374,40.80183779496018],[-8.398054001745754,40.817355672678815],[-8.424493993347127,40.86725507511315],[-8.39938419570216,40.87295769895093],[-8.385386617323752,40.90362953228247],[-8.431830670226638,40.93569333110761],[-8.455742601655666,40.93043236329627],[-8.476198769520206,40.90244992883319],[-8.484915548843025,40.878833364376135],[-8.51204474028974,40.89289621178259],[-8.523237082000875,40.8905358723556],[-8.526465619670832,40.8618910974528],[-8.550856065285167,40.84900293087444],[-8.539304056201662,40.83370259035522],[-8.525069274717868,40.831694794668046],[-8.54895186684056,40.81509871567799],[-8.549126299041635,40.7918067053211],[-8.515890151934132,40.77602477310008],[-8.526382881172326,40.76530524958923],[-8.503150783028362,40.75937582731348],[-8.45303095542787,40.78084710206536],[-8.415936750072731,40.76808128166183]]]]}},{"type":"Feature","properties":{"fid":14,"dtmn":"0114","municipio":"Oliveira do Bairro","c1_declive":7.812645183469179,"c2_ambcon":1.854495243774668,"c3_infraest":1.6595764961586157,"c4_compolit":0.0,"c5_utiliza":3.1656977505298216,"bfi_2025":2.2929220034362032,"bfi_2025_Ranking":85.0,"BikeSharing":true,"ExtCic_AURB":1236.93,"ExtensaoCiclovias_conc":2628.02,"PopResidente_2021":23132,"Total_Valor_Euros":0.0,"UtilizacaoBicicleta":0.0169,"UtilizacaoMulheres":0.407,"area_km2":87.32,"bfi_Ranking":85.0},"geometry":{"type":"MultiPolygon","coordinates":[[[[-8.609008407267677,40.54903787332716],[-8.630783342051098,40.49576207364736],[-8.617704349031532,40.483763568178006],[-8.575944400411972,40.46550445940289],[-8.531555977718886,40.49438086378038],[-8.462355802737557,40.50517942378971],[-8.464917723296393,40.52318575997119],[-8.501489078180208,40.54328582675104],[-8.497432218439657,40.55588957023903],[-8.558151993660825,40.56255546463886],[-8.593080779533913,40.52936258073578],[-8.609008407267677,40.54903787332716]]]]}},{"type":"Feature","properties":{"fid":15,"dtmn":"0115","municipio":"Ovar","c1_declive":8.306796717666685,"c2_ambcon":4.045581225870246,"c3_infraest":4.697098010800726,"c4_compolit":0.10078366404616279,"c5_utiliza":3.002723152319826,"bfi_2025":3.6370508442076095,"bfi_2025_Ranking":10.0,"BikeSharing":true,"ExtCic_AURB":40556.59,"ExtensaoCiclovias_conc":66629.37,"PopResidente_2021":54953,"Total_Valor_Euros":54922.5,"UtilizacaoBicicleta":0.0184,"UtilizacaoMulheres":0.295,"area_km2":147.7,"bfi_Ranking":10.0},"geometry":{"type":"MultiPolygon","coordinates":[[[[-8.539304056201662,40.83370259035522],[-8.550856065285167,40.84900293087444],[-8.526465619670832,40.8618910974528],[-8.523237082000875,40.8905358723556],[-8.571597811712335,40.874577314360394],[-8.610928919124264,40.97595572980304],[-8.653119331726858,40.964778277407405],[-8.695980973257223,40.81623935430935],[-8.666213079062135,40.8196334832146],[-8.667180323447221,40.79573150205534],[-8.641725816584719,40.815780717350414],[-8.539304056201662,40.83370259035522]]]]}},{"type":"Feature","properties":{"fid":16,"dtmn":"0116","municipio":"São João da Madeira","c1_declive":4.17407728667361,"c2_ambcon":8.11148241876172,"c3_infraest":0.49403306011517156,"c4_compolit":0.0,"c5_utiliza":1.4494239940872315,"bfi_2025":2.85867139720403,"bfi_2025_Ranking":37.0,"BikeSharing":false,"ExtCic_AURB":1587.28,"ExtensaoCiclovias_conc":1587.28,"PopResidente_2021":22143,"Total_Valor_Euros":0.0,"UtilizacaoBicicleta":0.0019,"UtilizacaoMulheres":0.083,"area_km2":7.94,"bfi_Ranking":37.0},"geometry":{"type":"MultiPolygon","coordinates":[[[[-8.51204474028974,40.89289621178259],[-8.484915548843025,40.878833364376135],[-8.476198769520206,40.90244992883319],[-8.489103662973834,40.91660537214299],[-8.51204474028974,40.89289621178259]]]]}},{"type":"Feature","properties":{"fid":17,"dtmn":"0117","municipio":"Sever do Vouga","c1_declive":0.9940495964402019,"c2_ambcon":2.521653502064271,"c3_infraest":3.0209682675350917,"c4_compolit":0.0,"c5_utiliza":2.027950376526991,"bfi_2025":1.8906504773492592,"bfi_2025_Ranking":145.0,"BikeSharing":false,"ExtCic_AURB":9546.28,"ExtensaoCiclovias_conc":10339.45,"PopResidente_2021":11063,"Total_Valor_Euros":0.0,"UtilizacaoBicicleta":0.0028,"UtilizacaoMulheres":0.267,"area_km2":129.88,"bfi_Ranking":145.0},"geometry":{"type":"MultiPolygon","coordinates":[[[[-8.294351501263927,40.652690527276334],[-8.297519039354253,40.69413514290529],[-8.325818198055247,40.71056509487034],[-8.333587931831334,40.73700101877056],[-8.273368971823933,40.7631734149393],[-8.285231086432777,40.784762157996965],[-8.338376123093527,40.77640020855483],[-8.367383736231648,40.79992246484276],[-8.406152687687603,40.78802830205295],[-8.415936750072731,40.76808128166183],[-8.416454526704161,40.69129173390892],[-8.377863063369226,40.69414921580619],[-8.363044063331676,40.65345257845314],[-8.328987058778916,40.63680113666622],[-8.294351501263927,40.652690527276334]]]]}},{"type":"Feature","properties":{"fid":18,"dtmn":"0118","municipio":"Vagos","c1_declive":9.01821642360488,"c2_ambcon":1.5607625051745422,"c3_infraest":0.5314995457491052,"c4_compolit":0.0,"c5_utiliza":4.160857038151246,"bfi_2025":2.257058562721649,"bfi_2025_Ranking":93.0,"BikeSharing":false,"ExtCic_AURB":2566.63,"ExtensaoCiclovias_conc":9507.86,"PopResidente_2021":22886,"Total_Valor_Euros":0.0,"UtilizacaoBicicleta":0.0345,"UtilizacaoMulheres":0.435,"area_km2":164.92,"bfi_Ranking":93.0},"geometry":{"type":"MultiPolygon","coordinates":[[[[-8.686719552257072,40.44033653309808],[-8.635688994916242,40.42563737522295],[-8.617704349031532,40.483763568178006],[-8.630783342051098,40.49576207364736],[-8.609008407267677,40.54903787332716],[-8.608651929243138,40.57056828970787],[-8.622037806516255,40.5743329073016],[-8.676858031094545,40.56244200923345],[-8.683481907203658,40.578057869021265],[-8.766088884173485,40.58292845871863],[-8.784028884237848,40.52036476110174],[-8.686719552257072,40.44033653309808]]]]}},{"type":"Feature","properties":{"fid":19,"dtmn":"0119","municipio":"Vale de Cambra","c1_declive":1.7466926152547202,"c2_ambcon":2.7630953998012435,"c3_infraest":0.7705091384156921,"c4_compolit":0.1229569300652548,"c5_utiliza":0.9774371713458618,"bfi_2025":1.2781492163619292,"bfi_2025_Ranking":232.0,"BikeSharing":false,"ExtCic_AURB":5740.76,"ExtensaoCiclovias_conc":5740.76,"PopResidente_2021":21269,"Total_Valor_Euros":70000.0,"UtilizacaoBicicleta":0.0021,"UtilizacaoMulheres":0.044,"area_km2":147.33,"bfi_Ranking":232.0},"geometry":{"type":"MultiPolygon","coordinates":[[[[-8.406152687687603,40.78802830205295],[-8.367383736231648,40.79992246484276],[-8.338376123093527,40.77640020855483],[-8.285231086432777,40.784762157996965],[-8.273368971823933,40.7631734149393],[-8.24861371380646,40.80366859534872],[-8.236763512471454,40.82749158944261],[-8.255087789877821,40.85584219941613],[-8.279730110643355,40.844846463143156],[-8.297968014601992,40.871595263828006],[-8.385386617323752,40.90362953228247],[-8.39938419570216,40.87295769895093],[-8.424493993347127,40.86725507511315],[-8.398054001745754,40.817355672678815],[-8.401942525186374,40.80183779496018],[-8.434745868702015,40.800558612731564],[-8.406152687687603,40.78802830205295]]]]}},{"type":"Feature","properties":{"fid":20,"dtmn":"0201","municipio":"Aljustrel","c1_declive":6.97548767774101,"c2_ambcon":4.625917044697768,"c3_infraest":0.0,"c4_compolit":0.0,"c5_utiliza":1.7685433641007064,"bfi_2025":2.2077367017686846,"bfi_2025_Ranking":99.0,"BikeSharing":false,"ExtCic_AURB":0.0,"ExtensaoCiclovias_conc":0.0,"PopResidente_2021":8874,"Total_Valor_Euros":0.0,"UtilizacaoBicicleta":0.0043,"UtilizacaoMulheres":0.053,"area_km2":458.47,"bfi_Ranking":99.0},"geometry":{"type":"MultiPolygon","coordinates":[[[[-8.067855873400317,37.99789586960392],[-8.089769165511965,38.00027776341993],[-8.115799801268166,37.98214471384872],[-8.110241422029183,37.96955709639457],[-8.14107251776924,37.964667860307756],[-8.293608758712704,37.99332319627975],[-8.309302363427816,37.91166477122945],[-8.29937797123378,37.89917825607335],[-8.335325823728104,37.86651834745828],[-8.330768824850853,37.84702579637668],[-8.326174059886439,37.813471017180056],[-8.291930963781727,37.78800126180637],[-8.205421104903555,37.806124052546956],[-8.18533266042146,37.78874467545337],[-8.164023254651065,37.80528062242967],[-8.12424958874771,37.7819351559076],[-8.04812994457279,37.81787473746137],[-8.066415474416365,37.83911404235819],[-8.056667064028677,37.856759604224656],[-8.083150980331023,37.88476205909437],[-8.059629498308881,37.909052701397194],[-8.072657428545456,37.9245257964403],[-8.048185990168971,37.956328671164016],[-8.067855873400317,37.99789586960392]]]]}},{"type":"Feature","properties":{"fid":21,"dtmn":"0202","municipio":"Almodôvar","c1_declive":5.037469711861404,"c2_ambcon":3.076883354992778,"c3_infraest":0.38006387173782846,"c4_compolit":0.0,"c5_utiliza":2.3979339282795333,"bfi_2025":1.8475705635246986,"bfi_2025_Ranking":157.0,"BikeSharing":false,"ExtCic_AURB":784.22,"ExtensaoCiclovias_conc":784.22,"PopResidente_2021":6712,"Total_Valor_Euros":0.0,"UtilizacaoBicicleta":0.0102,"UtilizacaoMulheres":0.063,"area_km2":777.88,"bfi_Ranking":157.0},"geometry":{"type":"MultiPolygon","coordinates":[[[[-8.139638635019072,37.62959170158571],[-8.14617266913256,37.57874983899784],[-8.16568586022526,37.60225685744977],[-8.216692286611277,37.563971950940804],[-8.264984511632202,37.560292126792945],[-8.237846352354644,37.51590594345346],[-8.241138449738186,37.491049575878435],[-8.208397229662959,37.4526688836744],[-8.266442472007352,37.409259047422346],[-8.275614119695847,37.387158411765505],[-8.248618622676094,37.384752536748984],[-8.187238953180167,37.341099187617594],[-8.065693756026128,37.318963330606586],[-8.028044222964077,37.35437734916727],[-7.990213197970219,37.36338460124774],[-8.00667349155569,37.37710761272661],[-7.999850771948607,37.39807130013024],[-7.891015142998866,37.415407469693015],[-7.891528081068027,37.43459554797287],[-7.9229000893701,37.46935939819436],[-7.900098291050769,37.489284147413244],[-7.929114273723463,37.496967711110656],[-7.901523825339384,37.51922682712233],[-7.932339220026289,37.54714689756382],[-7.886541480228935,37.56578091531995],[-7.9103372094426,37.58648578936292],[-7.989730717139103,37.56124021613216],[-7.999088668231701,37.60935596973361],[-8.139638635019072,37.62959170158571]]]]}},{"type":"Feature","properties":{"fid":22,"dtmn":"0203","municipio":"Alvito","c1_declive":7.76948155106256,"c2_ambcon":3.999945711633698,"c3_infraest":1.4,"c4_compolit":0.0,"c5_utiliza":3.7310878427821113,"bfi_2025":2.8731521515711025,"bfi_2025_Ranking":35.0,"BikeSharing":true,"ExtCic_AURB":0.0,"ExtensaoCiclovias_conc":0.0,"PopResidente_2021":2280,"Total_Valor_Euros":0.0,"UtilizacaoBicicleta":0.0075,"UtilizacaoMulheres":0.375,"area_km2":264.85,"bfi_Ranking":35.0},"geometry":{"type":"MultiPolygon","coordinates":[[[[-8.129861274949846,38.22398709017908],[-8.096535312424121,38.150559572019795],[-7.996323383544728,38.17137484689413],[-7.929032580543082,38.20580619129385],[-7.961941713755553,38.253480508904524],[-7.933742663262166,38.26821394431685],[-7.947104900720952,38.30493319871102],[-7.98141562456527,38.318177718806844],[-8.019906673498872,38.30070677069097],[-8.055076878812773,38.328329580051104],[-8.164368676426433,38.31984328466338],[-8.129696303784018,38.26629992587553],[-8.129861274949846,38.22398709017908]]]]}},{"type":"Feature","properties":{"fid":23,"dtmn":"0204","municipio":"Barrancos","c1_declive":2.086144894332891,"c2_ambcon":4.799686442387646,"c3_infraest":0.0,"c4_compolit":0.0,"c5_utiliza":1.8043671543144857,"bfi_2025":1.7694095308930977,"bfi_2025_Ranking":165.0,"BikeSharing":false,"ExtCic_AURB":0.0,"ExtensaoCiclovias_conc":0.0,"PopResidente_2021":1438,"Total_Valor_Euros":0.0,"UtilizacaoBicicleta":0.0,"UtilizacaoMulheres":0.0,"area_km2":168.42,"bfi_Ranking":165.0},"geometry":{"type":"MultiPolygon","coordinates":[[[[-7.152025555933425,38.15465013191799],[-7.158696929065161,38.13967224231272],[-7.194823965047422,38.1555552045015],[-7.210792697780577,38.140040463135385],[-7.15015121295779,38.12752181801945],[-7.127302630895905,38.103984485882464],[-7.110046837884751,38.108504769598454],[-7.101884744783111,38.08869020351338],[-7.006640447425564,38.1116064546693],[-6.986829731249815,38.10386595726064],[-6.959000459290048,38.13408064545711],[-6.952304425189378,38.15320069329347],[-6.96914492081824,38.166312803631946],[-6.933821621227072,38.20186213334023],[-6.936250981713317,38.22055981284003],[-6.971942250212715,38.20213980351943],[-7.011180195670175,38.20445449277139],[-7.028598863030016,38.18251471151504],[-7.06648872835644,38.186407050267704],[-7.084474434357877,38.16923646053904],[-7.107758973572661,38.1879866169985],[-7.152379443131623,38.17347537169325],[-7.152025555933425,38.15465013191799]]]]}},{"type":"Feature","properties":{"fid":24,"dtmn":"0205","municipio":"Beja","c1_declive":7.990200194555812,"c2_ambcon":4.332248422714458,"c3_infraest":0.826291513617883,"c4_compolit":0.29533432477607763,"c5_utiliza":1.7749651618760565,"bfi_2025":2.502714900869093,"bfi_2025_Ranking":69.0,"BikeSharing":false,"ExtCic_AURB":7731.54,"ExtensaoCiclovias_conc":10577.12,"PopResidente_2021":33394,"Total_Valor_Euros":92002.77,"UtilizacaoBicicleta":0.0038,"UtilizacaoMulheres":0.087,"area_km2":1146.48,"bfi_Ranking":69.0},"geometry":{"type":"MultiPolygon","coordinates":[[[[-7.920469077858704,37.79510731815621],[-7.878867572878717,37.828914984561685],[-7.830487581703371,37.82853009189113],[-7.794976163604654,37.84940390172327],[-7.772473959894338,37.843641576869935],[-7.768627724204562,37.806061117189955],[-7.748728569860561,37.79384896586823],[-7.691458017419593,37.83199937643924],[-7.64608588387682,37.821330601637406],[-7.655401911556136,37.89345165538885],[-7.640121623183301,37.90528981557649],[-7.682327802025188,37.940310112431824],[-7.641830873377979,37.99325185990879],[-7.652410334059676,38.0539716783259],[-7.632701863342846,38.06356813334432],[-7.652893851525099,38.08416404194754],[-7.727595042905803,38.1205657787783],[-7.75363996219254,38.111194979781466],[-7.75656872051393,38.08812249559154],[-7.795910847966226,38.09174790705254],[-7.774355586841125,38.07963118989712],[-7.803017235889949,38.067400384383724],[-7.805151849966096,38.09394885449933],[-7.822568728623338,38.100335618993796],[-7.803503864891298,38.108661113168],[-7.821901775363894,38.124429516066016],[-7.818634078039602,38.155468690015866],[-7.838169339471515,38.16258671705568],[-7.839104435622128,38.14687401904009],[-7.85814345139854,38.149849101220425],[-7.883734011056573,38.124682465252945],[-7.899025733454919,38.13433593245107],[-7.962384343162654,38.10582735727578],[-7.999644449926351,38.12099197160006],[-8.007221270374373,38.084018853975735],[-8.042424751935108,38.043539506109504],[-8.035442863983869,38.02475548360161],[-8.055148308641117,38.02151764906524],[-8.041122978502692,38.00839624771061],[-8.067855873400317,37.99789586960392],[-8.048185990168971,37.956328671164016],[-8.072657428545456,37.9245257964403],[-8.059629498308881,37.909052701397194],[-8.083150980331023,37.88476205909437],[-8.056667064028677,37.856759604224656],[-8.066415474416365,37.83911404235819],[-8.04812994457279,37.81787473746137],[-8.026301269932473,37.827348163920234],[-7.987911685203842,37.79555209805499],[-7.962343145434397,37.81249477556213],[-7.966268216513452,37.80018381414593],[-7.926630293231878,37.77646058859199],[-7.920469077858704,37.79510731815621]]]]}},{"type":"Feature","properties":{"fid":25,"dtmn":"0206","municipio":"Castro Verde","c1_declive":7.2428680329383575,"c2_ambcon":5.105726940861127,"c3_infraest":0.0,"c4_compolit":0.0,"c5_utiliza":2.721235056287754,"bfi_2025":2.5449655497666686,"bfi_2025_Ranking":64.0,"BikeSharing":false,"ExtCic_AURB":0.0,"ExtensaoCiclovias_conc":0.0,"PopResidente_2021":6873,"Total_Valor_Euros":0.0,"UtilizacaoBicicleta":0.0065,"UtilizacaoMulheres":0.217,"area_km2":569.44,"bfi_Ranking":64.0},"geometry":{"type":"MultiPolygon","coordinates":[[[[-8.139638635019072,37.62959170158571],[-7.999088668231701,37.60935596973361],[-7.989730717139103,37.56124021613216],[-7.9103372094426,37.58648578936292],[-7.905081738783904,37.61535968670447],[-7.923494646097807,37.61773396066961],[-7.933954540351556,37.64036618027138],[-7.87791058258038,37.62406863900927],[-7.871403317681283,37.63683556141273],[-7.89679073352232,37.63668091473546],[-7.900203607780092,37.65641802487215],[-7.849021598842421,37.66090954158996],[-7.886874766899349,37.71697730358142],[-7.864900428925305,37.7320887932844],[-7.889643992129133,37.74953885607414],[-7.865734888919085,37.762105232567144],[-7.893697670620744,37.76255101375467],[-7.895323415702289,37.78056157875643],[-7.920469077858704,37.79510731815621],[-7.926630293231878,37.77646058859199],[-7.966268216513452,37.80018381414593],[-7.962343145434397,37.81249477556213],[-7.987911685203842,37.79555209805499],[-8.026301269932473,37.827348163920234],[-8.04812994457279,37.81787473746137],[-8.12424958874771,37.7819351559076],[-8.164023254651065,37.80528062242967],[-8.18533266042146,37.78874467545337],[-8.246521546835398,37.72952631181572],[-8.197261333045823,37.72851531949161],[-8.202870242950333,37.71915517240576],[-8.162600431782646,37.68423288973374],[-8.156550717363544,37.63501967734112],[-8.139638635019072,37.62959170158571]]]]}},{"type":"Feature","properties":{"fid":26,"dtmn":"0207","municipio":"Cuba","c1_declive":7.781515495763626,"c2_ambcon":5.099450975960526,"c3_infraest":0.0,"c4_compolit":0.0,"c5_utiliza":2.4656114779574887,"bfi_2025":2.5461365891579915,"bfi_2025_Ranking":63.0,"BikeSharing":false,"ExtCic_AURB":0.0,"ExtensaoCiclovias_conc":0.0,"PopResidente_2021":4373,"Total_Valor_Euros":0.0,"UtilizacaoBicicleta":0.0168,"UtilizacaoMulheres":0.079,"area_km2":172.09,"bfi_Ranking":63.0},"geometry":{"type":"MultiPolygon","coordinates":[[[[-7.999644449926351,38.12099197160006],[-7.962384343162654,38.10582735727578],[-7.899025733454919,38.13433593245107],[-7.883734011056573,38.124682465252945],[-7.85814345139854,38.149849101220425],[-7.839104435622128,38.14687401904009],[-7.838169339471515,38.16258671705568],[-7.847128645654783,38.19778032178547],[-7.880873500977839,38.21621944898041],[-7.853169851039723,38.22310040218145],[-7.846566291724017,38.258060239201846],[-7.936491940167212,38.30138168230038],[-7.947104900720952,38.30493319871102],[-7.933742663262166,38.26821394431685],[-7.961941713755553,38.253480508904524],[-7.929032580543082,38.20580619129385],[-7.996323383544728,38.17137484689413],[-7.97706144035407,38.15660104149062],[-8.00299090676833,38.14107477999571],[-7.999644449926351,38.12099197160006]]]]}},{"type":"Feature","properties":{"fid":27,"dtmn":"0208","municipio":"Ferreira do Alentejo","c1_declive":8.580817091542563,"c2_ambcon":4.025335230983228,"c3_infraest":0.0,"c4_compolit":0.0,"c5_utiliza":2.3934725472265077,"bfi_2025":2.343110026345365,"bfi_2025_Ranking":79.0,"BikeSharing":false,"ExtCic_AURB":0.0,"ExtensaoCiclovias_conc":0.0,"PopResidente_2021":7684,"Total_Valor_Euros":0.0,"UtilizacaoBicicleta":0.0037,"UtilizacaoMulheres":0.143,"area_km2":648.21,"bfi_Ranking":79.0},"geometry":{"type":"MultiPolygon","coordinates":[[[[-8.293608758712704,37.99332319627975],[-8.14107251776924,37.964667860307756],[-8.110241422029183,37.96955709639457],[-8.115799801268166,37.98214471384872],[-8.089769165511965,38.00027776341993],[-8.067855873400317,37.99789586960392],[-8.041122978502692,38.00839624771061],[-8.055148308641117,38.02151764906524],[-8.035442863983869,38.02475548360161],[-8.042424751935108,38.043539506109504],[-8.007221270374373,38.084018853975735],[-7.999644449926351,38.12099197160006],[-8.00299090676833,38.14107477999571],[-7.97706144035407,38.15660104149062],[-7.996323383544728,38.17137484689413],[-8.096535312424121,38.150559572019795],[-8.129861274949846,38.22398709017908],[-8.220583356172119,38.202417410917654],[-8.238175684147723,38.181647684381204],[-8.284327704641475,38.18657754393774],[-8.291051098717503,38.13868208903776],[-8.333599976504447,38.15520395403196],[-8.355677656683648,38.13822753613222],[-8.363358448294877,38.10390119380185],[-8.38973649476169,38.114048876547564],[-8.40774207907334,38.0663942599276],[-8.363837374820967,38.021972908549365],[-8.318998745526548,38.02616188139995],[-8.293608758712704,37.99332319627975]]]]}},{"type":"Feature","properties":{"fid":28,"dtmn":"0209","municipio":"Mértola","c1_declive":4.511926778503463,"c2_ambcon":3.905598307924895,"c3_infraest":0.08928903781299696,"c4_compolit":1.123767130642066,"c5_utiliza":1.5415669210826646,"bfi_2025":1.9829813246297654,"bfi_2025_Ranking":130.0,"BikeSharing":false,"ExtCic_AURB":248.13,"ExtensaoCiclovias_conc":248.13,"PopResidente_2021":6206,"Total_Valor_Euros":141457.42,"UtilizacaoBicicleta":0.0027,"UtilizacaoMulheres":0.0,"area_km2":1292.87,"bfi_Ranking":130.0},"geometry":{"type":"MultiPolygon","coordinates":[[[[-7.9103372094426,37.58648578936292],[-7.886541480228935,37.56578091531995],[-7.932339220026289,37.54714689756382],[-7.901523825339384,37.51922682712233],[-7.929114273723463,37.496967711110656],[-7.900098291050769,37.489284147413244],[-7.9229000893701,37.46935939819436],[-7.891528081068027,37.43459554797287],[-7.855992744045962,37.437253282857085],[-7.712998036628318,37.50177627499996],[-7.662347542597759,37.50576251585353],[-7.620672911091263,37.48978327636545],[-7.574428308266675,37.529092030125966],[-7.512458663891306,37.52629450036192],[-7.52265586764825,37.555803608073354],[-7.506656083222028,37.55736686646024],[-7.503753305800597,37.60479283179498],[-7.488765812155932,37.60399168252952],[-7.443570712969419,37.66460628635783],[-7.452216306926878,37.67805069508107],[-7.428113679243742,37.7413585855323],[-7.519767678873385,37.775533608960544],[-7.539531264280272,37.762123122460736],[-7.581603939195297,37.77427707258792],[-7.639436017138835,37.745969554520336],[-7.649530341364943,37.75744203912435],[-7.632922208047416,37.810258501427725],[-7.64608588387682,37.821330601637406],[-7.691458017419593,37.83199937643924],[-7.748728569860561,37.79384896586823],[-7.768627724204562,37.806061117189955],[-7.772473959894338,37.843641576869935],[-7.794976163604654,37.84940390172327],[-7.830487581703371,37.82853009189113],[-7.878867572878717,37.828914984561685],[-7.920469077858704,37.79510731815621],[-7.895323415702289,37.78056157875643],[-7.893697670620744,37.76255101375467],[-7.865734888919085,37.762105232567144],[-7.889643992129133,37.74953885607414],[-7.864900428925305,37.7320887932844],[-7.886874766899349,37.71697730358142],[-7.849021598842421,37.66090954158996],[-7.900203607780092,37.65641802487215],[-7.89679073352232,37.63668091473546],[-7.871403317681283,37.63683556141273],[-7.87791058258038,37.62406863900927],[-7.933954540351556,37.64036618027138],[-7.923494646097807,37.61773396066961],[-7.905081738783904,37.61535968670447],[-7.9103372094426,37.58648578936292]]]]}},{"type":"Feature","properties":{"fid":29,"dtmn":"0210","municipio":"Moura","c1_declive":5.816717108013345,"c2_ambcon":4.763242444479127,"c3_infraest":0.0,"c4_compolit":0.0,"c5_utiliza":1.7248756950084636,"bfi_2025":2.117457460922809,"bfi_2025_Ranking":112.0,"BikeSharing":false,"ExtCic_AURB":0.0,"ExtensaoCiclovias_conc":0.0,"PopResidente_2021":13258,"Total_Valor_Euros":0.0,"UtilizacaoBicicleta":0.0029,"UtilizacaoMulheres":0.0,"area_km2":958.46,"bfi_Ranking":112.0},"geometry":{"type":"MultiPolygon","coordinates":[[[[-7.250673447767554,37.96451921419261],[-7.262432892023336,37.97985557149239],[-7.245680162429551,37.99218556465603],[-7.120706225758049,38.00463282012606],[-7.128319441522134,38.029504753555685],[-7.099317826609888,38.04367708998375],[-7.046775025986268,38.01424895046854],[-7.002008040421669,38.02239131410764],[-6.986829731249815,38.10386595726064],[-7.006640447425564,38.1116064546693],[-7.101884744783111,38.08869020351338],[-7.110046837884751,38.108504769598454],[-7.127302630895905,38.103984485882464],[-7.15015121295779,38.12752181801945],[-7.210792697780577,38.140040463135385],[-7.194823965047422,38.1555552045015],[-7.158696929065161,38.13967224231272],[-7.152025555933425,38.15465013191799],[-7.199148633650361,38.22405058069922],[-7.190149967121025,38.246425083838005],[-7.244146161793642,38.26312641263906],[-7.280356472664498,38.330113315207875],[-7.337142834883147,38.321014333418425],[-7.356130706175415,38.29922915697074],[-7.406570209948272,38.29864968161469],[-7.396926206278057,38.290098470174826],[-7.408287298386506,38.27639598186504],[-7.457194903195181,38.227365099481744],[-7.496592213864331,38.20607410391514],[-7.491609343409412,38.190109587971484],[-7.493004971361743,38.16522133610944],[-7.525721540676267,38.15586258581224],[-7.528225508942178,38.091753667119974],[-7.485793680507363,38.07786913817476],[-7.440803136831919,38.08497877364375],[-7.449261673885244,38.06806672621063],[-7.386076405764441,38.05198682428232],[-7.358367586981318,38.0044552396985],[-7.31212486347679,38.002941913389556],[-7.286093220255849,37.96538370009923],[-7.250673447767554,37.96451921419261]]]]}},{"type":"Feature","properties":{"fid":30,"dtmn":"0211","municipio":"Odemira","c1_declive":6.142242243051298,"c2_ambcon":3.0824315354545457,"c3_infraest":0.14486597317749014,"c4_compolit":0.20254316358924584,"c5_utiliza":3.0381241739804956,"bfi_2025":2.0691820689770872,"bfi_2025_Ranking":123.0,"BikeSharing":false,"ExtCic_AURB":1187.57,"ExtensaoCiclovias_conc":1187.57,"PopResidente_2021":29538,"Total_Valor_Euros":65019.08,"UtilizacaoBicicleta":0.008,"UtilizacaoMulheres":0.25,"area_km2":1720.6,"bfi_Ranking":123.0},"geometry":{"type":"MultiPolygon","coordinates":[[[[-8.682720467580076,37.40029352254995],[-8.639819245041329,37.375358698460694],[-8.620877670452193,37.40113436068858],[-8.573189350935316,37.41198454247805],[-8.515084456767898,37.37871763286309],[-8.454543019129861,37.373718975994876],[-8.423207549984218,37.39071385428907],[-8.417661841712635,37.419577884644966],[-8.377926511065937,37.42726495266222],[-8.377531741568145,37.45643035555243],[-8.402832540314629,37.47178545811878],[-8.37658699037147,37.50188500675581],[-8.39342405177479,37.51526061632377],[-8.357904045255646,37.53606501058673],[-8.365721120210653,37.553463439357834],[-8.311868235445395,37.57252328388112],[-8.341778618305828,37.62551187238662],[-8.330289372584714,37.666294496322486],[-8.338473713404182,37.68074948205599],[-8.382850149878342,37.679336155413985],[-8.425100095152514,37.70684655597687],[-8.466790814975068,37.70731058751877],[-8.374263907544902,37.76887330596444],[-8.39760293201195,37.78633802901404],[-8.40091679144143,37.862653721099214],[-8.434692792684498,37.87090925143604],[-8.551268387257648,37.84738271921588],[-8.54811417934581,37.81829529888529],[-8.58375118227629,37.79937037179116],[-8.587115510868074,37.75677889383994],[-8.617285630162481,37.74949701424967],[-8.66106647273194,37.768447793027576],[-8.686040145422142,37.75437151484382],[-8.734982056951496,37.81446719419435],[-8.776201697143168,37.80494695931994],[-8.792970517118771,37.81956192960872],[-8.812510163669108,37.74888328063688],[-8.810109936332838,37.74220904163996],[-8.797382652107233,37.73679317601204],[-8.792327844187843,37.72018452141976],[-8.786003842278749,37.7140035559486],[-8.796201362934651,37.7042703752772],[-8.790999278921088,37.694266367558804],[-8.800403046176376,37.66485458486673],[-8.811607534820975,37.628039836463046],[-8.811607534820975,37.61123310349615],[-8.81953406338071,37.59932721156955],[-8.811407454666607,37.58102100018661],[-8.793400240773503,37.55921226336052],[-8.785668102606742,37.53279521942636],[-8.795200962162813,37.499788457513276],[-8.800202966022008,37.461973308337754],[-8.79632162052116,37.44294791341655],[-8.74968340365162,37.43187827960452],[-8.73350395670802,37.39518549940767],[-8.682720467580076,37.40029352254995]]]]}},{"type":"Feature","properties":{"fid":31,"dtmn":"0212","municipio":"Ourique","c1_declive":5.126191329618729,"c2_ambcon":3.3456697543375813,"c3_infraest":0.0,"c4_compolit":0.0,"c5_utiliza":2.9033822092820567,"bfi_2025":1.9297130134026794,"bfi_2025_Ranking":141.0,"BikeSharing":false,"ExtCic_AURB":0.0,"ExtensaoCiclovias_conc":0.0,"PopResidente_2021":4839,"Total_Valor_Euros":0.0,"UtilizacaoBicicleta":0.0046,"UtilizacaoMulheres":0.3,"area_km2":663.31,"bfi_Ranking":141.0},"geometry":{"type":"MultiPolygon","coordinates":[[[[-8.40091679144143,37.862653721099214],[-8.39760293201195,37.78633802901404],[-8.374263907544902,37.76887330596444],[-8.466790814975068,37.70731058751877],[-8.425100095152514,37.70684655597687],[-8.382850149878342,37.679336155413985],[-8.338473713404182,37.68074948205599],[-8.330289372584714,37.666294496322486],[-8.341778618305828,37.62551187238662],[-8.311868235445395,37.57252328388112],[-8.365721120210653,37.553463439357834],[-8.357904045255646,37.53606501058673],[-8.39342405177479,37.51526061632377],[-8.37658699037147,37.50188500675581],[-8.402832540314629,37.47178545811878],[-8.377531741568145,37.45643035555243],[-8.377926511065937,37.42726495266222],[-8.329109509480478,37.4232173908369],[-8.31759233935178,37.439373617164215],[-8.266442472007352,37.409259047422346],[-8.208397229662959,37.4526688836744],[-8.241138449738186,37.491049575878435],[-8.237846352354644,37.51590594345346],[-8.264984511632202,37.560292126792945],[-8.216692286611277,37.563971950940804],[-8.16568586022526,37.60225685744977],[-8.14617266913256,37.57874983899784],[-8.139638635019072,37.62959170158571],[-8.156550717363544,37.63501967734112],[-8.162600431782646,37.68423288973374],[-8.202870242950333,37.71915517240576],[-8.197261333045823,37.72851531949161],[-8.246521546835398,37.72952631181572],[-8.18533266042146,37.78874467545337],[-8.205421104903555,37.806124052546956],[-8.291930963781727,37.78800126180637],[-8.326174059886439,37.813471017180056],[-8.330768824850853,37.84702579637668],[-8.40091679144143,37.862653721099214]]]]}},{"type":"Feature","properties":{"fid":32,"dtmn":"0213","municipio":"Serpa","c1_declive":6.922243575799117,"c2_ambcon":4.662675049179628,"c3_infraest":2.0398272559862356,"c4_compolit":0.17756412249596837,"c5_utiliza":2.441206845131539,"bfi_2025":2.891604127396879,"bfi_2025_Ranking":34.0,"BikeSharing":true,"ExtCic_AURB":2698.33,"ExtensaoCiclovias_conc":2939.81,"PopResidente_2021":13757,"Total_Valor_Euros":19900.0,"UtilizacaoBicicleta":0.012,"UtilizacaoMulheres":0.093,"area_km2":1105.63,"bfi_Ranking":34.0},"geometry":{"type":"MultiPolygon","coordinates":[[[[-7.250673447767554,37.96451921419261],[-7.286093220255849,37.96538370009923],[-7.31212486347679,38.002941913389556],[-7.358367586981318,38.0044552396985],[-7.386076405764441,38.05198682428232],[-7.449261673885244,38.06806672621063],[-7.440803136831919,38.08497877364375],[-7.485793680507363,38.07786913817476],[-7.528225508942178,38.091753667119974],[-7.525721540676267,38.15586258581224],[-7.593435217383935,38.17014957759577],[-7.608171005732785,38.128193731588205],[-7.65134833732539,38.104107848444],[-7.652893851525099,38.08416404194754],[-7.632701863342846,38.06356813334432],[-7.652410334059676,38.0539716783259],[-7.641830873377979,37.99325185990879],[-7.682327802025188,37.940310112431824],[-7.640121623183301,37.90528981557649],[-7.655401911556136,37.89345165538885],[-7.64608588387682,37.821330601637406],[-7.632922208047416,37.810258501427725],[-7.649530341364943,37.75744203912435],[-7.639436017138835,37.745969554520336],[-7.581603939195297,37.77427707258792],[-7.539531264280272,37.762123122460736],[-7.519767678873385,37.775533608960544],[-7.428113679243742,37.7413585855323],[-7.302070521599725,37.84040975434025],[-7.282156165389295,37.8976485665771],[-7.254853461719386,37.923167059440516],[-7.250673447767554,37.96451921419261]]]]}},{"type":"Feature","properties":{"fid":33,"dtmn":"0214","municipio":"Vidigueira","c1_declive":6.754346932410559,"c2_ambcon":5.0738555981731945,"c3_infraest":0.0,"c4_compolit":0.0,"c5_utiliza":2.633679911864393,"bfi_2025":2.4706345751572334,"bfi_2025_Ranking":71.0,"BikeSharing":false,"ExtCic_AURB":0.0,"ExtensaoCiclovias_conc":0.0,"PopResidente_2021":5175,"Total_Valor_Euros":0.0,"UtilizacaoBicicleta":0.0028,"UtilizacaoMulheres":0.286,"area_km2":316.61,"bfi_Ranking":71.0},"geometry":{"type":"MultiPolygon","coordinates":[[[[-7.838169339471515,38.16258671705568],[-7.818634078039602,38.155468690015866],[-7.821901775363894,38.124429516066016],[-7.803503864891298,38.108661113168],[-7.822568728623338,38.100335618993796],[-7.805151849966096,38.09394885449933],[-7.803017235889949,38.067400384383724],[-7.774355586841125,38.07963118989712],[-7.795910847966226,38.09174790705254],[-7.75656872051393,38.08812249559154],[-7.75363996219254,38.111194979781466],[-7.727595042905803,38.1205657787783],[-7.652893851525099,38.08416404194754],[-7.65134833732539,38.104107848444],[-7.608171005732785,38.128193731588205],[-7.593435217383935,38.17014957759577],[-7.525721540676267,38.15586258581224],[-7.493004971361743,38.16522133610944],[-7.491609343409412,38.190109587971484],[-7.56709202291269,38.18890602649291],[-7.635009319366579,38.20952500733067],[-7.66961818490987,38.200223206016204],[-7.759076768831644,38.24658620734027],[-7.846566291724017,38.258060239201846],[-7.853169851039723,38.22310040218145],[-7.880873500977839,38.21621944898041],[-7.847128645654783,38.19778032178547],[-7.838169339471515,38.16258671705568]]]]}},{"type":"Feature","properties":{"fid":34,"dtmn":"0301","municipio":"Amares","c1_declive":3.2877217837810124,"c2_ambcon":2.468203815324096,"c3_infraest":0.0,"c4_compolit":0.09798363862264099,"c5_utiliza":1.614770016386009,"bfi_2025":1.2883738632108552,"bfi_2025_Ranking":230.0,"BikeSharing":false,"ExtCic_AURB":0.0,"ExtensaoCiclovias_conc":0.0,"PopResidente_2021":18595,"Total_Valor_Euros":21000.0,"UtilizacaoBicicleta":0.0027,"UtilizacaoMulheres":0.111,"area_km2":81.95,"bfi_Ranking":230.0},"geometry":{"type":"MultiPolygon","coordinates":[[[[-8.433859185172828,41.604837102043966],[-8.339769430137837,41.616974549720936],[-8.314179767803838,41.64533774890355],[-8.25943105837322,41.65391586439806],[-8.246332244943373,41.65236603140217],[-8.256525522711378,41.68209117378595],[-8.27714189220196,41.68558389905978],[-8.27220155680674,41.700052814586414],[-8.326541811092175,41.67955566794226],[-8.362889810626372,41.69229831657997],[-8.407470549200248,41.662474241955614],[-8.433859185172828,41.604837102043966]]]]}},{"type":"Feature","properties":{"fid":35,"dtmn":"0302","municipio":"Barcelos","c1_declive":4.737573898514901,"c2_ambcon":2.3729937988149974,"c3_infraest":1.4254828547032208,"c4_compolit":0.13820650651102567,"c5_utiliza":2.180814312991936,"bfi_2025":1.8871807171316373,"bfi_2025_Ranking":146.0,"BikeSharing":true,"ExtCic_AURB":861.29,"ExtensaoCiclovias_conc":861.29,"PopResidente_2021":116752,"Total_Valor_Euros":177951.8,"UtilizacaoBicicleta":0.0029,"UtilizacaoMulheres":0.246,"area_km2":378.9,"bfi_Ranking":146.0},"geometry":{"type":"MultiPolygon","coordinates":[[[[-8.745742932490506,41.46863569455818],[-8.622717894754162,41.41487305388364],[-8.60731685544013,41.43120718250487],[-8.56028040303497,41.429934115138295],[-8.543152595379974,41.452876362373615],[-8.56397080770127,41.4707598735129],[-8.513671606801799,41.47769198241064],[-8.526085537027576,41.496213890758966],[-8.49597276049636,41.53759073852496],[-8.509831116721124,41.565464261119104],[-8.499742362161628,41.568887091859125],[-8.544886715630312,41.5970571451697],[-8.54074722034733,41.631308740402474],[-8.562802935436277,41.62367065692656],[-8.577310238644442,41.64295787581691],[-8.604134550653102,41.63431449781832],[-8.64328194488787,41.654379713533494],[-8.646335473986865,41.63278739966737],[-8.696823939779929,41.64068927643866],[-8.732448210988252,41.621687584971134],[-8.72192466948551,41.61274182928914],[-8.736811905646963,41.5846063677706],[-8.72333423842557,41.574856520440356],[-8.732497730711072,41.52702811607423],[-8.715201615744995,41.528709743582446],[-8.701035768745587,41.49639821883736],[-8.73317762787477,41.49146186674182],[-8.745742932490506,41.46863569455818]]]]}},{"type":"Feature","properties":{"fid":36,"dtmn":"0303","municipio":"Braga","c1_declive":3.886854971759605,"c2_ambcon":6.112972188985648,"c3_infraest":2.1688897174182324,"c4_compolit":0.3427940521576074,"c5_utiliza":1.9156910498954827,"bfi_2025":2.9108479941875482,"bfi_2025_Ranking":33.0,"BikeSharing":false,"ExtCic_AURB":24813.08,"ExtensaoCiclovias_conc":24830.4,"PopResidente_2021":193324,"Total_Valor_Euros":818271.38,"UtilizacaoBicicleta":0.0034,"UtilizacaoMulheres":0.16,"area_km2":183.4,"bfi_Ranking":33.0},"geometry":{"type":"MultiPolygon","coordinates":[[[[-8.513671606801799,41.47769198241064],[-8.435329140994686,41.46373040575681],[-8.39425662051059,41.490275754959846],[-8.378303810917933,41.5324609928457],[-8.30551468965168,41.54322439630703],[-8.296615042920882,41.562513276859825],[-8.34342221961855,41.58621790855014],[-8.339769430137837,41.616974549720936],[-8.433859185172828,41.604837102043966],[-8.499742362161628,41.568887091859125],[-8.509831116721124,41.565464261119104],[-8.49597276049636,41.53759073852496],[-8.526085537027576,41.496213890758966],[-8.513671606801799,41.47769198241064]]]]}},{"type":"Feature","properties":{"fid":37,"dtmn":"0304","municipio":"Cabeceiras de Basto","c1_declive":1.0686186352411273,"c2_ambcon":1.570898285541177,"c3_infraest":0.39221977574534966,"c4_compolit":0.3116191833078412,"c5_utiliza":2.5556813437917003,"bfi_2025":1.1711014842656526,"bfi_2025_Ranking":244.0,"BikeSharing":false,"ExtCic_AURB":1710.24,"ExtensaoCiclovias_conc":4716.63,"PopResidente_2021":15558,"Total_Valor_Euros":49900.0,"UtilizacaoBicicleta":0.0004,"UtilizacaoMulheres":0.333,"area_km2":241.82,"bfi_Ranking":244.0},"geometry":{"type":"MultiPolygon","coordinates":[[[[-8.066308469385184,41.4879364166162],[-7.938690827444884,41.44704662988209],[-7.937984604674654,41.477760984299294],[-7.904196254456751,41.48894277828842],[-7.894303646959898,41.51321085814117],[-7.861352168418053,41.5117830105416],[-7.812149293779768,41.57849900532867],[-7.850912807906615,41.61507286831562],[-7.876487194722036,41.589554444410616],[-7.904266612100523,41.58689798345227],[-7.996605925584229,41.60308345610296],[-8.000875911771956,41.616198266322456],[-8.051924447952281,41.58590687140655],[-8.06701106332707,41.557521531497336],[-8.05518626833962,41.5305246965556],[-8.066308469385184,41.4879364166162]]]]}},{"type":"Feature","properties":{"fid":38,"dtmn":"0305","municipio":"Celorico de Basto","c1_declive":1.3807842326782032,"c2_ambcon":1.5115803066789535,"c3_infraest":2.540379291624177,"c4_compolit":0.0,"c5_utiliza":1.6333008767872776,"bfi_2025":1.4777284982010586,"bfi_2025_Ranking":202.0,"BikeSharing":false,"ExtCic_AURB":10640.72,"ExtensaoCiclovias_conc":23055.9,"PopResidente_2021":17643,"Total_Valor_Euros":0.0,"UtilizacaoBicicleta":0.0015,"UtilizacaoMulheres":0.083,"area_km2":181.07,"bfi_Ranking":202.0},"geometry":{"type":"MultiPolygon","coordinates":[[[[-8.118752227878417,41.34379353019487],[-8.0865093207274,41.329348843320105],[-8.065371282202701,41.34327682636017],[-8.028107492838394,41.31925144226197],[-7.974168100319712,41.375195775278875],[-7.967555500993312,41.39196690696486],[-7.981071165024458,41.39487214108676],[-7.938690827444884,41.44704662988209],[-8.066308469385184,41.4879364166162],[-8.070052659816499,41.45969036755307],[-8.110280456082744,41.42174926860584],[-8.116756363150772,41.376684129433485],[-8.14028107049064,41.372949537614495],[-8.14645544717036,41.36030544006858],[-8.118752227878417,41.34379353019487]]]]}},{"type":"Feature","properties":{"fid":39,"dtmn":"0306","municipio":"Esposende","c1_declive":7.191864776978262,"c2_ambcon":4.197581681535253,"c3_infraest":2.0745507473671814,"c4_compolit":0.2875184636166068,"c5_utiliza":3.1428011557337054,"bfi_2025":2.9732835087934975,"bfi_2025_Ranking":32.0,"BikeSharing":true,"ExtCic_AURB":7068.02,"ExtensaoCiclovias_conc":7808.72,"PopResidente_2021":35132,"Total_Valor_Euros":147875.0,"UtilizacaoBicicleta":0.0107,"UtilizacaoMulheres":0.417,"area_km2":95.41,"bfi_Ranking":32.0},"geometry":{"type":"MultiPolygon","coordinates":[[[[-8.745742932490506,41.46863569455818],[-8.73317762787477,41.49146186674182],[-8.701035768745587,41.49639821883736],[-8.715201615744995,41.528709743582446],[-8.732497730711072,41.52702811607423],[-8.72333423842557,41.574856520440356],[-8.736811905646963,41.5846063677706],[-8.72192466948551,41.61274182928914],[-8.732448210988252,41.621687584971134],[-8.811574442094066,41.61156766181143],[-8.776428115218328,41.4719714166669],[-8.745742932490506,41.46863569455818]]]]}},{"type":"Feature","properties":{"fid":40,"dtmn":"0307","municipio":"Fafe","c1_declive":2.0622235784654652,"c2_ambcon":2.504198420818099,"c3_infraest":1.9077056048451257,"c4_compolit":0.030439552238992473,"c5_utiliza":2.21959874718216,"bfi_2025":1.7592060241465832,"bfi_2025_Ranking":168.0,"BikeSharing":true,"ExtCic_AURB":7343.07,"ExtensaoCiclovias_conc":8348.69,"PopResidente_2021":48497,"Total_Valor_Euros":18500.0,"UtilizacaoBicicleta":0.0013,"UtilizacaoMulheres":0.258,"area_km2":219.08,"bfi_Ranking":168.0},"geometry":{"type":"MultiPolygon","coordinates":[[[[-8.223311505985333,41.40872476411431],[-8.185521381527138,41.409965564503594],[-8.14028107049064,41.372949537614495],[-8.116756363150772,41.376684129433485],[-8.110280456082744,41.42174926860584],[-8.070052659816499,41.45969036755307],[-8.066308469385184,41.4879364166162],[-8.05518626833962,41.5305246965556],[-8.06701106332707,41.557521531497336],[-8.146923798191109,41.54854680505189],[-8.18837027636578,41.547826976740446],[-8.22034101078956,41.54426084706017],[-8.235422022559979,41.51725762151423],[-8.217456424913056,41.481546347981414],[-8.238925998987458,41.44638102092446],[-8.22134705371735,41.421353077493414],[-8.24796090923609,41.41500173097217],[-8.223311505985333,41.40872476411431]]]]}},{"type":"Feature","properties":{"fid":41,"dtmn":"0308","municipio":"Guimarães","c1_declive":2.9762045299272804,"c2_ambcon":3.966393294201951,"c3_infraest":1.9149191971698079,"c4_compolit":0.09310193718715185,"c5_utiliza":1.7377902241084908,"bfi_2025":2.1341270080947963,"bfi_2025_Ranking":107.0,"BikeSharing":false,"ExtCic_AURB":17033.17,"ExtensaoCiclovias_conc":20197.89,"PopResidente_2021":156830,"Total_Valor_Euros":129693.0,"UtilizacaoBicicleta":0.002,"UtilizacaoMulheres":0.149,"area_km2":241.0,"bfi_Ranking":107.0},"geometry":{"type":"MultiPolygon","coordinates":[[[[-8.386664657002802,41.38141478568186],[-8.393697172206835,41.36199284166479],[-8.326085323619631,41.376850675245315],[-8.315522898311123,41.37337492827602],[-8.326515384287125,41.39527536049002],[-8.311695347901408,41.40501990271775],[-8.26913529134595,41.38208344682668],[-8.264546591433751,41.39810509582582],[-8.247120528619512,41.391958221043204],[-8.222302166358034,41.39347504952896],[-8.223311505985333,41.40872476411431],[-8.24796090923609,41.41500173097217],[-8.22134705371735,41.421353077493414],[-8.238925998987458,41.44638102092446],[-8.217456424913056,41.481546347981414],[-8.235422022559979,41.51725762151423],[-8.22034101078956,41.54426084706017],[-8.18837027636578,41.547826976740446],[-8.19588084997997,41.56924832224959],[-8.228518974905926,41.55407547329818],[-8.243820353544837,41.518570890525865],[-8.261764598517749,41.541203531406516],[-8.29410577586126,41.52491116545444],[-8.30551468965168,41.54322439630703],[-8.378303810917933,41.5324609928457],[-8.39425662051059,41.490275754959846],[-8.435329140994686,41.46373040575681],[-8.400025023437616,41.44304186505268],[-8.40369759065764,41.42862918042681],[-8.37787776026904,41.42341644816804],[-8.386664657002802,41.38141478568186]]]]}},{"type":"Feature","properties":{"fid":42,"dtmn":"0309","municipio":"Póvoa de Lanhoso","c1_declive":2.131812014472892,"c2_ambcon":2.129594872933718,"c3_infraest":0.0,"c4_compolit":0.027718697841420375,"c5_utiliza":2.8763606856314796,"bfi_2025":1.3263957963752988,"bfi_2025_Ranking":227.0,"BikeSharing":false,"ExtCic_AURB":0.0,"ExtensaoCiclovias_conc":0.0,"PopResidente_2021":21775,"Total_Valor_Euros":9776.37,"UtilizacaoBicicleta":0.0009,"UtilizacaoMulheres":0.4,"area_km2":134.65,"bfi_Ranking":227.0},"geometry":{"type":"MultiPolygon","coordinates":[[[[-8.30551468965168,41.54322439630703],[-8.29410577586126,41.52491116545444],[-8.261764598517749,41.541203531406516],[-8.243820353544837,41.518570890525865],[-8.228518974905926,41.55407547329818],[-8.19588084997997,41.56924832224959],[-8.18837027636578,41.547826976740446],[-8.146923798191109,41.54854680505189],[-8.150062624875348,41.5876587815818],[-8.206318680261715,41.599789825622786],[-8.188950272035866,41.61749326885224],[-8.21279051299386,41.63467339395655],[-8.246404637372184,41.62796565832967],[-8.25943105837322,41.65391586439806],[-8.314179767803838,41.64533774890355],[-8.339769430137837,41.616974549720936],[-8.34342221961855,41.58621790855014],[-8.296615042920882,41.562513276859825],[-8.30551468965168,41.54322439630703]]]]}},{"type":"Feature","properties":{"fid":43,"dtmn":"0310","municipio":"Terras de Bouro","c1_declive":0.39671344233440164,"c2_ambcon":1.6598572816788035,"c3_infraest":0.0,"c4_compolit":0.0,"c5_utiliza":1.4898765232222178,"bfi_2025":0.7526109692975846,"bfi_2025_Ranking":275.0,"BikeSharing":false,"ExtCic_AURB":0.0,"ExtensaoCiclovias_conc":0.0,"PopResidente_2021":6358,"Total_Valor_Euros":0.0,"UtilizacaoBicicleta":0.0011,"UtilizacaoMulheres":0.0,"area_km2":277.46,"bfi_Ranking":275.0},"geometry":{"type":"MultiPolygon","coordinates":[[[[-8.308322626052648,41.761071524954914],[-8.306920106303398,41.72094606209799],[-8.362889810626372,41.69229831657997],[-8.326541811092175,41.67955566794226],[-8.27220155680674,41.700052814586414],[-8.27714189220196,41.68558389905978],[-8.256525522711378,41.68209117378595],[-8.246332244943373,41.65236603140217],[-8.198021281211261,41.65386609101312],[-8.169924628233007,41.68091168732294],[-8.119465073377146,41.689238077232375],[-8.061779613206248,41.76063028576146],[-8.051242522159798,41.81947010473112],[-8.093917054058425,41.80803533102999],[-8.165013112059897,41.81811318006406],[-8.271656440544334,41.77120616286689],[-8.294438201675453,41.7808951356929],[-8.308322626052648,41.761071524954914]]]]}},{"type":"Feature","properties":{"fid":44,"dtmn":"0311","municipio":"Vieira do Minho","c1_declive":1.0776887483984767,"c2_ambcon":1.8189209156472532,"c3_infraest":0.4044704077131073,"c4_compolit":0.0,"c5_utiliza":2.0284591100860254,"bfi_2025":1.0693085276971428,"bfi_2025_Ranking":255.0,"BikeSharing":false,"ExtCic_AURB":1575.25,"ExtensaoCiclovias_conc":1932.88,"PopResidente_2021":11955,"Total_Valor_Euros":0.0,"UtilizacaoBicicleta":0.0013,"UtilizacaoMulheres":0.167,"area_km2":216.44,"bfi_Ranking":255.0},"geometry":{"type":"MultiPolygon","coordinates":[[[[-8.146923798191109,41.54854680505189],[-8.06701106332707,41.557521531497336],[-8.051924447952281,41.58590687140655],[-8.000875911771956,41.616198266322456],[-7.989142157224716,41.68488338881509],[-8.037295438589112,41.70075388580907],[-8.119465073377146,41.689238077232375],[-8.169924628233007,41.68091168732294],[-8.198021281211261,41.65386609101312],[-8.246332244943373,41.65236603140217],[-8.25943105837322,41.65391586439806],[-8.246404637372184,41.62796565832967],[-8.21279051299386,41.63467339395655],[-8.188950272035866,41.61749326885224],[-8.206318680261715,41.599789825622786],[-8.150062624875348,41.5876587815818],[-8.146923798191109,41.54854680505189]]]]}},{"type":"Feature","properties":{"fid":45,"dtmn":"0312","municipio":"Vila Nova de Famalicão","c1_declive":4.437169480486229,"c2_ambcon":4.299104006508325,"c3_infraest":1.915594677410949,"c4_compolit":0.11336827240952904,"c5_utiliza":1.5295354565031147,"bfi_2025":2.3259723648109705,"bfi_2025_Ranking":81.0,"BikeSharing":true,"ExtCic_AURB":15799.02,"ExtensaoCiclovias_conc":16927.19,"PopResidente_2021":133534,"Total_Valor_Euros":201280.0,"UtilizacaoBicicleta":0.0023,"UtilizacaoMulheres":0.125,"area_km2":201.59,"bfi_Ranking":81.0},"geometry":{"type":"MultiPolygon","coordinates":[[[[-8.516177173076752,41.34631855997438],[-8.501414331929634,41.368348848950866],[-8.452283091255477,41.37562316591455],[-8.431796069973071,41.36290682858967],[-8.386664657002802,41.38141478568186],[-8.37787776026904,41.42341644816804],[-8.40369759065764,41.42862918042681],[-8.400025023437616,41.44304186505268],[-8.435329140994686,41.46373040575681],[-8.513671606801799,41.47769198241064],[-8.56397080770127,41.4707598735129],[-8.543152595379974,41.452876362373615],[-8.56028040303497,41.429934115138295],[-8.60731685544013,41.43120718250487],[-8.622717894754162,41.41487305388364],[-8.590646977734542,41.400080155056706],[-8.623321307688085,41.38273566505488],[-8.610623579010413,41.341111645850255],[-8.516177173076752,41.34631855997438]]]]}},{"type":"Feature","properties":{"fid":46,"dtmn":"0313","municipio":"Vila Verde","c1_declive":3.3324014018859245,"c2_ambcon":2.2273433889994108,"c3_infraest":0.43103723806424693,"c4_compolit":0.11025273362417914,"c5_utiliza":1.7664724889783896,"bfi_2025":1.3731803414750208,"bfi_2025_Ranking":221.0,"BikeSharing":false,"ExtCic_AURB":6898.67,"ExtensaoCiclovias_conc":6898.67,"PopResidente_2021":46444,"Total_Valor_Euros":108651.0,"UtilizacaoBicicleta":0.0024,"UtilizacaoMulheres":0.172,"area_km2":228.67,"bfi_Ranking":221.0},"geometry":{"type":"MultiPolygon","coordinates":[[[[-8.499742362161628,41.568887091859125],[-8.433859185172828,41.604837102043966],[-8.407470549200248,41.662474241955614],[-8.362889810626372,41.69229831657997],[-8.306920106303398,41.72094606209799],[-8.308322626052648,41.761071524954914],[-8.374925356072122,41.7703856589638],[-8.461479746472861,41.732261992988555],[-8.485997911092314,41.72720289405068],[-8.493475370274114,41.741548417517656],[-8.518427914481244,41.726156281684034],[-8.521765175271106,41.67957410713896],[-8.547360038442418,41.663275006431554],[-8.54074722034733,41.631308740402474],[-8.544886715630312,41.5970571451697],[-8.499742362161628,41.568887091859125]]]]}},{"type":"Feature","properties":{"fid":47,"dtmn":"0314","municipio":"Vizela","c1_declive":2.20243671754704,"c2_ambcon":4.560122187550233,"c3_infraest":0.44867476499728776,"c4_compolit":0.0,"c5_utiliza":2.0309208900007247,"bfi_2025":1.8786270878917293,"bfi_2025_Ranking":148.0,"BikeSharing":false,"ExtCic_AURB":1925.21,"ExtensaoCiclovias_conc":1925.21,"PopResidente_2021":23896,"Total_Valor_Euros":0.0,"UtilizacaoBicicleta":0.0014,"UtilizacaoMulheres":0.2,"area_km2":24.7,"bfi_Ranking":148.0},"geometry":{"type":"MultiPolygon","coordinates":[[[[-8.316449703966024,41.35125965939942],[-8.278378327569364,41.34582794895558],[-8.277854111254392,41.36941267862409],[-8.247120528619512,41.391958221043204],[-8.264546591433751,41.39810509582582],[-8.26913529134595,41.38208344682668],[-8.311695347901408,41.40501990271775],[-8.326515384287125,41.39527536049002],[-8.315522898311123,41.37337492827602],[-8.326085323619631,41.376850675245315],[-8.316449703966024,41.35125965939942]]]]}},{"type":"Feature","properties":{"fid":48,"dtmn":"0401","municipio":"Alfândega da Fé","c1_declive":2.061877359567496,"c2_ambcon":2.116383817087191,"c3_infraest":0.0,"c4_compolit":0.0,"c5_utiliza":1.1732704834619168,"bfi_2025":0.9699377869209308,"bfi_2025_Ranking":270.0,"BikeSharing":false,"ExtCic_AURB":0.0,"ExtensaoCiclovias_conc":0.0,"PopResidente_2021":4324,"Total_Valor_Euros":0.0,"UtilizacaoBicicleta":0.0,"UtilizacaoMulheres":0.0,"area_km2":321.95,"bfi_Ranking":270.0},"geometry":{"type":"MultiPolygon","coordinates":[[[[-6.920933064480749,41.24138384147744],[-6.910932128019756,41.25733628519555],[-6.879873957883351,41.25720078346492],[-6.87334731854613,41.288623959195476],[-6.826637078540878,41.32360614374239],[-6.823920741254458,41.34845874746365],[-6.881593028224371,41.36063827359628],[-6.856724518251073,41.40368950804641],[-6.946845408893791,41.47172569956605],[-7.009294911143711,41.419509059094516],[-7.05454971615602,41.41441146842999],[-7.061931352034248,41.41270584438427],[-7.032632375168381,41.37074249158505],[-7.069548519453157,41.30911928527423],[-6.986117482690045,41.25445874685322],[-6.920933064480749,41.24138384147744]]]]}},{"type":"Feature","properties":{"fid":49,"dtmn":"0402","municipio":"Bragança","c1_declive":3.419033682414223,"c2_ambcon":2.93328933728802,"c3_infraest":3.3946970192984827,"c4_compolit":0.1998289687701308,"c5_utiliza":2.0546053599586034,"bfi_2025":2.3747868231337947,"bfi_2025_Ranking":76.0,"BikeSharing":true,"ExtCic_AURB":22486.16,"ExtensaoCiclovias_conc":37202.07,"PopResidente_2021":34582,"Total_Valor_Euros":84000.0,"UtilizacaoBicicleta":0.003,"UtilizacaoMulheres":0.231,"area_km2":1173.57,"bfi_Ranking":76.0},"geometry":{"type":"MultiPolygon","coordinates":[[[[-6.88391289550392,41.69742578764666],[-6.914213070581692,41.62305816897934],[-6.899772827922612,41.58348490854985],[-6.803867711252129,41.59572528233179],[-6.800485076523982,41.57641429319559],[-6.723579269568936,41.53547984679578],[-6.674004879643201,41.53652155327181],[-6.677191502971881,41.57271787242389],[-6.635983751026193,41.63289750636442],[-6.645019431001392,41.66382926795912],[-6.576125327455983,41.6564650761431],[-6.553789473316114,41.693267218647996],[-6.548851539266366,41.72548177817281],[-6.568897899128563,41.74359775410522],[-6.515514119050422,41.87165843537827],[-6.571179417211156,41.883495429952646],[-6.549394946035908,41.9445431382936],[-6.588307107333815,41.96756649397885],[-6.621386322414055,41.939736754967086],[-6.726227372629404,41.93703307222547],[-6.750582410933408,41.94364552014948],[-6.768685822411394,41.984090227082135],[-6.81134792108073,41.99252128272702],[-6.82160673466135,41.94600536446131],[-6.885395786038705,41.940337642522515],[-6.904747524796059,41.90503109855646],[-6.882788471567887,41.876439452469825],[-6.89719495583939,41.83974629989048],[-6.954484113073305,41.825195367072126],[-6.908299112152864,41.80365023291755],[-6.94797010287814,41.76164565885789],[-6.930199215827393,41.728615351387056],[-6.860957079898805,41.715345413984444],[-6.88391289550392,41.69742578764666]]]]}},{"type":"Feature","properties":{"fid":50,"dtmn":"0403","municipio":"Carrazeda de Ansiães","c1_declive":3.179949149051229,"c2_ambcon":2.10892367215659,"c3_infraest":0.0,"c4_compolit":8.02881231363889,"c5_utiliza":1.3125464519319014,"bfi_2025":2.7134975860584287,"bfi_2025_Ranking":49.0,"BikeSharing":false,"ExtCic_AURB":0.0,"ExtensaoCiclovias_conc":0.0,"PopResidente_2021":5490,"Total_Valor_Euros":814767.94,"UtilizacaoBicicleta":0.0,"UtilizacaoMulheres":0.0,"area_km2":279.24,"bfi_Ranking":49.0},"geometry":{"type":"MultiPolygon","coordinates":[[[[-7.431892067944758,41.21080151884019],[-7.390535670975307,41.19533111399298],[-7.357507036120513,41.147957601647086],[-7.304573035638722,41.13952476739946],[-7.223713441674767,41.13636955756933],[-7.210151008370266,41.1804516518864],[-7.187165356022099,41.192710133667106],[-7.201946967040884,41.20821765041439],[-7.19488305011898,41.231808480454625],[-7.232747674614624,41.23115528774588],[-7.246849521507628,41.265491194142584],[-7.237746115469331,41.29226776736225],[-7.298174884080344,41.29841830544633],[-7.270545826540095,41.332797345920106],[-7.295484523989253,41.335901395064326],[-7.314704322536826,41.33839021785661],[-7.362532675103789,41.324013929145224],[-7.375686387332816,41.313641923509934],[-7.362238709510563,41.30384619754889],[-7.391882202640909,41.28452871362536],[-7.387378974832037,41.24450266676437],[-7.414245604147688,41.24836938353537],[-7.431892067944758,41.21080151884019]]]]}},{"type":"Feature","properties":{"fid":51,"dtmn":"0404","municipio":"Freixo de Espada à Cinta","c1_declive":2.230826844370897,"c2_ambcon":3.665488977733782,"c3_infraest":0.0,"c4_compolit":0.0,"c5_utiliza":1.7993794123953435,"bfi_2025":1.4993308113496038,"bfi_2025_Ranking":199.0,"BikeSharing":false,"ExtCic_AURB":0.0,"ExtensaoCiclovias_conc":0.0,"PopResidente_2021":3216,"Total_Valor_Euros":0.0,"UtilizacaoBicicleta":0.0008,"UtilizacaoMulheres":0.0,"area_km2":244.14,"bfi_Ranking":199.0},"geometry":{"type":"MultiPolygon","coordinates":[[[[-6.983585929285128,41.02624967831796],[-6.931356647135615,41.029411125949814],[-6.808931005375519,41.036496486241795],[-6.754193816823937,41.104061670232745],[-6.768693596530333,41.133718790638156],[-6.709106890928091,41.17265571104306],[-6.689978723292215,41.205186397619585],[-6.736975996981049,41.248600079516926],[-6.764626322688224,41.236671378623015],[-6.780850770473027,41.20198158555758],[-6.811689362357413,41.19357686996607],[-6.818664371133448,41.18059203170243],[-6.79817556593753,41.15471381481946],[-6.809533051780257,41.1440067476833],[-6.908679260154217,41.10301961239884],[-6.987339833790653,41.10695381503479],[-6.967613240161572,41.06122503347193],[-6.994736220926507,41.03307498736931],[-6.983585929285128,41.02624967831796]]]]}},{"type":"Feature","properties":{"fid":52,"dtmn":"0405","municipio":"Macedo de Cavaleiros","c1_declive":3.4950480970557862,"c2_ambcon":2.090769049755901,"c3_infraest":1.0278784219359427,"c4_compolit":0.45543019335954943,"c5_utiliza":1.9632761307262063,"bfi_2025":1.6129079424456907,"bfi_2025_Ranking":186.0,"BikeSharing":false,"ExtCic_AURB":4188.74,"ExtensaoCiclovias_conc":11563.27,"PopResidente_2021":14251,"Total_Valor_Euros":77358.0,"UtilizacaoBicicleta":0.0012,"UtilizacaoMulheres":0.143,"area_km2":699.14,"bfi_Ranking":186.0},"geometry":{"type":"MultiPolygon","coordinates":[[[[-7.05454971615602,41.41441146842999],[-7.009294911143711,41.419509059094516],[-6.946845408893791,41.47172569956605],[-6.856724518251073,41.40368950804641],[-6.809356496760346,41.4279006338797],[-6.805814737583423,41.40737285900586],[-6.786356573590412,41.40842462006035],[-6.671363715452149,41.45548836902394],[-6.658561299226493,41.49027365999105],[-6.674004879643201,41.53652155327181],[-6.723579269568936,41.53547984679578],[-6.800485076523982,41.57641429319559],[-6.803867711252129,41.59572528233179],[-6.899772827922612,41.58348490854985],[-6.914213070581692,41.62305816897934],[-6.88391289550392,41.69742578764666],[-6.921730389925069,41.698068235141164],[-6.928198950130329,41.67975900483417],[-6.993175801427229,41.70130362704245],[-7.037187513795296,41.67113241877328],[-7.052609194711089,41.69477740979799],[-7.11072031289066,41.71134257380054],[-7.124298164460741,41.69796434562581],[-7.129556679956059,41.67724346687974],[-7.100967160748082,41.65421018278796],[-7.110592782713378,41.626986499287],[-7.081832274179946,41.61479491086724],[-7.091729274057446,41.593198735490596],[-7.070353674469441,41.5756318682306],[-7.036242172276787,41.57923855745187],[-7.039110463854149,41.53784386689875],[-7.069986156295465,41.50537190305337],[-7.029187236874889,41.4633441672552],[-7.05454971615602,41.41441146842999]]]]}},{"type":"Feature","properties":{"fid":53,"dtmn":"0406","municipio":"Miranda do Douro","c1_declive":5.59776220810746,"c2_ambcon":2.832688993591446,"c3_infraest":0.0,"c4_compolit":0.0,"c5_utiliza":2.277844276484298,"bfi_2025":1.7235173245054671,"bfi_2025_Ranking":171.0,"BikeSharing":false,"ExtCic_AURB":0.0,"ExtensaoCiclovias_conc":0.0,"PopResidente_2021":6463,"Total_Valor_Euros":0.0,"UtilizacaoBicicleta":0.0039,"UtilizacaoMulheres":0.2,"area_km2":487.18,"bfi_Ranking":171.0},"geometry":{"type":"MultiPolygon","coordinates":[[[[-6.419856082282558,41.34351912816115],[-6.376836852029347,41.359331606102664],[-6.393482182817827,41.36986286473274],[-6.388329450785128,41.38555336399789],[-6.317660427470763,41.38574214921265],[-6.333269488322757,41.41032699805225],[-6.300046751545387,41.428703949283545],[-6.305281967803468,41.44970972943676],[-6.25098929503467,41.50019678000378],[-6.257750569190728,41.51411086812103],[-6.189159307482949,41.574831802431085],[-6.289082356396693,41.655827324888236],[-6.378380029241849,41.674355999491304],[-6.388529422524406,41.650838888201626],[-6.372634742222293,41.60695241730308],[-6.412317283824152,41.55125813598551],[-6.371274717076585,41.52986028209782],[-6.367070485254485,41.510459126986895],[-6.386810057616496,41.49078678433258],[-6.416508265385229,41.49638396797984],[-6.434643364249177,41.536006130435624],[-6.467144600152258,41.55059278204119],[-6.499735867202828,41.51162205669714],[-6.479436114268505,41.491630923354336],[-6.486523749974843,41.46652629239899],[-6.532481261797418,41.450151505861086],[-6.419856082282558,41.34351912816115]]]]}},{"type":"Feature","properties":{"fid":54,"dtmn":"0407","municipio":"Mirandela","c1_declive":3.1454728527655713,"c2_ambcon":3.209166719711378,"c3_infraest":0.9260111937094802,"c4_compolit":0.6757307916720439,"c5_utiliza":1.4743479130573336,"bfi_2025":1.7783575045776472,"bfi_2025_Ranking":164.0,"BikeSharing":false,"ExtCic_AURB":5618.12,"ExtensaoCiclovias_conc":14339.99,"PopResidente_2021":21384,"Total_Valor_Euros":150500.0,"UtilizacaoBicicleta":0.002,"UtilizacaoMulheres":0.053,"area_km2":658.96,"bfi_Ranking":164.0},"geometry":{"type":"MultiPolygon","coordinates":[[[[-7.365322947527047,41.44042284457329],[-7.361590648963803,41.36478266544585],[-7.314704322536826,41.33839021785661],[-7.295484523989253,41.335901395064326],[-7.200819581083046,41.38863026177792],[-7.141942036229933,41.373511930686206],[-7.117736743124849,41.391391352688075],[-7.123605474266316,41.40798931903697],[-7.061931352034248,41.41270584438427],[-7.05454971615602,41.41441146842999],[-7.029187236874889,41.4633441672552],[-7.069986156295465,41.50537190305337],[-7.039110463854149,41.53784386689875],[-7.036242172276787,41.57923855745187],[-7.070353674469441,41.5756318682306],[-7.091729274057446,41.593198735490596],[-7.081832274179946,41.61479491086724],[-7.110592782713378,41.626986499287],[-7.100967160748082,41.65421018278796],[-7.129556679956059,41.67724346687974],[-7.124298164460741,41.69796434562581],[-7.188677381402307,41.73522514280672],[-7.258716998137285,41.59143909524978],[-7.258401496887538,41.563199645350515],[-7.229112297712502,41.52279750463113],[-7.283954601792117,41.51562776948264],[-7.298308530884544,41.46458132169177],[-7.365322947527047,41.44042284457329]]]]}},{"type":"Feature","properties":{"fid":55,"dtmn":"0408","municipio":"Mogadouro","c1_declive":3.654428635086986,"c2_ambcon":2.3273991263792655,"c3_infraest":0.0,"c4_compolit":0.0,"c5_utiliza":1.2727779869136127,"bfi_2025":1.2018482424862376,"bfi_2025_Ranking":239.0,"BikeSharing":false,"ExtCic_AURB":0.0,"ExtensaoCiclovias_conc":0.0,"PopResidente_2021":8301,"Total_Valor_Euros":0.0,"UtilizacaoBicicleta":0.0003,"UtilizacaoMulheres":0.0,"area_km2":760.65,"bfi_Ranking":239.0},"geometry":{"type":"MultiPolygon","coordinates":[[[[-6.689978723292215,41.205186397619585],[-6.647909299609407,41.247844460743686],[-6.599762892706805,41.24346842986676],[-6.591608637562654,41.25523723163156],[-6.57132982424554,41.2390420034494],[-6.522598480774628,41.275626701970324],[-6.509674854552719,41.26403740546499],[-6.480365731338619,41.27347923205945],[-6.490187654095409,41.28870155126015],[-6.437630003991874,41.30532092408088],[-6.419856082282558,41.34351912816115],[-6.532481261797418,41.450151505861086],[-6.607090912472891,41.45169792935835],[-6.623652113912291,41.46731071960517],[-6.671363715452149,41.45548836902394],[-6.786356573590412,41.40842462006035],[-6.805814737583423,41.40737285900586],[-6.809356496760346,41.4279006338797],[-6.856724518251073,41.40368950804641],[-6.881593028224371,41.36063827359628],[-6.823920741254458,41.34845874746365],[-6.826637078540878,41.32360614374239],[-6.87334731854613,41.288623959195476],[-6.879873957883351,41.25720078346492],[-6.910932128019756,41.25733628519555],[-6.920933064480749,41.24138384147744],[-6.897849561206079,41.22313953412424],[-6.852407959932481,41.22657515782103],[-6.811689362357413,41.19357686996607],[-6.780850770473027,41.20198158555758],[-6.764626322688224,41.236671378623015],[-6.736975996981049,41.248600079516926],[-6.689978723292215,41.205186397619585]]]]}},{"type":"Feature","properties":{"fid":56,"dtmn":"0409","municipio":"Torre de Moncorvo","c1_declive":2.728879734310655,"c2_ambcon":2.6706279507078134,"c3_infraest":4.3106393383917165,"c4_compolit":0.19251080724856257,"c5_utiliza":1.2842579018484397,"bfi_2025":2.3135585375253487,"bfi_2025_Ranking":83.0,"BikeSharing":false,"ExtCic_AURB":8970.94,"ExtensaoCiclovias_conc":34995.19,"PopResidente_2021":6826,"Total_Valor_Euros":19985.0,"UtilizacaoBicicleta":0.0008,"UtilizacaoMulheres":0.0,"area_km2":531.56,"bfi_Ranking":83.0},"geometry":{"type":"MultiPolygon","coordinates":[[[[-7.223713441674767,41.13636955756933],[-7.163751721514815,41.12613495558762],[-7.116883488735484,41.17903034913371],[-7.114666142485814,41.15082437639739],[-7.130136663787112,41.13763821541929],[-7.083855565196605,41.125999463071864],[-7.102319679857247,41.08090815833641],[-6.994736220926507,41.03307498736931],[-6.967613240161572,41.06122503347193],[-6.987339833790653,41.10695381503479],[-6.908679260154217,41.10301961239884],[-6.809533051780257,41.1440067476833],[-6.79817556593753,41.15471381481946],[-6.818664371133448,41.18059203170243],[-6.811689362357413,41.19357686996607],[-6.852407959932481,41.22657515782103],[-6.897849561206079,41.22313953412424],[-6.920933064480749,41.24138384147744],[-6.986117482690045,41.25445874685322],[-7.069548519453157,41.30911928527423],[-7.097062786388021,41.23442733561217],[-7.148912403270196,41.25799958650012],[-7.19488305011898,41.231808480454625],[-7.201946967040884,41.20821765041439],[-7.187165356022099,41.192710133667106],[-7.210151008370266,41.1804516518864],[-7.223713441674767,41.13636955756933]]]]}},{"type":"Feature","properties":{"fid":57,"dtmn":"0410","municipio":"Vila Flor","c1_declive":2.565167273351532,"c2_ambcon":2.355257380980385,"c3_infraest":0.0,"c4_compolit":0.0,"c5_utiliza":1.3448963255005029,"bfi_2025":1.11431033768035,"bfi_2025_Ranking":249.0,"BikeSharing":false,"ExtCic_AURB":0.0,"ExtensaoCiclovias_conc":0.0,"PopResidente_2021":6050,"Total_Valor_Euros":0.0,"UtilizacaoBicicleta":0.0,"UtilizacaoMulheres":0.0,"area_km2":265.81,"bfi_Ranking":249.0},"geometry":{"type":"MultiPolygon","coordinates":[[[[-7.19488305011898,41.231808480454625],[-7.148912403270196,41.25799958650012],[-7.097062786388021,41.23442733561217],[-7.069548519453157,41.30911928527423],[-7.032632375168381,41.37074249158505],[-7.061931352034248,41.41270584438427],[-7.123605474266316,41.40798931903697],[-7.117736743124849,41.391391352688075],[-7.141942036229933,41.373511930686206],[-7.200819581083046,41.38863026177792],[-7.295484523989253,41.335901395064326],[-7.270545826540095,41.332797345920106],[-7.298174884080344,41.29841830544633],[-7.237746115469331,41.29226776736225],[-7.246849521507628,41.265491194142584],[-7.232747674614624,41.23115528774588],[-7.19488305011898,41.231808480454625]]]]}},{"type":"Feature","properties":{"fid":58,"dtmn":"0411","municipio":"Vimioso","c1_declive":3.760533367650548,"c2_ambcon":2.434977148868416,"c3_infraest":0.0,"c4_compolit":0.0,"c5_utiliza":1.6678534783093915,"bfi_2025":1.3183683196440372,"bfi_2025_Ranking":228.0,"BikeSharing":false,"ExtCic_AURB":0.0,"ExtensaoCiclovias_conc":0.0,"PopResidente_2021":4149,"Total_Valor_Euros":0.0,"UtilizacaoBicicleta":0.0028,"UtilizacaoMulheres":0.0,"area_km2":481.59,"bfi_Ranking":228.0},"geometry":{"type":"MultiPolygon","coordinates":[[[[-6.532481261797418,41.450151505861086],[-6.486523749974843,41.46652629239899],[-6.479436114268505,41.491630923354336],[-6.499735867202828,41.51162205669714],[-6.467144600152258,41.55059278204119],[-6.434643364249177,41.536006130435624],[-6.416508265385229,41.49638396797984],[-6.386810057616496,41.49078678433258],[-6.367070485254485,41.510459126986895],[-6.371274717076585,41.52986028209782],[-6.412317283824152,41.55125813598551],[-6.372634742222293,41.60695241730308],[-6.388529422524406,41.650838888201626],[-6.378380029241849,41.674355999491304],[-6.445017686923038,41.68477119070855],[-6.457362487134719,41.666597788424696],[-6.499566921904846,41.65709887767361],[-6.553789473316114,41.693267218647996],[-6.576125327455983,41.6564650761431],[-6.645019431001392,41.66382926795912],[-6.635983751026193,41.63289750636442],[-6.677191502971881,41.57271787242389],[-6.674004879643201,41.53652155327181],[-6.658561299226493,41.49027365999105],[-6.671363715452149,41.45548836902394],[-6.623652113912291,41.46731071960517],[-6.607090912472891,41.45169792935835],[-6.532481261797418,41.450151505861086]]]]}},{"type":"Feature","properties":{"fid":59,"dtmn":"0412","municipio":"Vinhais","c1_declive":1.729832538991429,"c2_ambcon":2.0522140519302052,"c3_infraest":0.42334220379064647,"c4_compolit":0.0,"c5_utiliza":1.3453520365554825,"bfi_2025":1.0609427251404524,"bfi_2025_Ranking":258.0,"BikeSharing":false,"ExtCic_AURB":979.28,"ExtensaoCiclovias_conc":979.28,"PopResidente_2021":7768,"Total_Valor_Euros":0.0,"UtilizacaoBicicleta":0.0,"UtilizacaoMulheres":0.0,"area_km2":694.75,"bfi_Ranking":258.0},"geometry":{"type":"MultiPolygon","coordinates":[[[[-7.124298164460741,41.69796434562581],[-7.11072031289066,41.71134257380054],[-7.052609194711089,41.69477740979799],[-7.037187513795296,41.67113241877328],[-6.993175801427229,41.70130362704245],[-6.928198950130329,41.67975900483417],[-6.921730389925069,41.698068235141164],[-6.88391289550392,41.69742578764666],[-6.860957079898805,41.715345413984444],[-6.930199215827393,41.728615351387056],[-6.94797010287814,41.76164565885789],[-6.908299112152864,41.80365023291755],[-6.954484113073305,41.825195367072126],[-6.89719495583939,41.83974629989048],[-6.882788471567887,41.876439452469825],[-6.904747524796059,41.90503109855646],[-6.885395786038705,41.940337642522515],[-6.944305288069764,41.94465801901055],[-6.95780620601822,41.9689383606721],[-6.979364895677025,41.973782705539],[-7.006204607901174,41.95057425271935],[-7.071939365680684,41.9496518241411],[-7.08751024142915,41.97347710263568],[-7.141458767911797,41.990757775489264],[-7.185435394872497,41.97232400914132],[-7.189499220731279,41.941580928190966],[-7.173492251327065,41.91910232451348],[-7.200493392623468,41.87950307514517],[-7.213593771663488,41.82683837691571],[-7.193541575171257,41.78228207315084],[-7.170640234000516,41.76791556247351],[-7.175927423513791,41.73730929904851],[-7.188677381402307,41.73522514280672],[-7.124298164460741,41.69796434562581]]]]}},{"type":"Feature","properties":{"fid":60,"dtmn":"0501","municipio":"Belmonte","c1_declive":4.537275627131074,"c2_ambcon":2.642895058862105,"c3_infraest":0.0,"c4_compolit":0.0,"c5_utiliza":1.0749077689272508,"bfi_2025":1.329432881214084,"bfi_2025_Ranking":226.0,"BikeSharing":false,"ExtCic_AURB":0.0,"ExtensaoCiclovias_conc":0.0,"PopResidente_2021":6205,"Total_Valor_Euros":0.0,"UtilizacaoBicicleta":0.0018,"UtilizacaoMulheres":0.0,"area_km2":118.76,"bfi_Ranking":226.0},"geometry":{"type":"MultiPolygon","coordinates":[[[[-7.297026076875961,40.27124456288988],[-7.332556000359989,40.293932201270415],[-7.275787841585144,40.33938650824645],[-7.270392902786791,40.408057455597174],[-7.322348666596635,40.413486914960785],[-7.34377665685264,40.38208695143894],[-7.393070935620887,40.34323761644311],[-7.376037531158398,40.34063936230409],[-7.381169122054117,40.255870401557175],[-7.358221550983171,40.24517509629509],[-7.297026076875961,40.27124456288988]]]]}},{"type":"Feature","properties":{"fid":61,"dtmn":"0502","municipio":"Castelo Branco","c1_declive":4.962736458157445,"c2_ambcon":3.939746685376535,"c3_infraest":2.024277003469713,"c4_compolit":0.6999867509534472,"c5_utiliza":2.056958019783268,"bfi_2025":2.5386685221746497,"bfi_2025_Ranking":66.0,"BikeSharing":true,"ExtCic_AURB":10001.25,"ExtensaoCiclovias_conc":10565.92,"PopResidente_2021":52272,"Total_Valor_Euros":498030.0,"UtilizacaoBicicleta":0.003,"UtilizacaoMulheres":0.2,"area_km2":1438.19,"bfi_Ranking":66.0},"geometry":{"type":"MultiPolygon","coordinates":[[[[-7.742094875112595,39.73699424853733],[-7.711262191621534,39.73138576770795],[-7.619425792713323,39.79514829450844],[-7.602676742029632,39.743340180656865],[-7.495575158466036,39.73517498415969],[-7.494990116883099,39.68142119801568],[-7.516757384552891,39.665756612379624],[-7.33367564047078,39.64084648819793],[-7.257371598438247,39.66558990450665],[-7.263026706655911,39.67785860419167],[-7.226075147769345,39.70403531308783],[-7.179743441576734,39.79440170372408],[-7.247109583127947,39.798049569317584],[-7.309329925604033,39.83385346798465],[-7.35065131075881,39.830642797422904],[-7.311486447499882,39.89541031324822],[-7.357212638244674,39.97885989516583],[-7.376168850246359,39.977820972871804],[-7.398478183027593,40.01939352248002],[-7.482729831514922,39.996413365260054],[-7.497602642898004,40.05907262380324],[-7.520570918721914,40.08010262203331],[-7.640055588419311,40.08001031799472],[-7.709312772306287,40.028587668493536],[-7.691875410646979,40.007381318057746],[-7.715436304228015,39.99073701085916],[-7.719199591153542,39.9525149070031],[-7.696203720707159,39.933702175252236],[-7.741710625226914,39.92215262009181],[-7.743356186267875,39.87177569522828],[-7.774828571068109,39.86785881000295],[-7.832948546950952,39.892602695326026],[-7.850260793819323,39.8686476756377],[-7.779284377198167,39.87024963294929],[-7.75253740603503,39.818166261129754],[-7.761229015914882,39.78681760199756],[-7.742094875112595,39.73699424853733]]]]}},{"type":"Feature","properties":{"fid":62,"dtmn":"0503","municipio":"Covilhã","c1_declive":2.4080232775591677,"c2_ambcon":3.488376426842119,"c3_infraest":1.695980635418366,"c4_compolit":0.5983639540837938,"c5_utiliza":1.6365656330331726,"bfi_2025":1.983877510744431,"bfi_2025_Ranking":129.0,"BikeSharing":true,"ExtCic_AURB":3467.21,"ExtensaoCiclovias_conc":5799.32,"PopResidente_2021":46455,"Total_Valor_Euros":288968.0,"UtilizacaoBicicleta":0.0021,"UtilizacaoMulheres":0.128,"area_km2":555.6,"bfi_Ranking":129.0},"geometry":{"type":"MultiPolygon","coordinates":[[[[-7.747383903798207,40.13003964738015],[-7.673695944127499,40.137607593419304],[-7.658085854571811,40.16315089701934],[-7.588800652366343,40.15102806768506],[-7.568878381454478,40.169950766308254],[-7.580513040106663,40.188112001927024],[-7.358221550983171,40.24517509629509],[-7.381169122054117,40.255870401557175],[-7.376037531158398,40.34063936230409],[-7.393070935620887,40.34323761644311],[-7.34377665685264,40.38208695143894],[-7.429386479847333,40.391518601173004],[-7.48930119000234,40.393457516139165],[-7.537197502962779,40.31783950373157],[-7.612917222654292,40.32191346154761],[-7.618745168069864,40.29974580599668],[-7.655888068427097,40.27366530629261],[-7.78239209361259,40.22991872718934],[-7.809044874149209,40.18177626749464],[-7.747383903798207,40.13003964738015]]]]}},{"type":"Feature","properties":{"fid":63,"dtmn":"0504","municipio":"Fundão","c1_declive":4.223319169322086,"c2_ambcon":2.8512587907668268,"c3_infraest":0.1044459156390288,"c4_compolit":0.0,"c5_utiliza":1.6261070505817368,"bfi_2025":1.4864795036500198,"bfi_2025_Ranking":201.0,"BikeSharing":false,"ExtCic_AURB":711.74,"ExtensaoCiclovias_conc":2098.96,"PopResidente_2021":26503,"Total_Valor_Euros":0.0,"UtilizacaoBicicleta":0.0018,"UtilizacaoMulheres":0.091,"area_km2":700.2,"bfi_Ranking":201.0},"geometry":{"type":"MultiPolygon","coordinates":[[[[-7.709312772306287,40.028587668493536],[-7.640055588419311,40.08001031799472],[-7.520570918721914,40.08010262203331],[-7.497602642898004,40.05907262380324],[-7.482729831514922,39.996413365260054],[-7.398478183027593,40.01939352248002],[-7.376168850246359,39.977820972871804],[-7.357212638244674,39.97885989516583],[-7.357259347937386,40.0202029242132],[-7.319242582676607,40.05328953578597],[-7.284411414573782,40.124259990384004],[-7.291084026081934,40.161965192777366],[-7.2519026655342,40.201240892015186],[-7.273157645818463,40.21535373765114],[-7.262994242033068,40.22722713769423],[-7.273073246165955,40.265706510790025],[-7.297026076875961,40.27124456288988],[-7.358221550983171,40.24517509629509],[-7.580513040106663,40.188112001927024],[-7.568878381454478,40.169950766308254],[-7.588800652366343,40.15102806768506],[-7.658085854571811,40.16315089701934],[-7.673695944127499,40.137607593419304],[-7.747383903798207,40.13003964738015],[-7.731987452657028,40.10534472615823],[-7.751658834264704,40.09990392287342],[-7.74298298290861,40.092085922182065],[-7.773324821818691,40.06403125145412],[-7.787335569617152,40.08601983493043],[-7.817107137120686,40.07703953093078],[-7.796537927274755,40.077123491727484],[-7.808312099509584,40.03573663356446],[-7.748756932744715,40.01226790645421],[-7.709312772306287,40.028587668493536]]]]}},{"type":"Feature","properties":{"fid":64,"dtmn":"0505","municipio":"Idanha-a-Nova","c1_declive":4.860255598474792,"c2_ambcon":2.7301464137112177,"c3_infraest":0.05161309846942025,"c4_compolit":0.05063645207711265,"c5_utiliza":2.2689159854302337,"bfi_2025":1.645375925394108,"bfi_2025_Ranking":183.0,"BikeSharing":false,"ExtCic_AURB":184.37,"ExtensaoCiclovias_conc":184.37,"PopResidente_2021":8355,"Total_Valor_Euros":7500.0,"UtilizacaoBicicleta":0.0024,"UtilizacaoMulheres":0.143,"area_km2":1416.34,"bfi_Ranking":183.0},"geometry":{"type":"MultiPolygon","coordinates":[[[[-7.357212638244674,39.97885989516583],[-7.311486447499882,39.89541031324822],[-7.35065131075881,39.830642797422904],[-7.309329925604033,39.83385346798465],[-7.247109583127947,39.798049569317584],[-7.179743441576734,39.79440170372408],[-7.226075147769345,39.70403531308783],[-7.263026706655911,39.67785860419167],[-7.257371598438247,39.66558990450665],[-7.15134967322084,39.65307184797982],[-7.015516181647708,39.67042767301971],[-6.976832575196816,39.77232099527194],[-6.987204105421927,39.81002716724049],[-6.903591164241553,39.870705418591115],[-6.906584219634777,39.92381808345059],[-6.884953660017453,39.94069190243105],[-6.886680098159554,39.979350524296024],[-6.86378507548761,40.012009127228175],[-6.932238576747079,40.09922096711811],[-6.95962228255248,40.10044078820195],[-6.998936314695248,40.07588404756657],[-7.073365198626362,40.08574027611594],[-7.09542609425049,40.06833039459462],[-7.127082532449527,40.09099630928147],[-7.155519789874924,40.07649729802641],[-7.176679326970604,40.09244339829879],[-7.217579883859604,40.049180713480744],[-7.264720229397555,40.08788743508472],[-7.319242582676607,40.05328953578597],[-7.357259347937386,40.0202029242132],[-7.357212638244674,39.97885989516583]]]]}},{"type":"Feature","properties":{"fid":65,"dtmn":"0506","municipio":"Oleiros","c1_declive":1.6984349089432715,"c2_ambcon":2.390141844444402,"c3_infraest":0.0,"c4_compolit":0.0,"c5_utiliza":1.1575527127163803,"bfi_2025":0.9988894945487037,"bfi_2025_Ranking":267.0,"BikeSharing":false,"ExtCic_AURB":0.0,"ExtensaoCiclovias_conc":0.0,"PopResidente_2021":4904,"Total_Valor_Euros":0.0,"UtilizacaoBicicleta":0.0024,"UtilizacaoMulheres":0.0,"area_km2":471.09,"bfi_Ranking":267.0},"geometry":{"type":"MultiPolygon","coordinates":[[[[-7.92178122302652,39.81626148893998],[-7.861844260169848,39.82881801768827],[-7.850260793819323,39.8686476756377],[-7.832948546950952,39.892602695326026],[-7.774828571068109,39.86785881000295],[-7.743356186267875,39.87177569522828],[-7.741710625226914,39.92215262009181],[-7.696203720707159,39.933702175252236],[-7.719199591153542,39.9525149070031],[-7.715436304228015,39.99073701085916],[-7.691875410646979,40.007381318057746],[-7.709312772306287,40.028587668493536],[-7.748756932744715,40.01226790645421],[-7.808312099509584,40.03573663356446],[-7.864194922278109,40.058098085761245],[-7.915913270197556,40.03277343248101],[-7.901960596533963,40.00286094722364],[-7.952808988434791,40.00248859482509],[-7.963283344799186,39.97720818199788],[-8.01389095795335,39.98926246859191],[-8.005166973994399,39.97268981664813],[-8.017280494726183,39.971139530505944],[-8.031587090779436,39.98460369383459],[-8.032399407402664,39.96111054671033],[-8.086328667782254,39.96518583495498],[-8.086898720767584,39.94323119851839],[-8.04000384418725,39.90341152680709],[-8.002934833997273,39.901426451427525],[-7.985676373724385,39.87708617003339],[-7.915927658726325,39.85500295358023],[-7.92178122302652,39.81626148893998]]]]}},{"type":"Feature","properties":{"fid":66,"dtmn":"0507","municipio":"Penamacor","c1_declive":4.430731820281833,"c2_ambcon":2.501101410455383,"c3_infraest":0.0,"c4_compolit":0.0,"c5_utiliza":1.545701051095099,"bfi_2025":1.3774887448610489,"bfi_2025_Ranking":219.0,"BikeSharing":false,"ExtCic_AURB":0.0,"ExtensaoCiclovias_conc":0.0,"PopResidente_2021":4768,"Total_Valor_Euros":0.0,"UtilizacaoBicicleta":0.0039,"UtilizacaoMulheres":0.0,"area_km2":563.71,"bfi_Ranking":219.0},"geometry":{"type":"MultiPolygon","coordinates":[[[[-7.319242582676607,40.05328953578597],[-7.264720229397555,40.08788743508472],[-7.217579883859604,40.049180713480744],[-7.176679326970604,40.09244339829879],[-7.155519789874924,40.07649729802641],[-7.127082532449527,40.09099630928147],[-7.09542609425049,40.06833039459462],[-7.073365198626362,40.08574027611594],[-6.998936314695248,40.07588404756657],[-6.95962228255248,40.10044078820195],[-6.932238576747079,40.09922096711811],[-7.012935801408281,40.12613000792587],[-7.016486524507211,40.176463931254524],[-7.029886242809281,40.1839694549675],[-7.012690847729099,40.22545778381921],[-6.96328160101146,40.23822613685055],[-6.951417747009947,40.257572757187795],[-7.013870789731156,40.29013821191378],[-7.083456792137489,40.27842676778275],[-7.111867135589929,40.32464242271978],[-7.161177045423972,40.268690375123676],[-7.212582470666542,40.28604267940328],[-7.240171121759696,40.258455936069474],[-7.273073246165955,40.265706510790025],[-7.262994242033068,40.22722713769423],[-7.273157645818463,40.21535373765114],[-7.2519026655342,40.201240892015186],[-7.291084026081934,40.161965192777366],[-7.284411414573782,40.124259990384004],[-7.319242582676607,40.05328953578597]]]]}},{"type":"Feature","properties":{"fid":67,"dtmn":"0508","municipio":"Proença-a-Nova","c1_declive":2.5140523762915548,"c2_ambcon":1.839585802518153,"c3_infraest":0.0,"c4_compolit":0.33708765197301005,"c5_utiliza":1.2124959993954154,"bfi_2025":1.0212184185323787,"bfi_2025_Ranking":263.0,"BikeSharing":false,"ExtCic_AURB":0.0,"ExtensaoCiclovias_conc":0.0,"PopResidente_2021":7167,"Total_Valor_Euros":45000.0,"UtilizacaoBicicleta":0.0011,"UtilizacaoMulheres":0.0,"area_km2":395.4,"bfi_Ranking":263.0},"geometry":{"type":"MultiPolygon","coordinates":[[[[-7.808988144142578,39.56578319640869],[-7.792466529919961,39.57754686310937],[-7.809412323043363,39.604792108022735],[-7.789984515671633,39.621728883209855],[-7.772458645672537,39.727582296441206],[-7.742094875112595,39.73699424853733],[-7.761229015914882,39.78681760199756],[-7.75253740603503,39.818166261129754],[-7.779284377198167,39.87024963294929],[-7.850260793819323,39.8686476756377],[-7.861844260169848,39.82881801768827],[-7.92178122302652,39.81626148893998],[-8.035753702223035,39.7469250578121],[-7.990433912143673,39.72846175994937],[-7.957801770563847,39.74105441518585],[-7.957706988213183,39.661389815685084],[-7.914806377516457,39.668464859635414],[-7.864388528666246,39.63816199721391],[-7.808988144142578,39.56578319640869]]]]}},{"type":"Feature","properties":{"fid":68,"dtmn":"0509","municipio":"Sertã","c1_declive":2.877529473772534,"c2_ambcon":1.2804189289245491,"c3_infraest":1.4,"c4_compolit":0.0,"c5_utiliza":2.1535973178549215,"bfi_2025":1.3885771431793752,"bfi_2025_Ranking":217.0,"BikeSharing":true,"ExtCic_AURB":0.0,"ExtensaoCiclovias_conc":0.0,"PopResidente_2021":14769,"Total_Valor_Euros":0.0,"UtilizacaoBicicleta":0.0022,"UtilizacaoMulheres":0.286,"area_km2":446.73,"bfi_Ranking":217.0},"geometry":{"type":"MultiPolygon","coordinates":[[[[-8.035753702223035,39.7469250578121],[-7.92178122302652,39.81626148893998],[-7.915927658726325,39.85500295358023],[-7.985676373724385,39.87708617003339],[-8.002934833997273,39.901426451427525],[-8.04000384418725,39.90341152680709],[-8.086898720767584,39.94323119851839],[-8.114981058004114,39.94861681204654],[-8.118679681945784,39.93408997692481],[-8.149169233420306,39.88534523565857],[-8.186200463561162,39.88130116772847],[-8.200406750110487,39.85595257073432],[-8.223233117214784,39.854600207747986],[-8.275313288837937,39.84233927288058],[-8.272017813050667,39.81947043148773],[-8.29294478356406,39.80867404804805],[-8.28508885517342,39.795760490967595],[-8.265543669908832,39.76874111328531],[-8.242336306891133,39.77841118527733],[-8.232130860171381,39.726979262373334],[-8.169664073440467,39.75987829724819],[-8.108784129900767,39.729600191955285],[-8.055176696055664,39.735861221180805],[-8.035753702223035,39.7469250578121]]]]}},{"type":"Feature","properties":{"fid":69,"dtmn":"0510","municipio":"Vila de Rei","c1_declive":3.015520333435928,"c2_ambcon":1.2189457159491266,"c3_infraest":1.7372949880523625,"c4_compolit":0.0,"c5_utiliza":2.132451350120645,"bfi_2025":1.4671024793680942,"bfi_2025_Ranking":206.0,"BikeSharing":true,"ExtCic_AURB":377.51,"ExtensaoCiclovias_conc":377.51,"PopResidente_2021":3279,"Total_Valor_Euros":0.0,"UtilizacaoBicicleta":0.0091,"UtilizacaoMulheres":0.167,"area_km2":191.55,"bfi_Ranking":206.0},"geometry":{"type":"MultiPolygon","coordinates":[[[[-8.232130860171381,39.726979262373334],[-8.236406026097294,39.64426294848466],[-8.23737184192516,39.64175524169643],[-8.163871346977887,39.626552450373545],[-8.108297245462703,39.61388301083388],[-8.05357259923002,39.61650646922719],[-8.078835593085483,39.656997843547174],[-8.057219050865461,39.67437230455057],[-8.055176696055664,39.735861221180805],[-8.108784129900767,39.729600191955285],[-8.169664073440467,39.75987829724819],[-8.232130860171381,39.726979262373334]]]]}},{"type":"Feature","properties":{"fid":70,"dtmn":"0511","municipio":"Vila Velha de Ródão","c1_declive":3.7668162696947594,"c2_ambcon":1.3963123662016614,"c3_infraest":0.0,"c4_compolit":0.0,"c5_utiliza":1.4901074898193356,"bfi_2025":1.0237812164837585,"bfi_2025_Ranking":262.0,"BikeSharing":false,"ExtCic_AURB":0.0,"ExtensaoCiclovias_conc":0.0,"PopResidente_2021":3285,"Total_Valor_Euros":0.0,"UtilizacaoBicicleta":0.0042,"UtilizacaoMulheres":0.0,"area_km2":329.91,"bfi_Ranking":262.0},"geometry":{"type":"MultiPolygon","coordinates":[[[[-7.825104082652423,39.5373649018861],[-7.769803343748867,39.56425524850166],[-7.754922469586139,39.58832486900569],[-7.722305525602755,39.59326756680513],[-7.70323525479425,39.636616530323394],[-7.671821178030197,39.64887378142896],[-7.637442481409237,39.62272354513548],[-7.582372027509575,39.657477536363274],[-7.541680166315917,39.66367957918539],[-7.516757384552891,39.665756612379624],[-7.494990116883099,39.68142119801568],[-7.495575158466036,39.73517498415969],[-7.602676742029632,39.743340180656865],[-7.619425792713323,39.79514829450844],[-7.711262191621534,39.73138576770795],[-7.742094875112595,39.73699424853733],[-7.772458645672537,39.727582296441206],[-7.789984515671633,39.621728883209855],[-7.809412323043363,39.604792108022735],[-7.792466529919961,39.57754686310937],[-7.808988144142578,39.56578319640869],[-7.825104082652423,39.5373649018861]]]]}},{"type":"Feature","properties":{"fid":71,"dtmn":"0601","municipio":"Arganil","c1_declive":2.2183448924677363,"c2_ambcon":2.635741939669913,"c3_infraest":0.0,"c4_compolit":0.0,"c5_utiliza":2.3805296442967245,"bfi_2025":1.3568759030235968,"bfi_2025_Ranking":223.0,"BikeSharing":false,"ExtCic_AURB":0.0,"ExtensaoCiclovias_conc":0.0,"PopResidente_2021":11065,"Total_Valor_Euros":0.0,"UtilizacaoBicicleta":0.0038,"UtilizacaoMulheres":0.278,"area_km2":332.84,"bfi_Ranking":223.0},"geometry":{"type":"MultiPolygon","coordinates":[[[[-8.172810086539933,40.204711397577555],[-8.097115390202985,40.200933061959354],[-8.062829430526817,40.16720299943152],[-8.004157854565038,40.173867024224016],[-7.996057702505508,40.188779345502816],[-7.982824304866155,40.17154721598652],[-7.995506016371255,40.137161142510706],[-7.97764613663778,40.139764853607105],[-7.911088791338968,40.175196818169795],[-7.883192320230623,40.2108109629673],[-7.867804972096405,40.190104073041965],[-7.839557785478079,40.18628046799241],[-7.82796139175179,40.203532974404396],[-7.809044874149209,40.18177626749464],[-7.78239209361259,40.22991872718934],[-7.825534374527806,40.26629826939306],[-7.843716351746245,40.25956287030615],[-7.922273680664929,40.29404375813815],[-7.946525511724298,40.28339656118055],[-7.945974990389444,40.30061278684156],[-7.967321728350833,40.3041309036689],[-8.043511086415643,40.24071663972741],[-8.076181845859377,40.275914024493034],[-8.104827829588151,40.266042353159065],[-8.110432904811042,40.3005506282201],[-8.20660422620766,40.25423852941902],[-8.163629269441168,40.249278438657065],[-8.187154907804748,40.23108472387846],[-8.17359966861969,40.20554811334248],[-8.172810086539933,40.204711397577555]]]]}},{"type":"Feature","properties":{"fid":72,"dtmn":"0602","municipio":"Cantanhede","c1_declive":8.347885230946847,"c2_ambcon":1.505296836254384,"c3_infraest":0.8235626531746616,"c4_compolit":0.0242281269486164,"c5_utiliza":3.8445019844678017,"bfi_2025":2.19074941773523,"bfi_2025_Ranking":101.0,"BikeSharing":false,"ExtCic_AURB":9291.28,"ExtensaoCiclovias_conc":12986.96,"PopResidente_2021":34212,"Total_Valor_Euros":10000.0,"UtilizacaoBicicleta":0.0212,"UtilizacaoMulheres":0.501,"area_km2":390.88,"bfi_Ranking":101.0},"geometry":{"type":"MultiPolygon","coordinates":[[[[-8.741518587679137,40.292050003482316],[-8.74524286788049,40.311044435328576],[-8.633768717444907,40.30356433133274],[-8.60858643859589,40.272277866558156],[-8.588434801053396,40.28244381200972],[-8.566143478714036,40.29227496857773],[-8.55129941571993,40.25181332457504],[-8.501214417419146,40.246836854011576],[-8.494570950983238,40.271189962820664],[-8.507651700233405,40.28940259247108],[-8.524820163009185,40.29135337573181],[-8.52985360958153,40.31565017659982],[-8.484994598589083,40.315343033198225],[-8.480992052656873,40.37580984019976],[-8.505302052461332,40.416139274786836],[-8.57244239697674,40.40028990383902],[-8.575944400411972,40.46550445940289],[-8.617704349031532,40.483763568178006],[-8.635688994916242,40.42563737522295],[-8.686719552257072,40.44033653309808],[-8.707650958485084,40.37133687255469],[-8.825676682085215,40.38894054237957],[-8.84632648784656,40.32688088895116],[-8.786349133964906,40.29543683890436],[-8.741518587679137,40.292050003482316]]]]}},{"type":"Feature","properties":{"fid":73,"dtmn":"0603","municipio":"Coimbra","c1_declive":3.8316966022051533,"c2_ambcon":4.610469577515883,"c3_infraest":1.9313442234182538,"c4_compolit":0.23357164420805848,"c5_utiliza":1.8970246779104163,"bfi_2025":2.444742374877745,"bfi_2025_Ranking":72.0,"BikeSharing":true,"ExtCic_AURB":14988.78,"ExtensaoCiclovias_conc":23893.68,"PopResidente_2021":140816,"Total_Valor_Euros":312500.0,"UtilizacaoBicicleta":0.003,"UtilizacaoMulheres":0.196,"area_km2":319.4,"bfi_Ranking":72.0},"geometry":{"type":"MultiPolygon","coordinates":[[[[-8.551266044977739,40.15374081120387],[-8.54541462901908,40.17854830386212],[-8.487610126985619,40.16462497286471],[-8.497237766170375,40.12451538509862],[-8.464232188471739,40.113134947311345],[-8.421175648290962,40.12863610004929],[-8.403628811504957,40.098922761125166],[-8.360614341116113,40.12151683412345],[-8.379597435658136,40.15497932406787],[-8.34795869465292,40.15615145107566],[-8.367180656208797,40.18110807205223],[-8.312903551763648,40.19085357084168],[-8.315120325164822,40.20847693472127],[-8.340313324344345,40.218614859249904],[-8.364311933950244,40.24766531505498],[-8.35361520089104,40.26847654627131],[-8.38948334339263,40.285635864318046],[-8.389600412711909,40.312490748113625],[-8.3678534263037,40.32612589040108],[-8.37532604816421,40.341303402399056],[-8.405160538822395,40.35201067951823],[-8.409588221528264,40.32386168769731],[-8.449068730189474,40.3171104396999],[-8.45436314904942,40.27917356098282],[-8.507651700233405,40.28940259247108],[-8.494570950983238,40.271189962820664],[-8.501214417419146,40.246836854011576],[-8.55129941571993,40.25181332457504],[-8.566143478714036,40.29227496857773],[-8.588434801053396,40.28244381200972],[-8.575003421617652,40.22320358571667],[-8.550164064918997,40.210218635603574],[-8.564087478059973,40.18020796172215],[-8.551266044977739,40.15374081120387]]]]}},{"type":"Feature","properties":{"fid":74,"dtmn":"0604","municipio":"Condeixa-a-Nova","c1_declive":5.591552991930843,"c2_ambcon":2.142377172941826,"c3_infraest":0.11779433953813506,"c4_compolit":0.0,"c5_utiliza":1.5494875441540776,"bfi_2025":1.4340956861438903,"bfi_2025_Ranking":214.0,"BikeSharing":false,"ExtCic_AURB":611.24,"ExtensaoCiclovias_conc":611.24,"PopResidente_2021":16732,"Total_Valor_Euros":0.0,"UtilizacaoBicicleta":0.0033,"UtilizacaoMulheres":0.188,"area_km2":138.67,"bfi_Ranking":214.0},"geometry":{"type":"MultiPolygon","coordinates":[[[[-8.47456815268904,40.0344533854842],[-8.42786627038429,40.04077573310587],[-8.457003957250812,40.08500780516126],[-8.405620965888948,40.07792805422438],[-8.403628811504957,40.098922761125166],[-8.421175648290962,40.12863610004929],[-8.464232188471739,40.113134947311345],[-8.497237766170375,40.12451538509862],[-8.487610126985619,40.16462497286471],[-8.54541462901908,40.17854830386212],[-8.551266044977739,40.15374081120387],[-8.560331191365828,40.141257643678934],[-8.582226019724633,40.132739056262054],[-8.587044891120726,40.093141398064795],[-8.55831360832628,40.084052644513385],[-8.537298462702774,40.048315225771404],[-8.47456815268904,40.0344533854842]]]]}},{"type":"Feature","properties":{"fid":75,"dtmn":"0605","municipio":"Figueira da Foz","c1_declive":6.74063771190093,"c2_ambcon":2.9725771159885306,"c3_infraest":1.7294830123400402,"c4_compolit":0.5595792297162848,"c5_utiliza":3.1633872796540494,"bfi_2025":2.5941721051463027,"bfi_2025_Ranking":58.0,"BikeSharing":true,"ExtCic_AURB":5005.8,"ExtensaoCiclovias_conc":11609.39,"PopResidente_2021":58951,"Total_Valor_Euros":475985.38,"UtilizacaoBicicleta":0.0098,"UtilizacaoMulheres":0.431,"area_km2":379.05,"bfi_Ranking":58.0},"geometry":{"type":"MultiPolygon","coordinates":[[[[-8.84632648784656,40.32688088895116],[-8.909237548439076,40.186537075863264],[-8.863043726596304,40.14007601546906],[-8.894933009892748,40.045502818687574],[-8.868649622552336,40.02337716344913],[-8.800463403551213,40.01255863693449],[-8.782527622483451,40.03755265891612],[-8.732217011782927,40.03217588993876],[-8.763258686530083,40.11895766704702],[-8.775123540551307,40.1141378804338],[-8.699875484156799,40.172898120041225],[-8.741518587679137,40.292050003482316],[-8.786349133964906,40.29543683890436],[-8.84632648784656,40.32688088895116]]]]}},{"type":"Feature","properties":{"fid":76,"dtmn":"0606","municipio":"Góis","c1_declive":1.7860387420648456,"c2_ambcon":1.9193544229769928,"c3_infraest":0.0,"c4_compolit":0.0,"c5_utiliza":2.016670797502429,"bfi_2025":1.0617766394512187,"bfi_2025_Ranking":257.0,"BikeSharing":false,"ExtCic_AURB":0.0,"ExtensaoCiclovias_conc":0.0,"PopResidente_2021":3811,"Total_Valor_Euros":0.0,"UtilizacaoBicicleta":0.0075,"UtilizacaoMulheres":0.091,"area_km2":263.3,"bfi_Ranking":257.0},"geometry":{"type":"MultiPolygon","coordinates":[[[[-7.97764613663778,40.139764853607105],[-7.995506016371255,40.137161142510706],[-7.982824304866155,40.17154721598652],[-7.996057702505508,40.188779345502816],[-8.004157854565038,40.173867024224016],[-8.062829430526817,40.16720299943152],[-8.097115390202985,40.200933061959354],[-8.172810086539933,40.204711397577555],[-8.173232943867133,40.17634156333057],[-8.151528063699805,40.14782662248876],[-8.179098658316283,40.08973602820804],[-8.143743820598011,40.07278232944133],[-8.154110602695923,40.03146257522977],[-8.108050298702654,39.96212500313365],[-8.076448686044065,40.00593132384721],[-8.031334851717025,40.01651784016457],[-8.057338758833309,40.09896641948842],[-8.004414053823687,40.11460564948049],[-7.956386923766821,40.10438760771094],[-7.948666376617036,40.117272922160176],[-7.97764613663778,40.139764853607105]]]]}},{"type":"Feature","properties":{"fid":77,"dtmn":"0607","municipio":"Lousã","c1_declive":4.253852276025929,"c2_ambcon":2.3407285276349796,"c3_infraest":0.23769105308103483,"c4_compolit":3.6584072897347863,"c5_utiliza":2.1974011670124995,"bfi_2025":2.2411518141310536,"bfi_2025_Ranking":95.0,"BikeSharing":false,"ExtCic_AURB":119.01,"ExtensaoCiclovias_conc":7328.18,"PopResidente_2021":17006,"Total_Valor_Euros":860110.0,"UtilizacaoBicicleta":0.0068,"UtilizacaoMulheres":0.226,"area_km2":138.4,"bfi_Ranking":95.0},"geometry":{"type":"MultiPolygon","coordinates":[[[[-8.209749042712133,40.05208071145881],[-8.179098658316283,40.08973602820804],[-8.151528063699805,40.14782662248876],[-8.173232943867133,40.17634156333057],[-8.172810086539933,40.204711397577555],[-8.17359966861969,40.20554811334248],[-8.245556080858776,40.17610115567292],[-8.302592250291834,40.18005167601124],[-8.288190249656273,40.165638874068705],[-8.29166654338393,40.13942855430977],[-8.311468817345256,40.11717700846367],[-8.24318790428873,40.06681539607097],[-8.209749042712133,40.05208071145881]]]]}},{"type":"Feature","properties":{"fid":78,"dtmn":"0608","municipio":"Mira","c1_declive":8.775601730497357,"c2_ambcon":2.437368469011009,"c3_infraest":1.7569350471299665,"c4_compolit":0.0888540520373935,"c5_utiliza":4.57150648150559,"bfi_2025":2.8582081587935764,"bfi_2025_Ranking":38.0,"BikeSharing":false,"ExtCic_AURB":6605.37,"ExtensaoCiclovias_conc":14854.25,"PopResidente_2021":12113,"Total_Valor_Euros":26554.9,"UtilizacaoBicicleta":0.0393,"UtilizacaoMulheres":0.489,"area_km2":124.03,"bfi_Ranking":38.0},"geometry":{"type":"MultiPolygon","coordinates":[[[[-8.825676682085215,40.38894054237957],[-8.707650958485084,40.37133687255469],[-8.686719552257072,40.44033653309808],[-8.784028884237848,40.52036476110174],[-8.825676682085215,40.38894054237957]]]]}},{"type":"Feature","properties":{"fid":79,"dtmn":"0609","municipio":"Miranda do Corvo","c1_declive":3.1597006407617902,"c2_ambcon":1.7134309695350303,"c3_infraest":0.0,"c4_compolit":0.5457272955812632,"c5_utiliza":2.1300901343066725,"bfi_2025":1.2794912924375237,"bfi_2025_Ranking":231.0,"BikeSharing":false,"ExtCic_AURB":0.0,"ExtensaoCiclovias_conc":0.0,"PopResidente_2021":12002,"Total_Valor_Euros":75545.0,"UtilizacaoBicicleta":0.0013,"UtilizacaoMulheres":0.25,"area_km2":126.38,"bfi_Ranking":231.0},"geometry":{"type":"MultiPolygon","coordinates":[[[[-8.286838146336816,40.02605764787762],[-8.24318790428873,40.06681539607097],[-8.311468817345256,40.11717700846367],[-8.29166654338393,40.13942855430977],[-8.288190249656273,40.165638874068705],[-8.302592250291834,40.18005167601124],[-8.312903551763648,40.19085357084168],[-8.367180656208797,40.18110807205223],[-8.34795869465292,40.15615145107566],[-8.379597435658136,40.15497932406787],[-8.360614341116113,40.12151683412345],[-8.403628811504957,40.098922761125166],[-8.405620965888948,40.07792805422438],[-8.286838146336816,40.02605764787762]]]]}},{"type":"Feature","properties":{"fid":80,"dtmn":"0610","municipio":"Montemor-o-Velho","c1_declive":7.444914286348327,"c2_ambcon":1.411968255495018,"c3_infraest":0.20385549963515165,"c4_compolit":1.6838417446713456,"c5_utiliza":3.0535299261251607,"bfi_2025":2.0959217015766765,"bfi_2025_Ranking":119.0,"BikeSharing":false,"ExtCic_AURB":1013.53,"ExtensaoCiclovias_conc":4594.51,"PopResidente_2021":24571,"Total_Valor_Euros":488883.88,"UtilizacaoBicicleta":0.0076,"UtilizacaoMulheres":0.458,"area_km2":228.96,"bfi_Ranking":119.0},"geometry":{"type":"MultiPolygon","coordinates":[[[[-8.763258686530083,40.11895766704702],[-8.693592257352787,40.11210616321119],[-8.647398704010657,40.12668804274526],[-8.680059685282044,40.14774320377224],[-8.654712092800098,40.1759285237892],[-8.560331191365828,40.141257643678934],[-8.551266044977739,40.15374081120387],[-8.564087478059973,40.18020796172215],[-8.550164064918997,40.210218635603574],[-8.575003421617652,40.22320358571667],[-8.588434801053396,40.28244381200972],[-8.60858643859589,40.272277866558156],[-8.633768717444907,40.30356433133274],[-8.74524286788049,40.311044435328576],[-8.741518587679137,40.292050003482316],[-8.699875484156799,40.172898120041225],[-8.775123540551307,40.1141378804338],[-8.763258686530083,40.11895766704702]]]]}},{"type":"Feature","properties":{"fid":81,"dtmn":"0611","municipio":"Oliveira do Hospital","c1_declive":3.189393323101214,"c2_ambcon":2.584556961682118,"c3_infraest":0.07166687703398084,"c4_compolit":0.704317938251548,"c5_utiliza":1.8771586247568277,"bfi_2025":1.4992906045908212,"bfi_2025_Ranking":200.0,"BikeSharing":false,"ExtCic_AURB":467.01,"ExtensaoCiclovias_conc":467.01,"PopResidente_2021":19413,"Total_Valor_Euros":149316.0,"UtilizacaoBicicleta":0.0028,"UtilizacaoMulheres":0.192,"area_km2":234.52,"bfi_Ranking":200.0},"geometry":{"type":"MultiPolygon","coordinates":[[[[-7.967321728350833,40.3041309036689],[-7.945974990389444,40.30061278684156],[-7.946525511724298,40.28339656118055],[-7.922273680664929,40.29404375813815],[-7.843716351746245,40.25956287030615],[-7.825534374527806,40.26629826939306],[-7.804362561892334,40.30757894417461],[-7.76532911440091,40.31640040953414],[-7.758212772943546,40.331759220711916],[-7.805062782120111,40.349296407629],[-7.797168552871332,40.405046419746384],[-7.845128820102693,40.41408574988893],[-7.84823420830672,40.428867809615575],[-7.796946589290622,40.45742301224867],[-7.828315177867809,40.49854540080523],[-7.903596326818,40.456445766201895],[-7.947505655448571,40.422686109111766],[-7.914011830301936,40.39229418900775],[-7.922333283647192,40.372183378726135],[-7.898974750358136,40.35335137452201],[-7.917321688719496,40.32228959323407],[-7.978425837247228,40.32427907464806],[-7.967321728350833,40.3041309036689]]]]}},{"type":"Feature","properties":{"fid":82,"dtmn":"0612","municipio":"Pampilhosa da Serra","c1_declive":0.516052121649933,"c2_ambcon":2.5181945694350114,"c3_infraest":0.0,"c4_compolit":0.0,"c5_utiliza":2.1330302202718823,"bfi_2025":1.1077598985781225,"bfi_2025_Ranking":251.0,"BikeSharing":false,"ExtCic_AURB":0.0,"ExtensaoCiclovias_conc":0.0,"PopResidente_2021":4082,"Total_Valor_Euros":0.0,"UtilizacaoBicicleta":0.0038,"UtilizacaoMulheres":0.2,"area_km2":396.46,"bfi_Ranking":251.0},"geometry":{"type":"MultiPolygon","coordinates":[[[[-7.97764613663778,40.139764853607105],[-7.948666376617036,40.117272922160176],[-7.956386923766821,40.10438760771094],[-8.004414053823687,40.11460564948049],[-8.057338758833309,40.09896641948842],[-8.031334851717025,40.01651784016457],[-8.076448686044065,40.00593132384721],[-8.108050298702654,39.96212500313365],[-8.13252897189922,39.94011348854874],[-8.118679681945784,39.93408997692481],[-8.114981058004114,39.94861681204654],[-8.086898720767584,39.94323119851839],[-8.086328667782254,39.96518583495498],[-8.032399407402664,39.96111054671033],[-8.031587090779436,39.98460369383459],[-8.017280494726183,39.971139530505944],[-8.005166973994399,39.97268981664813],[-8.01389095795335,39.98926246859191],[-7.963283344799186,39.97720818199788],[-7.952808988434791,40.00248859482509],[-7.901960596533963,40.00286094722364],[-7.915913270197556,40.03277343248101],[-7.864194922278109,40.058098085761245],[-7.808312099509584,40.03573663356446],[-7.796537927274755,40.077123491727484],[-7.817107137120686,40.07703953093078],[-7.787335569617152,40.08601983493043],[-7.773324821818691,40.06403125145412],[-7.74298298290861,40.092085922182065],[-7.751658834264704,40.09990392287342],[-7.731987452657028,40.10534472615823],[-7.747383903798207,40.13003964738015],[-7.809044874149209,40.18177626749464],[-7.82796139175179,40.203532974404396],[-7.839557785478079,40.18628046799241],[-7.867804972096405,40.190104073041965],[-7.883192320230623,40.2108109629673],[-7.911088791338968,40.175196818169795],[-7.97764613663778,40.139764853607105]]]]}},{"type":"Feature","properties":{"fid":83,"dtmn":"0613","municipio":"Penacova","c1_declive":2.1437865173397537,"c2_ambcon":1.331817050183842,"c3_infraest":0.11510173058783642,"c4_compolit":0.06291914891957395,"c5_utiliza":3.0263370852825062,"bfi_2025":1.1939595937673113,"bfi_2025_Ranking":240.0,"BikeSharing":false,"ExtCic_AURB":295.73,"ExtensaoCiclovias_conc":1643.47,"PopResidente_2021":13113,"Total_Valor_Euros":11192.0,"UtilizacaoBicicleta":0.001,"UtilizacaoMulheres":0.5,"area_km2":216.73,"bfi_Ranking":240.0},"geometry":{"type":"MultiPolygon","coordinates":[[[[-8.37532604816421,40.341303402399056],[-8.3678534263037,40.32612589040108],[-8.389600412711909,40.312490748113625],[-8.38948334339263,40.285635864318046],[-8.35361520089104,40.26847654627131],[-8.364311933950244,40.24766531505498],[-8.340313324344345,40.218614859249904],[-8.300399056001512,40.24511342976278],[-8.20660422620766,40.25423852941902],[-8.110432904811042,40.3005506282201],[-8.115633703803354,40.331910643813],[-8.132246791584542,40.33545404690528],[-8.186818085320896,40.33844498444725],[-8.25084916463542,40.323225703562755],[-8.299648097171708,40.35817197814313],[-8.356217326734894,40.3672315477959],[-8.357231185800693,40.348093524134505],[-8.37532604816421,40.341303402399056]]]]}},{"type":"Feature","properties":{"fid":84,"dtmn":"0614","municipio":"Penela","c1_declive":3.0729579005937566,"c2_ambcon":1.264939100238395,"c3_infraest":0.0,"c4_compolit":0.0,"c5_utiliza":4.088959139189804,"bfi_2025":1.4413223929569352,"bfi_2025_Ranking":211.0,"BikeSharing":false,"ExtCic_AURB":0.0,"ExtensaoCiclovias_conc":0.0,"PopResidente_2021":5440,"Total_Valor_Euros":0.0,"UtilizacaoBicicleta":0.0028,"UtilizacaoMulheres":0.714,"area_km2":134.8,"bfi_Ranking":211.0},"geometry":{"type":"MultiPolygon","coordinates":[[[[-8.34601535868253,39.94878217226213],[-8.313830239415347,39.98872250794269],[-8.279296722233726,39.95961870410183],[-8.270636500140458,39.98914035276961],[-8.297977061000836,40.00935263589122],[-8.286838146336816,40.02605764787762],[-8.405620965888948,40.07792805422438],[-8.457003957250812,40.08500780516126],[-8.42786627038429,40.04077573310587],[-8.47456815268904,40.0344533854842],[-8.457459835139236,40.01777801645841],[-8.433261413822903,40.00296075723326],[-8.427875817784617,40.003816084971575],[-8.42697438803374,40.02672714549284],[-8.379895334517638,39.955408352339255],[-8.407271568858938,39.92966898692341],[-8.372185763716868,39.92404855173293],[-8.34601535868253,39.94878217226213]]]]}},{"type":"Feature","properties":{"fid":85,"dtmn":"0615","municipio":"Soure","c1_declive":4.850861166945114,"c2_ambcon":1.7048845675968127,"c3_infraest":0.5290901662901559,"c4_compolit":0.07747247661628948,"c5_utiliza":2.6924338295660446,"bfi_2025":1.5975610614027205,"bfi_2025_Ranking":189.0,"BikeSharing":false,"ExtCic_AURB":2991.17,"ExtensaoCiclovias_conc":3675.34,"PopResidente_2021":17261,"Total_Valor_Euros":11825.0,"UtilizacaoBicicleta":0.0045,"UtilizacaoMulheres":0.361,"area_km2":265.06,"bfi_Ranking":189.0},"geometry":{"type":"MultiPolygon","coordinates":[[[[-8.763258686530083,40.11895766704702],[-8.732217011782927,40.03217588993876],[-8.675465357254806,40.030091897175],[-8.641117799713731,40.011121718942576],[-8.642857631698872,39.99041797442167],[-8.614953560976193,39.99230058726617],[-8.591511809103086,40.027613977607174],[-8.553986344866624,40.0252079176628],[-8.551694638715924,39.96157981700664],[-8.538812129848639,39.94884374172166],[-8.522232554498435,39.98453059802783],[-8.490621460185633,39.98610708168972],[-8.457459835139236,40.01777801645841],[-8.47456815268904,40.0344533854842],[-8.537298462702774,40.048315225771404],[-8.55831360832628,40.084052644513385],[-8.587044891120726,40.093141398064795],[-8.582226019724633,40.132739056262054],[-8.560331191365828,40.141257643678934],[-8.654712092800098,40.1759285237892],[-8.680059685282044,40.14774320377224],[-8.647398704010657,40.12668804274526],[-8.693592257352787,40.11210616321119],[-8.763258686530083,40.11895766704702]]]]}},{"type":"Feature","properties":{"fid":86,"dtmn":"0616","municipio":"Tábua","c1_declive":4.314994206121581,"c2_ambcon":1.5244241704688053,"c3_infraest":0.5495925687354702,"c4_compolit":0.0,"c5_utiliza":2.2803189196496993,"bfi_2025":1.4060673893431668,"bfi_2025_Ranking":216.0,"BikeSharing":false,"ExtCic_AURB":1751.0,"ExtensaoCiclovias_conc":1751.0,"PopResidente_2021":11160,"Total_Valor_Euros":0.0,"UtilizacaoBicicleta":0.0043,"UtilizacaoMulheres":0.273,"area_km2":199.79,"bfi_Ranking":216.0},"geometry":{"type":"MultiPolygon","coordinates":[[[[-8.110432904811042,40.3005506282201],[-8.104827829588151,40.266042353159065],[-8.076181845859377,40.275914024493034],[-8.043511086415643,40.24071663972741],[-7.967321728350833,40.3041309036689],[-7.978425837247228,40.32427907464806],[-7.917321688719496,40.32228959323407],[-7.898974750358136,40.35335137452201],[-7.922333283647192,40.372183378726135],[-7.914011830301936,40.39229418900775],[-7.947505655448571,40.422686109111766],[-8.046193634152548,40.380580941803494],[-8.132246791584542,40.33545404690528],[-8.115633703803354,40.331910643813],[-8.110432904811042,40.3005506282201]]]]}},{"type":"Feature","properties":{"fid":87,"dtmn":"0617","municipio":"Vila Nova de Poiares","c1_declive":4.0253321033188225,"c2_ambcon":1.85364092111334,"c3_infraest":0.0,"c4_compolit":0.0,"c5_utiliza":1.3171640179488238,"bfi_2025":1.1293762441999822,"bfi_2025_Ranking":247.0,"BikeSharing":false,"ExtCic_AURB":0.0,"ExtensaoCiclovias_conc":0.0,"PopResidente_2021":6803,"Total_Valor_Euros":0.0,"UtilizacaoBicicleta":0.0029,"UtilizacaoMulheres":0.1,"area_km2":84.45,"bfi_Ranking":247.0},"geometry":{"type":"MultiPolygon","coordinates":[[[[-8.302592250291834,40.18005167601124],[-8.245556080858776,40.17610115567292],[-8.17359966861969,40.20554811334248],[-8.187154907804748,40.23108472387846],[-8.163629269441168,40.249278438657065],[-8.20660422620766,40.25423852941902],[-8.300399056001512,40.24511342976278],[-8.340313324344345,40.218614859249904],[-8.315120325164822,40.20847693472127],[-8.312903551763648,40.19085357084168],[-8.302592250291834,40.18005167601124]]]]}},{"type":"Feature","properties":{"fid":88,"dtmn":"0701","municipio":"Alandroal","c1_declive":5.272937725378908,"c2_ambcon":1.8943952870875425,"c3_infraest":1.4,"c4_compolit":0.0,"c5_utiliza":2.510745994633943,"bfi_2025":1.853041793236565,"bfi_2025_Ranking":154.0,"BikeSharing":true,"ExtCic_AURB":0.0,"ExtensaoCiclovias_conc":0.0,"PopResidente_2021":5014,"Total_Valor_Euros":0.0,"UtilizacaoBicicleta":0.0035,"UtilizacaoMulheres":0.25,"area_km2":542.68,"bfi_Ranking":154.0},"geometry":{"type":"MultiPolygon","coordinates":[[[[-7.335847583840241,38.435819827165474],[-7.298561140168548,38.46960461469775],[-7.300430740706662,38.4829549935235],[-7.321572183166145,38.47826942972003],[-7.314551789418109,38.51387572082971],[-7.243594703890091,38.62402377649441],[-7.272498020053351,38.63840595349616],[-7.259807946736102,38.72354426657298],[-7.203714576671405,38.751497340795304],[-7.227599357381059,38.76682599547382],[-7.263931405928033,38.77335760106942],[-7.296573611612748,38.73220273287492],[-7.310789408475743,38.742902772557976],[-7.326590119315118,38.732614969280554],[-7.343956226019813,38.75368924170527],[-7.380689541422554,38.73349654838103],[-7.370400050503619,38.712060998092774],[-7.391459139142384,38.70521265209016],[-7.412107432018306,38.71837964889198],[-7.462509901050528,38.7101716933386],[-7.456393294407794,38.67468735644184],[-7.478056700462438,38.67124069476422],[-7.49694807006358,38.6924198007198],[-7.521818554840444,38.66094411181074],[-7.502481236678011,38.59004403063699],[-7.543103857976047,38.576025909498576],[-7.563669353997537,38.54705699526573],[-7.51956147002483,38.523668231552534],[-7.476717021287,38.52357034161409],[-7.438861259214332,38.49654460296659],[-7.365289493209286,38.50925644465382],[-7.344292074693477,38.48749503409833],[-7.341607458699016,38.43010567556776],[-7.335847583840241,38.435819827165474]]]]}},{"type":"Feature","properties":{"fid":89,"dtmn":"0702","municipio":"Arraiolos","c1_declive":6.473654473094957,"c2_ambcon":3.9152242832442385,"c3_infraest":0.05224142306159363,"c4_compolit":0.0,"c5_utiliza":1.6593216506114483,"bfi_2025":1.9710962040082434,"bfi_2025_Ranking":134.0,"BikeSharing":false,"ExtCic_AURB":0.0,"ExtensaoCiclovias_conc":1224.16,"PopResidente_2021":6606,"Total_Valor_Euros":0.0,"UtilizacaoBicicleta":0.0043,"UtilizacaoMulheres":0.067,"area_km2":683.75,"bfi_Ranking":134.0},"geometry":{"type":"MultiPolygon","coordinates":[[[[-8.058254640607455,38.686858221055196],[-8.026477425282048,38.686421705978404],[-8.015077908068559,38.67078526861606],[-8.011834648646182,38.68884856490035],[-7.959050512440387,38.69896334978621],[-7.910632927328504,38.66111546822973],[-7.915408532562859,38.642129548605524],[-7.894561423643183,38.6480246279738],[-7.892255474178927,38.627858378236276],[-7.852540119874171,38.647074588950034],[-7.834438864335249,38.679813718391735],[-7.852102401654254,38.69851686326539],[-7.835969777465522,38.70763521747597],[-7.837849795455147,38.73367470259874],[-7.799876942954334,38.73794679512077],[-7.799424358751304,38.757806152837944],[-7.80875498747308,38.751212000903436],[-7.795103324050475,38.76819619658154],[-7.798854514511978,38.78956271287719],[-7.754523310111969,38.773587826047994],[-7.717030578657774,38.79485888962021],[-7.708702460142164,38.78235027271404],[-7.673632379806334,38.793015871071304],[-7.687540947498905,38.81556379027522],[-7.67616727341604,38.82787907235206],[-7.701650251988098,38.839676748605484],[-7.699093546715874,38.8642159739159],[-7.738149899269351,38.864263101689396],[-7.734681181575512,38.87922001053468],[-7.789947112218766,38.89579322398606],[-7.875952848610968,38.90835846287025],[-7.890880505283032,38.9284164719445],[-7.897348715766739,38.90995135543719],[-7.957843257117228,38.88962446338164],[-7.946062222623225,38.86998918579821],[-7.969600492025691,38.864842615129156],[-7.979106567473412,38.8432907275272],[-8.026369703134632,38.826672870348474],[-8.072651221342385,38.85088392597263],[-8.124310332836204,38.80496820516271],[-8.15262581641189,38.77343033167816],[-8.092242549650178,38.70265877723512],[-8.07649777167797,38.708327186434516],[-8.085355513401526,38.691614557662234],[-8.058254640607455,38.686858221055196]]]]}},{"type":"Feature","properties":{"fid":90,"dtmn":"0703","municipio":"Borba","c1_declive":6.857801875460514,"c2_ambcon":3.8362729187623694,"c3_infraest":0.0,"c4_compolit":0.0,"c5_utiliza":2.1220706474309514,"bfi_2025":2.0692625467228343,"bfi_2025_Ranking":122.0,"BikeSharing":false,"ExtCic_AURB":0.0,"ExtensaoCiclovias_conc":0.0,"PopResidente_2021":6428,"Total_Valor_Euros":0.0,"UtilizacaoBicicleta":0.0041,"UtilizacaoMulheres":0.167,"area_km2":145.19,"bfi_Ranking":122.0},"geometry":{"type":"MultiPolygon","coordinates":[[[[-7.466114171522826,38.92603736601324],[-7.497633110023441,38.866940988919055],[-7.465505073645594,38.83709284543956],[-7.4712439600258,38.82453343635134],[-7.501107131818808,38.822507950364624],[-7.531647920813669,38.796301400507105],[-7.529545249736044,38.781946158603795],[-7.564224507871079,38.7619732486877],[-7.552950719648663,38.74673255764478],[-7.541147474318128,38.75512807703247],[-7.491003660755105,38.71301395574179],[-7.460423990585885,38.774682235219785],[-7.39167306191823,38.801619241808076],[-7.424292277316757,38.84801250714314],[-7.404587890517621,38.84865117077542],[-7.417756159079244,38.86806157759697],[-7.422925906265876,38.903487669492804],[-7.466114171522826,38.92603736601324]]]]}},{"type":"Feature","properties":{"fid":91,"dtmn":"0704","municipio":"Estremoz","c1_declive":6.913344025017921,"c2_ambcon":3.5350010798973726,"c3_infraest":0.4305780271705192,"c4_compolit":0.0,"c5_utiliza":2.202132723519856,"bfi_2025":2.123155723972736,"bfi_2025_Ranking":110.0,"BikeSharing":false,"ExtCic_AURB":1546.65,"ExtensaoCiclovias_conc":1546.65,"PopResidente_2021":12680,"Total_Valor_Euros":0.0,"UtilizacaoBicicleta":0.0056,"UtilizacaoMulheres":0.2,"area_km2":513.8,"bfi_Ranking":110.0},"geometry":{"type":"MultiPolygon","coordinates":[[[[-7.795103324050475,38.76819619658154],[-7.720682689448807,38.68486374493538],[-7.687524451049511,38.70128254244822],[-7.689836824305671,38.724439163301426],[-7.670474097598855,38.7156276226829],[-7.609369305451764,38.74110257447411],[-7.546811955218884,38.73228628981981],[-7.552950719648663,38.74673255764478],[-7.564224507871079,38.7619732486877],[-7.529545249736044,38.781946158603795],[-7.531647920813669,38.796301400507105],[-7.501107131818808,38.822507950364624],[-7.4712439600258,38.82453343635134],[-7.465505073645594,38.83709284543956],[-7.497633110023441,38.866940988919055],[-7.466114171522826,38.92603736601324],[-7.452865595248751,38.96444459398756],[-7.533347950799133,39.00843821333495],[-7.551513348856655,38.995277217298906],[-7.54233607614496,38.96799580964385],[-7.564642987833819,38.95245445870916],[-7.604290337368415,38.953781855309344],[-7.637677518477572,38.91146638187737],[-7.683438816905896,38.9293730035397],[-7.698089118998763,38.91240028501413],[-7.732876364890049,38.939200193411025],[-7.75202675898566,38.90824476820727],[-7.789947112218766,38.89579322398606],[-7.734681181575512,38.87922001053468],[-7.738149899269351,38.864263101689396],[-7.699093546715874,38.8642159739159],[-7.701650251988098,38.839676748605484],[-7.67616727341604,38.82787907235206],[-7.687540947498905,38.81556379027522],[-7.673632379806334,38.793015871071304],[-7.708702460142164,38.78235027271404],[-7.717030578657774,38.79485888962021],[-7.754523310111969,38.773587826047994],[-7.798854514511978,38.78956271287719],[-7.795103324050475,38.76819619658154]]]]}},{"type":"Feature","properties":{"fid":92,"dtmn":"0705","municipio":"Évora","c1_declive":8.299465961268794,"c2_ambcon":4.742305375905388,"c3_infraest":0.740002177523216,"c4_compolit":0.0,"c5_utiliza":2.032751396224577,"bfi_2025":2.6070737637289456,"bfi_2025_Ranking":56.0,"BikeSharing":false,"ExtCic_AURB":9652.18,"ExtensaoCiclovias_conc":10249.15,"PopResidente_2021":53577,"Total_Valor_Euros":0.0,"UtilizacaoBicicleta":0.0081,"UtilizacaoMulheres":0.177,"area_km2":1307.08,"bfi_Ranking":56.0},"geometry":{"type":"MultiPolygon","coordinates":[[[[-8.118651331786461,38.46267360705811],[-8.11138500936127,38.44027141816619],[-8.099046047004714,38.44214384779759],[-8.09319514007545,38.394761776834855],[-8.061337651944477,38.39429428068724],[-8.064401725248471,38.36606992098517],[-8.002667612146315,38.40182825768242],[-7.94155107652998,38.41213873789873],[-7.918602631079136,38.384548635101396],[-7.946919402885976,38.35657951146129],[-7.92234977087245,38.35601578679148],[-7.889861605190453,38.372669102526054],[-7.838165958287659,38.3411797538862],[-7.830942640740504,38.36729738731283],[-7.783299330185077,38.40538542409903],[-7.762092163017096,38.40068322569897],[-7.745340400952613,38.4335919565083],[-7.717021624033365,38.42387996524562],[-7.692315579014456,38.43860358851755],[-7.674963659629086,38.43444668566421],[-7.671043552883379,38.405146332492066],[-7.612426873577506,38.38224255791611],[-7.610961183977447,38.405999033258695],[-7.554935069489533,38.48573339527073],[-7.589753292249292,38.47637179808462],[-7.64232934198371,38.49906219978689],[-7.632418813132192,38.51029277920077],[-7.652854362061646,38.5211396518536],[-7.60962377402245,38.550106231030064],[-7.625465469993548,38.56599043836435],[-7.661505208066012,38.5411945599914],[-7.684162784579386,38.55173441624097],[-7.667038341202563,38.56673549866112],[-7.687800218101574,38.574180721353116],[-7.693391875651503,38.601501171339464],[-7.666867939349591,38.607748766277226],[-7.671199478999431,38.62726475328613],[-7.720682689448807,38.68486374493538],[-7.795103324050475,38.76819619658154],[-7.80875498747308,38.751212000903436],[-7.799424358751304,38.757806152837944],[-7.799876942954334,38.73794679512077],[-7.837849795455147,38.73367470259874],[-7.835969777465522,38.70763521747597],[-7.852102401654254,38.69851686326539],[-7.834438864335249,38.679813718391735],[-7.852540119874171,38.647074588950034],[-7.892255474178927,38.627858378236276],[-7.894561423643183,38.6480246279738],[-7.915408532562859,38.642129548605524],[-7.910632927328504,38.66111546822973],[-7.959050512440387,38.69896334978621],[-8.011834648646182,38.68884856490035],[-8.015077908068559,38.67078526861606],[-8.026477425282048,38.686421705978404],[-8.058254640607455,38.686858221055196],[-8.062876030118712,38.66387882845873],[-8.04960778485771,38.64519782323243],[-8.038199686367758,38.65139483718926],[-8.029111167732552,38.606961592319315],[-8.058088794798609,38.599629318977236],[-8.062965400611107,38.60836397169059],[-8.073523925950724,38.61328757515783],[-8.069095385105319,38.59993216202529],[-8.098521421031888,38.595872086531635],[-8.103261662175017,38.61805542679722],[-8.152863744483737,38.63018755816007],[-8.164995731522424,38.61982736254768],[-8.152563351941382,38.607317330656315],[-8.165678513767807,38.59567223597058],[-8.156767635991779,38.563944345006895],[-8.080108887312994,38.53139235863632],[-8.086389512320114,38.47760597877708],[-8.110351659815086,38.479697253196896],[-8.118651331786461,38.46267360705811]]]]}},{"type":"Feature","properties":{"fid":93,"dtmn":"0706","municipio":"Montemor-o-Novo","c1_declive":6.962269109290602,"c2_ambcon":3.176920482568986,"c3_infraest":2.056660607168891,"c4_compolit":1.4253533982906221,"c5_utiliza":2.122327580758319,"bfi_2025":2.714158379173318,"bfi_2025_Ranking":48.0,"BikeSharing":true,"ExtCic_AURB":2427.58,"ExtensaoCiclovias_conc":10439.33,"PopResidente_2021":15799,"Total_Valor_Euros":255000.0,"UtilizacaoBicicleta":0.0066,"UtilizacaoMulheres":0.154,"area_km2":1232.97,"bfi_Ranking":48.0},"geometry":{"type":"MultiPolygon","coordinates":[[[[-8.575218390388144,38.547921193087156],[-8.572539749895034,38.531619329791795],[-8.532377752820128,38.528149081759636],[-8.528720187844488,38.5111551160804],[-8.50621041845143,38.51924556121446],[-8.520195505220677,38.54291476975647],[-8.504541514534559,38.547507760051204],[-8.47592203971689,38.5167668431411],[-8.36912039214,38.54574360405104],[-8.31031251663053,38.458504140334895],[-8.323085408151961,38.43684488971361],[-8.289028987503098,38.43762792639942],[-8.255403142106843,38.47639263828199],[-8.24072104732809,38.46715455114272],[-8.170425582630273,38.481462206142695],[-8.175927096818027,38.46355724468206],[-8.13590968699875,38.48174317671141],[-8.118651331786461,38.46267360705811],[-8.110351659815086,38.479697253196896],[-8.086389512320114,38.47760597877708],[-8.080108887312994,38.53139235863632],[-8.156767635991779,38.563944345006895],[-8.165678513767807,38.59567223597058],[-8.152563351941382,38.607317330656315],[-8.164995731522424,38.61982736254768],[-8.152863744483737,38.63018755816007],[-8.103261662175017,38.61805542679722],[-8.098521421031888,38.595872086531635],[-8.069095385105319,38.59993216202529],[-8.073523925950724,38.61328757515783],[-8.062965400611107,38.60836397169059],[-8.058088794798609,38.599629318977236],[-8.029111167732552,38.606961592319315],[-8.038199686367758,38.65139483718926],[-8.04960778485771,38.64519782323243],[-8.062876030118712,38.66387882845873],[-8.058254640607455,38.686858221055196],[-8.085355513401526,38.691614557662234],[-8.07649777167797,38.708327186434516],[-8.092242549650178,38.70265877723512],[-8.15262581641189,38.77343033167816],[-8.17560853661596,38.78266919011747],[-8.17356741185765,38.8010044859222],[-8.204914007631645,38.799274410873224],[-8.197272231285979,38.80795546714589],[-8.222468284308357,38.829546964978334],[-8.25091701017384,38.81846419832585],[-8.269350736791958,38.831549632763796],[-8.260394203475913,38.84336115902951],[-8.301528815879065,38.86910916432609],[-8.310175521413417,38.84493794139763],[-8.321269247444162,38.859255765393954],[-8.341742990797751,38.838832202855464],[-8.377439558697136,38.856370622560604],[-8.409054305503375,38.822990498615546],[-8.430183909859535,38.83426330340844],[-8.471128124861023,38.79394121566581],[-8.500370875020657,38.80747930587167],[-8.546797659383357,38.76343618560763],[-8.491734250286209,38.75460449411277],[-8.435282281147478,38.74528778383961],[-8.442758231569638,38.72612712616505],[-8.386843990898297,38.70522256980817],[-8.380254429693913,38.65007012570313],[-8.391630701940949,38.655502009247066],[-8.406100625224488,38.63227966140461],[-8.432910539847027,38.64385412621332],[-8.468459656027829,38.62802636159027],[-8.500455378068773,38.64906614850149],[-8.578687560401423,38.59895012617449],[-8.575218390388144,38.547921193087156]]]]}},{"type":"Feature","properties":{"fid":94,"dtmn":"0707","municipio":"Mora","c1_declive":5.568117383255345,"c2_ambcon":3.1259561952698576,"c3_infraest":1.2512259890743813,"c4_compolit":0.0,"c5_utiliza":1.6083179825070701,"bfi_2025":1.9727708809130085,"bfi_2025_Ranking":133.0,"BikeSharing":false,"ExtCic_AURB":1817.39,"ExtensaoCiclovias_conc":2763.3,"PopResidente_2021":4135,"Total_Valor_Euros":0.0,"UtilizacaoBicicleta":0.0051,"UtilizacaoMulheres":0.0,"area_km2":443.95,"bfi_Ranking":133.0},"geometry":{"type":"MultiPolygon","coordinates":[[[[-8.227914759747193,38.98738685984562],[-8.242812628740731,38.93825486565977],[-8.27218815803601,38.907391784829784],[-8.158734251889621,38.86639555373041],[-8.187562346306352,38.83747552312729],[-8.159948962721456,38.80658754182099],[-8.150734236301638,38.81993691661132],[-8.124310332836204,38.80496820516271],[-8.072651221342385,38.85088392597263],[-8.026369703134632,38.826672870348474],[-7.979106567473412,38.8432907275272],[-7.969600492025691,38.864842615129156],[-7.946062222623225,38.86998918579821],[-7.957843257117228,38.88962446338164],[-7.897348715766739,38.90995135543719],[-7.890880505283032,38.9284164719445],[-7.914506460108209,38.964602644977106],[-7.946720397144921,38.97200710053999],[-7.967999472646444,38.951610354312415],[-8.022108854961292,38.94076676360928],[-8.013726860485333,38.981382180266934],[-8.047609401202635,39.008287712625645],[-8.079225096953794,39.01381070211535],[-8.087324026334494,38.97605868349082],[-8.10316436029426,38.9691572027193],[-8.120289723618614,39.003989756526906],[-8.098597988766663,39.012690214675295],[-8.103806887789917,39.02273441219813],[-8.14038637592554,39.01247864860755],[-8.152002950739737,39.02693144992248],[-8.218665020825128,38.97826317156762],[-8.227914759747193,38.98738685984562]]]]}},{"type":"Feature","properties":{"fid":95,"dtmn":"0708","municipio":"Mourão","c1_declive":7.5595087021049245,"c2_ambcon":4.05929830129838,"c3_infraest":0.0,"c4_compolit":0.0,"c5_utiliza":3.034316957544656,"bfi_2025":2.3776388370440187,"bfi_2025_Ranking":75.0,"BikeSharing":false,"ExtCic_AURB":0.0,"ExtensaoCiclovias_conc":0.0,"PopResidente_2021":2351,"Total_Valor_Euros":0.0,"UtilizacaoBicicleta":0.0037,"UtilizacaoMulheres":0.25,"area_km2":278.63,"bfi_Ranking":75.0},"geometry":{"type":"MultiPolygon","coordinates":[[[[-7.107758973572661,38.1879866169985],[-7.150571839747979,38.27584714430423],[-7.169684520720963,38.27928345588478],[-7.279748124453731,38.41967673055038],[-7.335847583840241,38.435819827165474],[-7.341607458699016,38.43010567556776],[-7.386464963095955,38.39839642355103],[-7.377328633622368,38.366562353205275],[-7.4286506621004,38.34639332919263],[-7.415880592789627,38.320445793425364],[-7.429886552433774,38.295627656602896],[-7.408287298386506,38.27639598186504],[-7.396926206278057,38.290098470174826],[-7.406570209948272,38.29864968161469],[-7.356130706175415,38.29922915697074],[-7.337142834883147,38.321014333418425],[-7.280356472664498,38.330113315207875],[-7.244146161793642,38.26312641263906],[-7.190149967121025,38.246425083838005],[-7.199148633650361,38.22405058069922],[-7.152025555933425,38.15465013191799],[-7.152379443131623,38.17347537169325],[-7.107758973572661,38.1879866169985]]]]}},{"type":"Feature","properties":{"fid":96,"dtmn":"0709","municipio":"Portel","c1_declive":5.568536681901859,"c2_ambcon":4.757367818447569,"c3_infraest":0.0,"c4_compolit":0.3993138492006647,"c5_utiliza":2.1777052452886854,"bfi_2025":2.261599441699948,"bfi_2025_Ranking":91.0,"BikeSharing":false,"ExtCic_AURB":0.0,"ExtensaoCiclovias_conc":0.0,"PopResidente_2021":5747,"Total_Valor_Euros":22500.0,"UtilizacaoBicicleta":0.0033,"UtilizacaoMulheres":0.111,"area_km2":601.01,"bfi_Ranking":91.0},"geometry":{"type":"MultiPolygon","coordinates":[[[[-7.457194903195181,38.227365099481744],[-7.500216003192283,38.24721684611614],[-7.541743101839566,38.30263720264133],[-7.557213929171206,38.29770227620587],[-7.56074241166525,38.33458765221667],[-7.612426873577506,38.38224255791611],[-7.671043552883379,38.405146332492066],[-7.674963659629086,38.43444668566421],[-7.692315579014456,38.43860358851755],[-7.717021624033365,38.42387996524562],[-7.745340400952613,38.4335919565083],[-7.762092163017096,38.40068322569897],[-7.783299330185077,38.40538542409903],[-7.830942640740504,38.36729738731283],[-7.838165958287659,38.3411797538862],[-7.889861605190453,38.372669102526054],[-7.92234977087245,38.35601578679148],[-7.908556020984162,38.34983946444293],[-7.914961011433861,38.312313210666275],[-7.936491940167212,38.30138168230038],[-7.846566291724017,38.258060239201846],[-7.759076768831644,38.24658620734027],[-7.66961818490987,38.200223206016204],[-7.635009319366579,38.20952500733067],[-7.56709202291269,38.18890602649291],[-7.491609343409412,38.190109587971484],[-7.496592213864331,38.20607410391514],[-7.457194903195181,38.227365099481744]]]]}},{"type":"Feature","properties":{"fid":97,"dtmn":"0710","municipio":"Redondo","c1_declive":7.029028038755516,"c2_ambcon":3.1911774364420262,"c3_infraest":0.0,"c4_compolit":0.0,"c5_utiliza":2.043822396283287,"bfi_2025":1.9094616422427155,"bfi_2025_Ranking":143.0,"BikeSharing":false,"ExtCic_AURB":0.0,"ExtensaoCiclovias_conc":0.0,"PopResidente_2021":6286,"Total_Valor_Euros":0.0,"UtilizacaoBicicleta":0.0056,"UtilizacaoMulheres":0.111,"area_km2":369.51,"bfi_Ranking":143.0},"geometry":{"type":"MultiPolygon","coordinates":[[[[-7.720682689448807,38.68486374493538],[-7.671199478999431,38.62726475328613],[-7.666867939349591,38.607748766277226],[-7.693391875651503,38.601501171339464],[-7.687800218101574,38.574180721353116],[-7.667038341202563,38.56673549866112],[-7.684162784579386,38.55173441624097],[-7.661505208066012,38.5411945599914],[-7.625465469993548,38.56599043836435],[-7.60962377402245,38.550106231030064],[-7.652854362061646,38.5211396518536],[-7.632418813132192,38.51029277920077],[-7.64232934198371,38.49906219978689],[-7.589753292249292,38.47637179808462],[-7.554935069489533,38.48573339527073],[-7.51956147002483,38.523668231552534],[-7.563669353997537,38.54705699526573],[-7.543103857976047,38.576025909498576],[-7.502481236678011,38.59004403063699],[-7.521818554840444,38.66094411181074],[-7.49694807006358,38.6924198007198],[-7.491003660755105,38.71301395574179],[-7.541147474318128,38.75512807703247],[-7.552950719648663,38.74673255764478],[-7.546811955218884,38.73228628981981],[-7.609369305451764,38.74110257447411],[-7.670474097598855,38.7156276226829],[-7.689836824305671,38.724439163301426],[-7.687524451049511,38.70128254244822],[-7.720682689448807,38.68486374493538]]]]}},{"type":"Feature","properties":{"fid":98,"dtmn":"0711","municipio":"Reguengos de Monsaraz","c1_declive":7.7648879061564475,"c2_ambcon":3.9767176724221374,"c3_infraest":0.24476774355526648,"c4_compolit":0.0,"c5_utiliza":1.6979017152575615,"bfi_2025":2.171440487661508,"bfi_2025_Ranking":104.0,"BikeSharing":false,"ExtCic_AURB":750.41,"ExtensaoCiclovias_conc":750.41,"PopResidente_2021":9871,"Total_Valor_Euros":0.0,"UtilizacaoBicicleta":0.0059,"UtilizacaoMulheres":0.035,"area_km2":464.0,"bfi_Ranking":104.0},"geometry":{"type":"MultiPolygon","coordinates":[[[[-7.612426873577506,38.38224255791611],[-7.56074241166525,38.33458765221667],[-7.557213929171206,38.29770227620587],[-7.541743101839566,38.30263720264133],[-7.500216003192283,38.24721684611614],[-7.457194903195181,38.227365099481744],[-7.408287298386506,38.27639598186504],[-7.429886552433774,38.295627656602896],[-7.415880592789627,38.320445793425364],[-7.4286506621004,38.34639332919263],[-7.377328633622368,38.366562353205275],[-7.386464963095955,38.39839642355103],[-7.341607458699016,38.43010567556776],[-7.344292074693477,38.48749503409833],[-7.365289493209286,38.50925644465382],[-7.438861259214332,38.49654460296659],[-7.476717021287,38.52357034161409],[-7.51956147002483,38.523668231552534],[-7.554935069489533,38.48573339527073],[-7.610961183977447,38.405999033258695],[-7.612426873577506,38.38224255791611]]]]}},{"type":"Feature","properties":{"fid":99,"dtmn":"0712","municipio":"Vendas Novas","c1_declive":8.704043113706195,"c2_ambcon":3.0671370546172416,"c3_infraest":1.697567810363707,"c4_compolit":0.0,"c5_utiliza":2.5833199027253153,"bfi_2025":2.57824450816092,"bfi_2025_Ranking":60.0,"BikeSharing":false,"ExtCic_AURB":6126.98,"ExtensaoCiclovias_conc":6126.98,"PopResidente_2021":11245,"Total_Valor_Euros":0.0,"UtilizacaoBicicleta":0.0157,"UtilizacaoMulheres":0.198,"area_km2":222.39,"bfi_Ranking":60.0},"geometry":{"type":"MultiPolygon","coordinates":[[[[-8.491734250286209,38.75460449411277],[-8.510840777192385,38.73606658772618],[-8.501018399395658,38.715494826850005],[-8.612390709273944,38.644689641813756],[-8.658417367317806,38.6036694043961],[-8.63911394256515,38.549491178444484],[-8.575218390388144,38.547921193087156],[-8.578687560401423,38.59895012617449],[-8.500455378068773,38.64906614850149],[-8.468459656027829,38.62802636159027],[-8.432910539847027,38.64385412621332],[-8.406100625224488,38.63227966140461],[-8.391630701940949,38.655502009247066],[-8.380254429693913,38.65007012570313],[-8.386843990898297,38.70522256980817],[-8.442758231569638,38.72612712616505],[-8.435282281147478,38.74528778383961],[-8.491734250286209,38.75460449411277]]]]}},{"type":"Feature","properties":{"fid":100,"dtmn":"0713","municipio":"Viana do Alentejo","c1_declive":7.24757880245229,"c2_ambcon":4.7821937015997085,"c3_infraest":0.0,"c4_compolit":0.0,"c5_utiliza":1.977769576148549,"bfi_2025":2.3158602208748658,"bfi_2025_Ranking":82.0,"BikeSharing":false,"ExtCic_AURB":0.0,"ExtensaoCiclovias_conc":0.0,"PopResidente_2021":5318,"Total_Valor_Euros":0.0,"UtilizacaoBicicleta":0.0086,"UtilizacaoMulheres":0.083,"area_km2":393.67,"bfi_Ranking":82.0},"geometry":{"type":"MultiPolygon","coordinates":[[[[-7.92234977087245,38.35601578679148],[-7.946919402885976,38.35657951146129],[-7.918602631079136,38.384548635101396],[-7.94155107652998,38.41213873789873],[-8.002667612146315,38.40182825768242],[-8.064401725248471,38.36606992098517],[-8.061337651944477,38.39429428068724],[-8.09319514007545,38.394761776834855],[-8.099046047004714,38.44214384779759],[-8.11138500936127,38.44027141816619],[-8.118651331786461,38.46267360705811],[-8.13590968699875,38.48174317671141],[-8.175927096818027,38.46355724468206],[-8.170425582630273,38.481462206142695],[-8.24072104732809,38.46715455114272],[-8.255403142106843,38.47639263828199],[-8.289028987503098,38.43762792639942],[-8.2850757089808,38.42462014233911],[-8.301880442421869,38.423657153923486],[-8.283718463707519,38.41207075149081],[-8.322570785206159,38.3721828002827],[-8.277286341981904,38.37154371458803],[-8.269247246257907,38.353621578622715],[-8.197733569693304,38.34258488269812],[-8.164368676426433,38.31984328466338],[-8.055076878812773,38.328329580051104],[-8.019906673498872,38.30070677069097],[-7.98141562456527,38.318177718806844],[-7.947104900720952,38.30493319871102],[-7.936491940167212,38.30138168230038],[-7.914961011433861,38.312313210666275],[-7.908556020984162,38.34983946444293],[-7.92234977087245,38.35601578679148]]]]}},{"type":"Feature","properties":{"fid":101,"dtmn":"0714","municipio":"Vila Viçosa","c1_declive":6.443847589020124,"c2_ambcon":5.150343624352088,"c3_infraest":0.0,"c4_compolit":0.0,"c5_utiliza":1.7173077085443524,"bfi_2025":2.275432206698905,"bfi_2025_Ranking":87.0,"BikeSharing":false,"ExtCic_AURB":0.0,"ExtensaoCiclovias_conc":0.0,"PopResidente_2021":7387,"Total_Valor_Euros":0.0,"UtilizacaoBicicleta":0.0067,"UtilizacaoMulheres":0.04,"area_km2":194.86,"bfi_Ranking":87.0},"geometry":{"type":"MultiPolygon","coordinates":[[[[-7.49694807006358,38.6924198007198],[-7.478056700462438,38.67124069476422],[-7.456393294407794,38.67468735644184],[-7.462509901050528,38.7101716933386],[-7.412107432018306,38.71837964889198],[-7.391459139142384,38.70521265209016],[-7.370400050503619,38.712060998092774],[-7.380689541422554,38.73349654838103],[-7.343956226019813,38.75368924170527],[-7.326590119315118,38.732614969280554],[-7.310789408475743,38.742902772557976],[-7.296573611612748,38.73220273287492],[-7.263931405928033,38.77335760106942],[-7.227599357381059,38.76682599547382],[-7.232398574820669,38.78516432549773],[-7.207434388399118,38.8310970106941],[-7.226552669245653,38.828599456134896],[-7.244892395380883,38.84778043934968],[-7.279619017088796,38.827641628642475],[-7.304052868006886,38.83741451916671],[-7.325642929943259,38.82519264026289],[-7.3282828674046,38.80389705933408],[-7.39167306191823,38.801619241808076],[-7.460423990585885,38.774682235219785],[-7.491003660755105,38.71301395574179],[-7.49694807006358,38.6924198007198]]]]}},{"type":"Feature","properties":{"fid":102,"dtmn":"0801","municipio":"Albufeira","c1_declive":6.3176010774634905,"c2_ambcon":4.480455243995783,"c3_infraest":1.9596729802284236,"c4_compolit":0.0,"c5_utiliza":2.148401508452799,"bfi_2025":2.6714724654929607,"bfi_2025_Ranking":50.0,"BikeSharing":false,"ExtCic_AURB":7602.78,"ExtensaoCiclovias_conc":8120.45,"PopResidente_2021":44164,"Total_Valor_Euros":0.0,"UtilizacaoBicicleta":0.0072,"UtilizacaoMulheres":0.199,"area_km2":140.66,"bfi_Ranking":50.0},"geometry":{"type":"MultiPolygon","coordinates":[[[[-8.232007886842169,37.21675151852301],[-8.243566734483517,37.148620909259556],[-8.308500162641723,37.14154007213757],[-8.329555269783055,37.08862375857678],[-8.297999206869573,37.07208706456266],[-8.184747078244012,37.09055133253341],[-8.127209062211676,37.07385144481302],[-8.153251622980813,37.108238516986994],[-8.196890434818018,37.1213834395962],[-8.177185521284414,37.13279477009995],[-8.156448126439274,37.18843860083522],[-8.232007886842169,37.21675151852301]]],[[[-8.21655898467828,37.08521598577349],[-8.21644591479733,37.085233458617274],[-8.216469232519772,37.08536729605226],[-8.216589894142682,37.085332189326266],[-8.21655898467828,37.08521598577349]]]]}},{"type":"Feature","properties":{"fid":103,"dtmn":"0802","municipio":"Alcoutim","c1_declive":3.8135376622919246,"c2_ambcon":2.418409690237318,"c3_infraest":0.0,"c4_compolit":0.0,"c5_utiliza":1.9529142569697364,"bfi_2025":1.3765390401824693,"bfi_2025_Ranking":220.0,"BikeSharing":false,"ExtCic_AURB":0.0,"ExtensaoCiclovias_conc":0.0,"PopResidente_2021":2523,"Total_Valor_Euros":0.0,"UtilizacaoBicicleta":0.0057,"UtilizacaoMulheres":0.0,"area_km2":575.36,"bfi_Ranking":220.0},"geometry":{"type":"MultiPolygon","coordinates":[[[[-7.630224488523875,37.28780380156955],[-7.636493158646248,37.32299515065433],[-7.609377075709913,37.37931564792624],[-7.544578834523607,37.39359512842133],[-7.479997030152207,37.36920294254767],[-7.437081856192424,37.370298734194584],[-7.462706831971498,37.408989105065565],[-7.445500403880161,37.41940614701051],[-7.464282659302779,37.488254181961906],[-7.512458663891306,37.52629450036192],[-7.574428308266675,37.529092030125966],[-7.620672911091263,37.48978327636545],[-7.662347542597759,37.50576251585353],[-7.712998036628318,37.50177627499996],[-7.855992744045962,37.437253282857085],[-7.891528081068027,37.43459554797287],[-7.891015142998866,37.415407469693015],[-7.879451148458926,37.384265372727654],[-7.765879291937311,37.378327500029435],[-7.729424228128897,37.32869104072026],[-7.726448927349543,37.30041442774113],[-7.682255052583282,37.29337706407537],[-7.673219320270654,37.27577063249873],[-7.630224488523875,37.28780380156955]]]]}},{"type":"Feature","properties":{"fid":104,"dtmn":"0803","municipio":"Aljezur","c1_declive":5.561241723485252,"c2_ambcon":3.132679854380763,"c3_infraest":0.03668885128667992,"c4_compolit":7.545705163368557,"c5_utiliza":3.843707680521965,"bfi_2025":3.6263489175434906,"bfi_2025_Ranking":11.0,"BikeSharing":false,"ExtCic_AURB":0.0,"ExtensaoCiclovias_conc":799.33,"PopResidente_2021":6045,"Total_Valor_Euros":702000.0,"UtilizacaoBicicleta":0.0113,"UtilizacaoMulheres":0.467,"area_km2":323.5,"bfi_Ranking":11.0},"geometry":{"type":"MultiPolygon","coordinates":[[[[-8.846385030240278,37.165411136438685],[-8.791038212912829,37.18747540920256],[-8.778375328008197,37.217113929473896],[-8.75504786808822,37.22731235283269],[-8.73571389454794,37.2918235932563],[-8.74574786373509,37.309166941185],[-8.698962874077791,37.3430053330709],[-8.70695840022257,37.360820870932166],[-8.678673732512602,37.36658641288638],[-8.682720467580076,37.40029352254995],[-8.73350395670802,37.39518549940767],[-8.74968340365162,37.43187827960452],[-8.79632162052116,37.44294791341655],[-8.844655835627947,37.352011835729655],[-8.877978577277865,37.32102979306406],[-8.874432703292474,37.296306940521184],[-8.864828855882818,37.294506219131875],[-8.866629577272128,37.28230132971544],[-8.860221726673306,37.269072914947394],[-8.896010113322513,37.206101380293354],[-8.918187429327551,37.1964243495837],[-8.909646810461215,37.18946413808875],[-8.9128480929311,37.18346173345772],[-8.909846890615583,37.174057966202426],[-8.904244646293282,37.169456122651965],[-8.909516998623388,37.15554499998728],[-8.846385030240278,37.165411136438685]]]]}},{"type":"Feature","properties":{"fid":105,"dtmn":"0804","municipio":"Castro Marim","c1_declive":4.822451049076161,"c2_ambcon":2.550475131943106,"c3_infraest":2.319459078894427,"c4_compolit":1.4034186230892918,"c5_utiliza":2.8125986449309437,"bfi_2025":2.5429321112210466,"bfi_2025_Ranking":65.0,"BikeSharing":true,"ExtCic_AURB":1747.22,"ExtensaoCiclovias_conc":7700.02,"PopResidente_2021":6439,"Total_Valor_Euros":171310.0,"UtilizacaoBicicleta":0.0094,"UtilizacaoMulheres":0.308,"area_km2":300.84,"bfi_Ranking":65.0},"geometry":{"type":"MultiPolygon","coordinates":[[[[-7.571568160253675,37.252462642486485],[-7.534213163593189,37.258004269662216],[-7.534697010372884,37.20653364227215],[-7.506812822781365,37.167176814101275],[-7.46921039842485,37.17566289657635],[-7.469673140250946,37.190383965272936],[-7.413640364619475,37.210559929008504],[-7.433532394881799,37.24973624505623],[-7.421691223278745,37.2737848903275],[-7.442177912205271,37.31129988763258],[-7.437081856192424,37.370298734194584],[-7.479997030152207,37.36920294254767],[-7.544578834523607,37.39359512842133],[-7.609377075709913,37.37931564792624],[-7.636493158646248,37.32299515065433],[-7.630224488523875,37.28780380156955],[-7.571568160253675,37.252462642486485]]]]}},{"type":"Feature","properties":{"fid":106,"dtmn":"0805","municipio":"Faro","c1_declive":6.896688950845565,"c2_ambcon":5.646147192225146,"c3_infraest":2.552049647327041,"c4_compolit":0.13782097038396515,"c5_utiliza":2.8061060401594617,"bfi_2025":3.328003507081289,"bfi_2025_Ranking":17.0,"BikeSharing":false,"ExtCic_AURB":14545.59,"ExtensaoCiclovias_conc":16972.82,"PopResidente_2021":67622,"Total_Valor_Euros":121548.91,"UtilizacaoBicicleta":0.0116,"UtilizacaoMulheres":0.225,"area_km2":202.57,"bfi_Ranking":17.0},"geometry":{"type":"MultiPolygon","coordinates":[[[[-7.809354462736636,37.00203055136751],[-7.85192976624905,36.99812232399449],[-7.887208130716734,37.02380475807379],[-7.886098099479097,37.0726614379375],[-7.857991134189033,37.06951814410448],[-7.828871737495467,37.09402702554558],[-7.844715021012435,37.10527969582103],[-7.83947274318987,37.12370081995865],[-7.864304579405731,37.1343314836473],[-7.905890549205447,37.12510703465636],[-7.942191582390032,37.14405873782008],[-8.005516577201861,37.11396265972962],[-7.964777964842962,37.07555726327719],[-7.99071425673562,37.05195772874002],[-7.982040158706242,37.021136658755445],[-8.000467861693167,37.01026976562859],[-7.886697417707136,36.961767937205686],[-7.809354462736636,37.00203055136751]]]]}},{"type":"Feature","properties":{"fid":107,"dtmn":"0806","municipio":"Lagoa","c1_declive":5.872369008658069,"c2_ambcon":3.7066047802146382,"c3_infraest":1.558926644373586,"c4_compolit":0.01795611442724386,"c5_utiliza":1.7766826600963666,"bfi_2025":2.262547511917585,"bfi_2025_Ranking":90.0,"BikeSharing":true,"ExtCic_AURB":1214.08,"ExtensaoCiclovias_conc":1889.82,"PopResidente_2021":23725,"Total_Valor_Euros":9115.2,"UtilizacaoBicicleta":0.0079,"UtilizacaoMulheres":0.099,"area_km2":88.25,"bfi_Ranking":90.0},"geometry":{"type":"MultiPolygon","coordinates":[[[[-8.527876721784175,37.10841885973309],[-8.436743164544787,37.085328120453184],[-8.36936146644757,37.10168143620335],[-8.386491709201033,37.115421392302416],[-8.384926621489132,37.152269413747376],[-8.433034215663437,37.14264595138995],[-8.456672566488558,37.15075147060939],[-8.463950273700766,37.17931186482063],[-8.485567963628943,37.1762351670113],[-8.53182444602413,37.137289723090184],[-8.527876721784175,37.10841885973309]]]]}},{"type":"Feature","properties":{"fid":108,"dtmn":"0807","municipio":"Lagos","c1_declive":4.889483511590006,"c2_ambcon":4.39094746826879,"c3_infraest":0.21164394571892478,"c4_compolit":0.21273529196709315,"c5_utiliza":2.7830046098778998,"bfi_2025":2.238744185024928,"bfi_2025_Ranking":96.0,"BikeSharing":false,"ExtCic_AURB":2089.52,"ExtensaoCiclovias_conc":2318.33,"PopResidente_2021":33494,"Total_Valor_Euros":119500.0,"UtilizacaoBicicleta":0.0126,"UtilizacaoMulheres":0.226,"area_km2":212.99,"bfi_Ranking":96.0},"geometry":{"type":"MultiPolygon","coordinates":[[[[-8.772261249950237,37.07122625854594],[-8.74498084341648,37.076218770716565],[-8.726672329294406,37.08649876760714],[-8.7087663354759,37.08322157611944],[-8.684156476488656,37.08522237766312],[-8.667550163356163,37.07888050869467],[-8.669950785528536,37.092225183065985],[-8.664470537325158,37.10697507201821],[-8.641739483762672,37.11923600390565],[-8.61915011127207,37.12054494293909],[-8.650383460448072,37.1919891852382],[-8.683854857546882,37.21345619044],[-8.707873506808092,37.234330504116166],[-8.75504786808822,37.22731235283269],[-8.778375328008197,37.217113929473896],[-8.791038212912829,37.18747540920256],[-8.846385030240278,37.165411136438685],[-8.848823776947992,37.15030148789922],[-8.79803353052899,37.13273236495655],[-8.779310981540391,37.11025265817177],[-8.772261249950237,37.07122625854594]]]]}},{"type":"Feature","properties":{"fid":109,"dtmn":"0808","municipio":"Loulé","c1_declive":5.185392788407991,"c2_ambcon":2.877549791821788,"c3_infraest":2.6180999168909236,"c4_compolit":1.1595728083569614,"c5_utiliza":2.6670404406616166,"bfi_2025":2.6577743558226925,"bfi_2025_Ranking":54.0,"BikeSharing":true,"ExtCic_AURB":34022.99,"ExtensaoCiclovias_conc":36526.67,"PopResidente_2021":72332,"Total_Valor_Euros":1409832.38,"UtilizacaoBicicleta":0.0112,"UtilizacaoMulheres":0.244,"area_km2":763.67,"bfi_Ranking":54.0},"geometry":{"type":"MultiPolygon","coordinates":[[[[-8.127209062211676,37.07385144481302],[-8.000467861693167,37.01026976562859],[-7.982040158706242,37.021136658755445],[-7.99071425673562,37.05195772874002],[-7.964777964842962,37.07555726327719],[-8.005516577201861,37.11396265972962],[-7.942191582390032,37.14405873782008],[-7.964194885462167,37.20371736514362],[-7.926800134944693,37.226462187707575],[-7.912125920025855,37.21212026988772],[-7.914815003145339,37.249652801697955],[-7.892876285229895,37.25999672936457],[-7.90121754384985,37.27235059858408],[-7.882726758399233,37.283904139948824],[-7.915178569555368,37.31780453241523],[-7.879451148458926,37.384265372727654],[-7.891015142998866,37.415407469693015],[-7.999850771948607,37.39807130013024],[-8.00667349155569,37.37710761272661],[-7.990213197970219,37.36338460124774],[-8.028044222964077,37.35437734916727],[-8.065693756026128,37.318963330606586],[-8.187238953180167,37.341099187617594],[-8.197822323011405,37.31880758542393],[-8.176880573135868,37.295023813066166],[-8.214926684732196,37.26851424000237],[-8.232007886842169,37.21675151852301],[-8.156448126439274,37.18843860083522],[-8.177185521284414,37.13279477009995],[-8.196890434818018,37.1213834395962],[-8.153251622980813,37.108238516986994],[-8.127209062211676,37.07385144481302]]]]}},{"type":"Feature","properties":{"fid":110,"dtmn":"0809","municipio":"Monchique","c1_declive":0.9263632853275888,"c2_ambcon":2.7953457475722274,"c3_infraest":0.0,"c4_compolit":0.0,"c5_utiliza":1.4353329404705262,"bfi_2025":1.078539353519921,"bfi_2025_Ranking":254.0,"BikeSharing":false,"ExtCic_AURB":0.0,"ExtensaoCiclovias_conc":0.0,"PopResidente_2021":5462,"Total_Valor_Euros":0.0,"UtilizacaoBicicleta":0.0031,"UtilizacaoMulheres":0.0,"area_km2":395.3,"bfi_Ranking":254.0},"geometry":{"type":"MultiPolygon","coordinates":[[[[-8.682720467580076,37.40029352254995],[-8.678673732512602,37.36658641288638],[-8.70695840022257,37.360820870932166],[-8.698962874077791,37.3430053330709],[-8.74574786373509,37.309166941185],[-8.73571389454794,37.2918235932563],[-8.75504786808822,37.22731235283269],[-8.707873506808092,37.234330504116166],[-8.683854857546882,37.21345619044],[-8.662458974448972,37.24843667498075],[-8.63897918529874,37.23478347061817],[-8.622980363930502,37.278875450399134],[-8.602529619824212,37.26665873947928],[-8.59324528881661,37.27984635969017],[-8.568261264932325,37.247781658785094],[-8.532573553962697,37.249129805865984],[-8.499016760224315,37.2440961986289],[-8.477889153616621,37.278043715699575],[-8.436738379754699,37.284887551962115],[-8.445658003204699,37.30882642465633],[-8.421256822046976,37.35536788274473],[-8.454543019129861,37.373718975994876],[-8.515084456767898,37.37871763286309],[-8.573189350935316,37.41198454247805],[-8.620877670452193,37.40113436068858],[-8.639819245041329,37.375358698460694],[-8.682720467580076,37.40029352254995]]]]}},{"type":"Feature","properties":{"fid":111,"dtmn":"0810","municipio":"Olhão","c1_declive":7.567891218859327,"c2_ambcon":5.044647841787063,"c3_infraest":0.40375990603503276,"c4_compolit":0.07790188461139706,"c5_utiliza":2.6362649831803036,"bfi_2025":2.661724432399797,"bfi_2025_Ranking":53.0,"BikeSharing":false,"ExtCic_AURB":3218.84,"ExtensaoCiclovias_conc":5958.8,"PopResidente_2021":44614,"Total_Valor_Euros":41699.23,"UtilizacaoBicicleta":0.015,"UtilizacaoMulheres":0.175,"area_km2":130.86,"bfi_Ranking":53.0},"geometry":{"type":"MultiPolygon","coordinates":[[[[-7.809354462736636,37.00203055136751],[-7.723360982076804,37.05408499318969],[-7.745853337149151,37.07552325488197],[-7.760733368313763,37.130655012893264],[-7.8218695243223,37.126469347031275],[-7.83947274318987,37.12370081995865],[-7.844715021012435,37.10527969582103],[-7.828871737495467,37.09402702554558],[-7.857991134189033,37.06951814410448],[-7.886098099479097,37.0726614379375],[-7.887208130716734,37.02380475807379],[-7.85192976624905,36.99812232399449],[-7.809354462736636,37.00203055136751]]]]}},{"type":"Feature","properties":{"fid":112,"dtmn":"0811","municipio":"Portimão","c1_declive":5.290865250768223,"c2_ambcon":5.316731742192911,"c3_infraest":0.2582590588795141,"c4_compolit":0.13498796304578004,"c5_utiliza":2.4410744092572827,"bfi_2025":2.438046699805541,"bfi_2025_Ranking":73.0,"BikeSharing":false,"ExtCic_AURB":3264.5,"ExtensaoCiclovias_conc":3264.5,"PopResidente_2021":59845,"Total_Valor_Euros":91900.0,"UtilizacaoBicicleta":0.0097,"UtilizacaoMulheres":0.216,"area_km2":182.06,"bfi_Ranking":73.0},"geometry":{"type":"MultiPolygon","coordinates":[[[[-8.61915011127207,37.12054494293909],[-8.59472064748623,37.122237206221165],[-8.571511349579561,37.11603472143576],[-8.567709826646572,37.11603472143576],[-8.56150734186117,37.120236404677485],[-8.53169539886036,37.11523440081829],[-8.527876721784175,37.10841885973309],[-8.53182444602413,37.137289723090184],[-8.485567963628943,37.1762351670113],[-8.520811041403885,37.20448009793677],[-8.532573553962697,37.249129805865984],[-8.568261264932325,37.247781658785094],[-8.59324528881661,37.27984635969017],[-8.602529619824212,37.26665873947928],[-8.622980363930502,37.278875450399134],[-8.63897918529874,37.23478347061817],[-8.662458974448972,37.24843667498075],[-8.683854857546882,37.21345619044],[-8.650383460448072,37.1919891852382],[-8.61915011127207,37.12054494293909]]]]}},{"type":"Feature","properties":{"fid":113,"dtmn":"0812","municipio":"São Brás de Alportel","c1_declive":4.115670131178268,"c2_ambcon":2.4579231219919717,"c3_infraest":0.0,"c4_compolit":0.0,"c5_utiliza":2.2437035073166363,"bfi_2025":1.4747884950791472,"bfi_2025_Ranking":203.0,"BikeSharing":false,"ExtCic_AURB":0.0,"ExtensaoCiclovias_conc":0.0,"PopResidente_2021":11248,"Total_Valor_Euros":0.0,"UtilizacaoBicicleta":0.0155,"UtilizacaoMulheres":0.146,"area_km2":153.37,"bfi_Ranking":203.0},"geometry":{"type":"MultiPolygon","coordinates":[[[[-7.942191582390032,37.14405873782008],[-7.905890549205447,37.12510703465636],[-7.864304579405731,37.1343314836473],[-7.83947274318987,37.12370081995865],[-7.8218695243223,37.126469347031275],[-7.842740340499261,37.18862192310606],[-7.817544045965508,37.19260855843296],[-7.829770771828739,37.21609783556809],[-7.808872199496339,37.219543214285835],[-7.785843429033447,37.257757018494445],[-7.892876285229895,37.25999672936457],[-7.914815003145339,37.249652801697955],[-7.912125920025855,37.21212026988772],[-7.926800134944693,37.226462187707575],[-7.964194885462167,37.20371736514362],[-7.942191582390032,37.14405873782008]]]]}},{"type":"Feature","properties":{"fid":114,"dtmn":"0813","municipio":"Silves","c1_declive":5.213386644582565,"c2_ambcon":3.333875695984194,"c3_infraest":0.06252809852645372,"c4_compolit":0.15612509249034456,"c5_utiliza":2.1561996700672714,"bfi_2025":1.8329045655974416,"bfi_2025_Ranking":160.0,"BikeSharing":false,"ExtCic_AURB":547.64,"ExtensaoCiclovias_conc":2008.0,"PopResidente_2021":37766,"Total_Valor_Euros":80500.0,"UtilizacaoBicicleta":0.006,"UtilizacaoMulheres":0.182,"area_km2":680.06,"bfi_Ranking":160.0},"geometry":{"type":"MultiPolygon","coordinates":[[[[-8.329555269783055,37.08862375857678],[-8.308500162641723,37.14154007213757],[-8.243566734483517,37.148620909259556],[-8.232007886842169,37.21675151852301],[-8.214926684732196,37.26851424000237],[-8.176880573135868,37.295023813066166],[-8.197822323011405,37.31880758542393],[-8.187238953180167,37.341099187617594],[-8.248618622676094,37.384752536748984],[-8.275614119695847,37.387158411765505],[-8.266442472007352,37.409259047422346],[-8.31759233935178,37.439373617164215],[-8.329109509480478,37.4232173908369],[-8.377926511065937,37.42726495266222],[-8.417661841712635,37.419577884644966],[-8.423207549984218,37.39071385428907],[-8.454543019129861,37.373718975994876],[-8.421256822046976,37.35536788274473],[-8.445658003204699,37.30882642465633],[-8.436738379754699,37.284887551962115],[-8.477889153616621,37.278043715699575],[-8.499016760224315,37.2440961986289],[-8.532573553962697,37.249129805865984],[-8.520811041403885,37.20448009793677],[-8.485567963628943,37.1762351670113],[-8.463950273700766,37.17931186482063],[-8.456672566488558,37.15075147060939],[-8.433034215663437,37.14264595138995],[-8.384926621489132,37.152269413747376],[-8.386491709201033,37.115421392302416],[-8.36936146644757,37.10168143620335],[-8.329555269783055,37.08862375857678]]]]}},{"type":"Feature","properties":{"fid":115,"dtmn":"0814","municipio":"Tavira","c1_declive":5.109859589321556,"c2_ambcon":4.0578478310318955,"c3_infraest":0.5130376198282727,"c4_compolit":0.018725463395543304,"c5_utiliza":3.3442605384593858,"bfi_2025":2.3263045220181837,"bfi_2025_Ranking":80.0,"BikeSharing":false,"ExtCic_AURB":3988.72,"ExtensaoCiclovias_conc":4919.32,"PopResidente_2021":27523,"Total_Valor_Euros":8000.0,"UtilizacaoBicicleta":0.0203,"UtilizacaoMulheres":0.289,"area_km2":606.97,"bfi_Ranking":80.0},"geometry":{"type":"MultiPolygon","coordinates":[[[[-7.723360982076804,37.05408499318969],[-7.569613996142648,37.14236706468973],[-7.571568160253675,37.252462642486485],[-7.630224488523875,37.28780380156955],[-7.673219320270654,37.27577063249873],[-7.682255052583282,37.29337706407537],[-7.726448927349543,37.30041442774113],[-7.729424228128897,37.32869104072026],[-7.765879291937311,37.378327500029435],[-7.879451148458926,37.384265372727654],[-7.915178569555368,37.31780453241523],[-7.882726758399233,37.283904139948824],[-7.90121754384985,37.27235059858408],[-7.892876285229895,37.25999672936457],[-7.785843429033447,37.257757018494445],[-7.808872199496339,37.219543214285835],[-7.829770771828739,37.21609783556809],[-7.817544045965508,37.19260855843296],[-7.842740340499261,37.18862192310606],[-7.8218695243223,37.126469347031275],[-7.760733368313763,37.130655012893264],[-7.745853337149151,37.07552325488197],[-7.723360982076804,37.05408499318969]]]]}},{"type":"Feature","properties":{"fid":116,"dtmn":"0815","municipio":"Vila do Bispo","c1_declive":5.32171202970588,"c2_ambcon":4.294892145301606,"c3_infraest":0.8168100771239966,"c4_compolit":0.0,"c5_utiliza":3.3859778807615406,"bfi_2025":2.487292334729297,"bfi_2025_Ranking":70.0,"BikeSharing":false,"ExtCic_AURB":1276.25,"ExtensaoCiclovias_conc":5438.42,"PopResidente_2021":5717,"Total_Valor_Euros":0.0,"UtilizacaoBicicleta":0.0154,"UtilizacaoMulheres":0.282,"area_km2":179.06,"bfi_Ranking":70.0},"geometry":{"type":"MultiPolygon","coordinates":[[[[-8.997473095703992,37.02211716126484],[-8.997239470595973,37.02204732117328],[-8.997307109359314,37.02242310461048],[-8.997545018487793,37.02225602626542],[-8.997473095703992,37.02211716126484]]],[[[-8.909516998623388,37.15554499998728],[-8.93885851299892,37.10783143510668],[-8.958666448281335,37.0928254235291],[-8.96646957430168,37.06621476299817],[-8.996859547193631,37.02237554849955],[-8.986077429429727,37.01959608703047],[-8.963789421190802,37.02527312295079],[-8.947662039791101,37.00639079684219],[-8.952063803187194,36.99758727005001],[-8.948025625005434,36.99349900408364],[-8.945060997784319,37.00298943421794],[-8.93665763130087,37.00659087699656],[-8.930455146515467,37.00238919375484],[-8.925052982347536,37.00899183884898],[-8.931455547287307,37.012993441936324],[-8.922652020495123,37.021596888574145],[-8.912447932622364,37.02239720919162],[-8.905845287528225,37.023597690117825],[-8.899442722588454,37.03160089629254],[-8.894240454750447,37.042543916868254],[-8.882235829312819,37.043005465091504],[-8.87103134066822,37.04600666740702],[-8.864228615419714,37.04220514447403],[-8.854624768010057,37.054810194199206],[-8.821411462384996,37.065814602689436],[-8.79139943922982,37.065014282071964],[-8.785196954444418,37.06381380114576],[-8.772261249950237,37.07122625854594],[-8.779310981540391,37.11025265817177],[-8.79803353052899,37.13273236495655],[-8.848823776947992,37.15030148789922],[-8.846385030240278,37.165411136438685],[-8.909516998623388,37.15554499998728]]]]}},{"type":"Feature","properties":{"fid":117,"dtmn":"0816","municipio":"Vila Real de Santo António","c1_declive":7.335228050247993,"c2_ambcon":4.810503702610994,"c3_infraest":0.0,"c4_compolit":0.06544120968792871,"c5_utiliza":4.363131996570953,"bfi_2025":2.8218633719293242,"bfi_2025_Ranking":39.0,"BikeSharing":false,"ExtCic_AURB":0.0,"ExtensaoCiclovias_conc":0.0,"PopResidente_2021":18824,"Total_Valor_Euros":19550.0,"UtilizacaoBicicleta":0.0373,"UtilizacaoMulheres":0.259,"area_km2":61.25,"bfi_Ranking":39.0},"geometry":{"type":"MultiPolygon","coordinates":[[[[-7.46921039842485,37.17566289657635],[-7.393304846134421,37.16618501779541],[-7.413640364619475,37.210559929008504],[-7.469673140250946,37.190383965272936],[-7.46921039842485,37.17566289657635]]],[[[-7.571568160253675,37.252462642486485],[-7.569613996142648,37.14236706468973],[-7.506812822781365,37.167176814101275],[-7.534697010372884,37.20653364227215],[-7.534213163593189,37.258004269662216],[-7.571568160253675,37.252462642486485]]]]}},{"type":"Feature","properties":{"fid":118,"dtmn":"0901","municipio":"Aguiar da Beira","c1_declive":3.9876319789438903,"c2_ambcon":1.7974775782666148,"c3_infraest":1.4,"c4_compolit":0.0,"c5_utiliza":1.746087468416086,"bfi_2025":1.5473500861442602,"bfi_2025_Ranking":196.0,"BikeSharing":true,"ExtCic_AURB":0.0,"ExtensaoCiclovias_conc":0.0,"PopResidente_2021":5231,"Total_Valor_Euros":0.0,"UtilizacaoBicicleta":0.0051,"UtilizacaoMulheres":0.1,"area_km2":206.77,"bfi_Ranking":196.0},"geometry":{"type":"MultiPolygon","coordinates":[[[[-7.535141759735283,40.69030221857781],[-7.480925010683021,40.70294170109448],[-7.465720677811943,40.74446947613428],[-7.424471635174254,40.75809167169744],[-7.42473183348682,40.772140602032614],[-7.46672258504839,40.798223129384645],[-7.45420419233303,40.8126077907279],[-7.529298288613538,40.87304576956714],[-7.576842115855013,40.862778421016955],[-7.591335198069179,40.82991738970517],[-7.628108604630778,40.78150312089291],[-7.570866100015467,40.749154942693934],[-7.597753527796641,40.72647849187549],[-7.570758140616892,40.69874929746043],[-7.535141759735283,40.69030221857781]]]]}},{"type":"Feature","properties":{"fid":119,"dtmn":"0902","municipio":"Almeida","c1_declive":6.860399480188917,"c2_ambcon":3.3143816558802697,"c3_infraest":0.08682081998034138,"c4_compolit":1.1121821793416826,"c5_utiliza":2.324712216507034,"bfi_2025":2.223719446153788,"bfi_2025_Ranking":98.0,"BikeSharing":false,"ExtCic_AURB":0.0,"ExtensaoCiclovias_conc":2037.64,"PopResidente_2021":5887,"Total_Valor_Euros":102385.46,"UtilizacaoBicicleta":0.0045,"UtilizacaoMulheres":0.222,"area_km2":517.98,"bfi_Ranking":98.0},"geometry":{"type":"MultiPolygon","coordinates":[[[[-7.051762582759801,40.55222938796988],[-7.002559834554,40.477180453802085],[-6.948942904842293,40.51746804387919],[-6.833174074336258,40.4766802562689],[-6.795268141895103,40.51136854223182],[-6.800862064635786,40.550353258816614],[-6.845357380848008,40.56595395405457],[-6.794014438895988,40.66129735386626],[-6.830543952298155,40.74276908783683],[-6.825586470954938,40.78342014736242],[-6.91272292832023,40.765371576917616],[-6.929474890037126,40.77537811882293],[-6.95911371845363,40.74850959892372],[-7.007966137909625,40.71126645313488],[-7.003900258849002,40.672678435211594],[-7.037015971455233,40.58764936933665],[-7.051762582759801,40.55222938796988]]]]}},{"type":"Feature","properties":{"fid":120,"dtmn":"0903","municipio":"Celorico da Beira","c1_declive":3.5845794756366556,"c2_ambcon":2.533782886372392,"c3_infraest":0.0,"c4_compolit":0.0,"c5_utiliza":1.199681342330909,"bfi_2025":1.2318399376229454,"bfi_2025_Ranking":236.0,"BikeSharing":false,"ExtCic_AURB":0.0,"ExtensaoCiclovias_conc":0.0,"PopResidente_2021":6583,"Total_Valor_Euros":0.0,"UtilizacaoBicicleta":0.0014,"UtilizacaoMulheres":0.0,"area_km2":247.22,"bfi_Ranking":236.0},"geometry":{"type":"MultiPolygon","coordinates":[[[[-7.511260975849335,40.557593128745935],[-7.479072294135046,40.55247309157722],[-7.462144227830359,40.51518405607447],[-7.427808952334795,40.54904084600637],[-7.373607662073731,40.537339528384905],[-7.334754356209523,40.573861837176835],[-7.300971209136146,40.63861105721867],[-7.273305021132609,40.63906496292732],[-7.262444255477398,40.685265330660265],[-7.255924845632164,40.696212317582805],[-7.295200008068809,40.70928688015631],[-7.397269088320518,40.70513152918803],[-7.421775115534608,40.69074076620414],[-7.432029953975107,40.657809580823276],[-7.478412698497979,40.622848907118836],[-7.467743550528319,40.605766827436014],[-7.502776766259151,40.59726353659617],[-7.496734297580944,40.57171431913537],[-7.511260975849335,40.557593128745935]]]]}},{"type":"Feature","properties":{"fid":121,"dtmn":"0904","municipio":"Figueira de Castelo Rodrigo","c1_declive":6.519533759360321,"c2_ambcon":3.1051427145296477,"c3_infraest":1.4,"c4_compolit":0.0,"c5_utiliza":1.5408484883176066,"bfi_2025":2.086408752231965,"bfi_2025_Ranking":121.0,"BikeSharing":true,"ExtCic_AURB":0.0,"ExtensaoCiclovias_conc":0.0,"PopResidente_2021":5148,"Total_Valor_Euros":0.0,"UtilizacaoBicicleta":0.0019,"UtilizacaoMulheres":0.0,"area_km2":508.57,"bfi_Ranking":121.0},"geometry":{"type":"MultiPolygon","coordinates":[[[[-6.95911371845363,40.74850959892372],[-6.929474890037126,40.77537811882293],[-6.91272292832023,40.765371576917616],[-6.825586470954938,40.78342014736242],[-6.826002389350907,40.84337661892791],[-6.800155290938746,40.84848396463188],[-6.808621333272063,40.881687629525345],[-6.848873682354817,40.90250219573807],[-6.859130682644871,40.94972603345025],[-6.921579369000246,41.00248086826161],[-6.931356647135615,41.029411125949814],[-6.983585929285128,41.02624967831796],[-6.997353749559234,40.98219975802252],[-7.101709245597875,40.971213673316434],[-7.096126959244859,40.92299712557727],[-7.122208580116087,40.86461081539573],[-7.086568734298869,40.82479480971277],[-7.029820892669744,40.818190416601205],[-7.012929745799022,40.787040814452546],[-6.987473448726202,40.782982821351744],[-6.95911371845363,40.74850959892372]]]]}},{"type":"Feature","properties":{"fid":122,"dtmn":"0905","municipio":"Fornos de Algodres","c1_declive":2.861008870513243,"c2_ambcon":2.4883642712286203,"c3_infraest":0.0,"c4_compolit":0.3791174943445791,"c5_utiliza":1.1700727313526027,"bfi_2025":1.2180299999979156,"bfi_2025_Ranking":238.0,"BikeSharing":false,"ExtCic_AURB":0.0,"ExtensaoCiclovias_conc":0.0,"PopResidente_2021":4403,"Total_Valor_Euros":19950.0,"UtilizacaoBicicleta":0.0011,"UtilizacaoMulheres":0.0,"area_km2":131.45,"bfi_Ranking":238.0},"geometry":{"type":"MultiPolygon","coordinates":[[[[-7.511260975849335,40.557593128745935],[-7.496734297580944,40.57171431913537],[-7.502776766259151,40.59726353659617],[-7.467743550528319,40.605766827436014],[-7.478412698497979,40.622848907118836],[-7.432029953975107,40.657809580823276],[-7.421775115534608,40.69074076620414],[-7.461044185407719,40.717089911361334],[-7.424471635174254,40.75809167169744],[-7.465720677811943,40.74446947613428],[-7.480925010683021,40.70294170109448],[-7.535141759735283,40.69030221857781],[-7.551368133729311,40.67709844398374],[-7.542077425527709,40.65936839066713],[-7.565820762242188,40.645329903217814],[-7.589080563626281,40.585521978039544],[-7.580308848363581,40.57495868991635],[-7.527258017320981,40.607893527084656],[-7.539130457332207,40.57164083918383],[-7.511260975849335,40.557593128745935]]]]}},{"type":"Feature","properties":{"fid":123,"dtmn":"0906","municipio":"Gouveia","c1_declive":3.320310847436056,"c2_ambcon":2.823002488342819,"c3_infraest":0.0,"c4_compolit":0.0,"c5_utiliza":1.7471713666356825,"bfi_2025":1.387215980156447,"bfi_2025_Ranking":218.0,"BikeSharing":false,"ExtCic_AURB":0.0,"ExtensaoCiclovias_conc":0.0,"PopResidente_2021":12222,"Total_Valor_Euros":0.0,"UtilizacaoBicicleta":0.0017,"UtilizacaoMulheres":0.125,"area_km2":300.61,"bfi_Ranking":218.0},"geometry":{"type":"MultiPolygon","coordinates":[[[[-7.58343245615753,40.38757064198968],[-7.570708796242871,40.42474194662575],[-7.534381370101959,40.44304527103264],[-7.447124787635614,40.44611538998109],[-7.434337051414178,40.46156155506276],[-7.462144227830359,40.51518405607447],[-7.479072294135046,40.55247309157722],[-7.511260975849335,40.557593128745935],[-7.539130457332207,40.57164083918383],[-7.527258017320981,40.607893527084656],[-7.580308848363581,40.57495868991635],[-7.721113649459419,40.535516835025376],[-7.741767631347393,40.49013330847224],[-7.67624095389337,40.47816289984898],[-7.637798236931026,40.44986421693134],[-7.628485109201299,40.41973088174876],[-7.599497243151742,40.42123677341782],[-7.58343245615753,40.38757064198968]]]]}},{"type":"Feature","properties":{"fid":124,"dtmn":"0907","municipio":"Guarda","c1_declive":3.8603111621308117,"c2_ambcon":3.16156758775642,"c3_infraest":1.9097678599391537,"c4_compolit":0.061518071199838056,"c5_utiliza":1.5065074072124407,"bfi_2025":1.9674700738194302,"bfi_2025_Ranking":135.0,"BikeSharing":true,"ExtCic_AURB":5922.95,"ExtensaoCiclovias_conc":7492.45,"PopResidente_2021":40117,"Total_Valor_Euros":36700.0,"UtilizacaoBicicleta":0.0007,"UtilizacaoMulheres":0.143,"area_km2":712.1,"bfi_Ranking":135.0},"geometry":{"type":"MultiPolygon","coordinates":[[[[-7.34377665685264,40.38208695143894],[-7.322348666596635,40.413486914960785],[-7.270392902786791,40.408057455597174],[-7.259537313711992,40.421354152100946],[-7.214565634235618,40.4151498569732],[-7.206800924728495,40.435347392281],[-7.188840834266888,40.43650284158851],[-7.14148664554761,40.41276471818119],[-7.085040518453185,40.442452104152665],[-7.052889027761121,40.4657331094325],[-7.077092272458604,40.54011663137869],[-7.051762582759801,40.55222938796988],[-7.037015971455233,40.58764936933665],[-7.1050281121785,40.60064451092922],[-7.097720392655431,40.63538784412166],[-7.120027314850229,40.64400751199275],[-7.156817510467463,40.63356262534738],[-7.163409377588017,40.60347790280037],[-7.182361286025422,40.600256821919],[-7.201192799574956,40.700565733620834],[-7.225940881651687,40.67605458113445],[-7.262444255477398,40.685265330660265],[-7.273305021132609,40.63906496292732],[-7.300971209136146,40.63861105721867],[-7.334754356209523,40.573861837176835],[-7.373607662073731,40.537339528384905],[-7.427808952334795,40.54904084600637],[-7.462144227830359,40.51518405607447],[-7.434337051414178,40.46156155506276],[-7.418850817420796,40.43471498154527],[-7.429386479847333,40.391518601173004],[-7.34377665685264,40.38208695143894]]]]}},{"type":"Feature","properties":{"fid":125,"dtmn":"0908","municipio":"Manteigas","c1_declive":0.5124631050270955,"c2_ambcon":3.0379832813768406,"c3_infraest":0.0,"c4_compolit":0.0,"c5_utiliza":1.2804697819568809,"bfi_2025":1.0668360872382958,"bfi_2025_Ranking":256.0,"BikeSharing":false,"ExtCic_AURB":0.0,"ExtensaoCiclovias_conc":0.0,"PopResidente_2021":2909,"Total_Valor_Euros":0.0,"UtilizacaoBicicleta":0.0,"UtilizacaoMulheres":0.0,"area_km2":121.98,"bfi_Ranking":256.0},"geometry":{"type":"MultiPolygon","coordinates":[[[[-7.612917222654292,40.32191346154761],[-7.537197502962779,40.31783950373157],[-7.48930119000234,40.393457516139165],[-7.429386479847333,40.391518601173004],[-7.418850817420796,40.43471498154527],[-7.434337051414178,40.46156155506276],[-7.447124787635614,40.44611538998109],[-7.534381370101959,40.44304527103264],[-7.570708796242871,40.42474194662575],[-7.58343245615753,40.38757064198968],[-7.612917222654292,40.32191346154761]]]]}},{"type":"Feature","properties":{"fid":126,"dtmn":"0909","municipio":"Mêda","c1_declive":3.9633212974606424,"c2_ambcon":3.7928478380523556,"c3_infraest":0.0,"c4_compolit":0.0,"c5_utiliza":2.213886205728616,"bfi_2025":1.7873213304048763,"bfi_2025_Ranking":163.0,"BikeSharing":false,"ExtCic_AURB":0.0,"ExtensaoCiclovias_conc":0.0,"PopResidente_2021":4630,"Total_Valor_Euros":0.0,"UtilizacaoBicicleta":0.0027,"UtilizacaoMulheres":0.2,"area_km2":286.05,"bfi_Ranking":163.0},"geometry":{"type":"MultiPolygon","coordinates":[[[[-7.375464916638705,40.904575411130075],[-7.336442579499638,40.90406947757005],[-7.338174629669675,40.86694649733234],[-7.306913097583286,40.87862255717896],[-7.199236624780769,40.82313228938765],[-7.135695376477969,40.92315870534484],[-7.185557593352752,40.935818664541245],[-7.166818799730171,40.97122680695415],[-7.185338937811274,40.994124623018756],[-7.167602488524516,41.006827345653484],[-7.178088566192681,41.0302224453693],[-7.223542128783358,41.034348430545016],[-7.24609789458574,41.0064508177369],[-7.333514161414235,41.023471566124336],[-7.379047214847819,41.01335997999114],[-7.37882093325635,40.991222179484815],[-7.325272217607699,40.97196061221289],[-7.331182635502612,40.94037492427906],[-7.375464916638705,40.904575411130075]]]]}},{"type":"Feature","properties":{"fid":127,"dtmn":"0910","municipio":"Pinhel","c1_declive":4.998622015151821,"c2_ambcon":2.652537502010209,"c3_infraest":0.0,"c4_compolit":0.0,"c5_utiliza":2.681831686254894,"bfi_2025":1.6993629142687132,"bfi_2025_Ranking":176.0,"BikeSharing":false,"ExtCic_AURB":0.0,"ExtensaoCiclovias_conc":0.0,"PopResidente_2021":8092,"Total_Valor_Euros":0.0,"UtilizacaoBicicleta":0.003,"UtilizacaoMulheres":0.3,"area_km2":484.52,"bfi_Ranking":176.0},"geometry":{"type":"MultiPolygon","coordinates":[[[[-7.262444255477398,40.685265330660265],[-7.225940881651687,40.67605458113445],[-7.201192799574956,40.700565733620834],[-7.182361286025422,40.600256821919],[-7.163409377588017,40.60347790280037],[-7.156817510467463,40.63356262534738],[-7.120027314850229,40.64400751199275],[-7.097720392655431,40.63538784412166],[-7.1050281121785,40.60064451092922],[-7.037015971455233,40.58764936933665],[-7.003900258849002,40.672678435211594],[-7.007966137909625,40.71126645313488],[-6.95911371845363,40.74850959892372],[-6.987473448726202,40.782982821351744],[-7.012929745799022,40.787040814452546],[-7.029820892669744,40.818190416601205],[-7.086568734298869,40.82479480971277],[-7.122208580116087,40.86461081539573],[-7.096126959244859,40.92299712557727],[-7.101709245597875,40.971213673316434],[-7.135695376477969,40.92315870534484],[-7.199236624780769,40.82313228938765],[-7.219595945383896,40.77520631374543],[-7.18978135559785,40.76420630618329],[-7.188175577834597,40.749426209842966],[-7.204512895985691,40.7287840252711],[-7.244131919343979,40.73677592164297],[-7.255924845632164,40.696212317582805],[-7.262444255477398,40.685265330660265]]]]}},{"type":"Feature","properties":{"fid":128,"dtmn":"0911","municipio":"Sabugal","c1_declive":4.890823618709655,"c2_ambcon":2.3960786713973037,"c3_infraest":0.0,"c4_compolit":0.0,"c5_utiliza":2.4773713132859623,"bfi_2025":1.5835762923774839,"bfi_2025_Ranking":191.0,"BikeSharing":false,"ExtCic_AURB":0.0,"ExtensaoCiclovias_conc":0.0,"PopResidente_2021":11280,"Total_Valor_Euros":0.0,"UtilizacaoBicicleta":0.0018,"UtilizacaoMulheres":0.286,"area_km2":822.7,"bfi_Ranking":191.0},"geometry":{"type":"MultiPolygon","coordinates":[[[[-7.270392902786791,40.408057455597174],[-7.275787841585144,40.33938650824645],[-7.332556000359989,40.293932201270415],[-7.297026076875961,40.27124456288988],[-7.273073246165955,40.265706510790025],[-7.240171121759696,40.258455936069474],[-7.212582470666542,40.28604267940328],[-7.161177045423972,40.268690375123676],[-7.111867135589929,40.32464242271978],[-7.083456792137489,40.27842676778275],[-7.013870789731156,40.29013821191378],[-6.951417747009947,40.257572757187795],[-6.870911937166105,40.262483154716705],[-6.861377436248918,40.29961147337149],[-6.790332309483065,40.334226186216085],[-6.782804647949193,40.36821446815422],[-6.842223268549571,40.426089309297296],[-6.849708903595494,40.45200758920847],[-6.833174074336258,40.4766802562689],[-6.948942904842293,40.51746804387919],[-7.002559834554,40.477180453802085],[-7.051762582759801,40.55222938796988],[-7.077092272458604,40.54011663137869],[-7.052889027761121,40.4657331094325],[-7.085040518453185,40.442452104152665],[-7.14148664554761,40.41276471818119],[-7.188840834266888,40.43650284158851],[-7.206800924728495,40.435347392281],[-7.214565634235618,40.4151498569732],[-7.259537313711992,40.421354152100946],[-7.270392902786791,40.408057455597174]]]]}},{"type":"Feature","properties":{"fid":129,"dtmn":"0912","municipio":"Seia","c1_declive":3.124179180602792,"c2_ambcon":2.7601487452467994,"c3_infraest":1.518977132815254,"c4_compolit":1.050383652230063,"c5_utiliza":1.309298696900666,"bfi_2025":1.8541358574019384,"bfi_2025_Ranking":153.0,"BikeSharing":true,"ExtCic_AURB":792.32,"ExtensaoCiclovias_conc":1212.32,"PopResidente_2021":21755,"Total_Valor_Euros":268038.5,"UtilizacaoBicicleta":0.0014,"UtilizacaoMulheres":0.077,"area_km2":435.69,"bfi_Ranking":153.0},"geometry":{"type":"MultiPolygon","coordinates":[[[[-7.78239209361259,40.22991872718934],[-7.655888068427097,40.27366530629261],[-7.618745168069864,40.29974580599668],[-7.612917222654292,40.32191346154761],[-7.58343245615753,40.38757064198968],[-7.599497243151742,40.42123677341782],[-7.628485109201299,40.41973088174876],[-7.637798236931026,40.44986421693134],[-7.67624095389337,40.47816289984898],[-7.741767631347393,40.49013330847224],[-7.721113649459419,40.535516835025376],[-7.753447456223907,40.526982823699186],[-7.828315177867809,40.49854540080523],[-7.796946589290622,40.45742301224867],[-7.84823420830672,40.428867809615575],[-7.845128820102693,40.41408574988893],[-7.797168552871332,40.405046419746384],[-7.805062782120111,40.349296407629],[-7.758212772943546,40.331759220711916],[-7.76532911440091,40.31640040953414],[-7.804362561892334,40.30757894417461],[-7.825534374527806,40.26629826939306],[-7.78239209361259,40.22991872718934]]]]}},{"type":"Feature","properties":{"fid":130,"dtmn":"0913","municipio":"Trancoso","c1_declive":3.7164726171508686,"c2_ambcon":2.3569014884285955,"c3_infraest":0.0,"c4_compolit":0.0,"c5_utiliza":1.0906257809722868,"bfi_2025":1.1789977900166932,"bfi_2025_Ranking":242.0,"BikeSharing":false,"ExtCic_AURB":0.0,"ExtensaoCiclovias_conc":0.0,"PopResidente_2021":8413,"Total_Valor_Euros":0.0,"UtilizacaoBicicleta":0.0006,"UtilizacaoMulheres":0.0,"area_km2":361.52,"bfi_Ranking":242.0},"geometry":{"type":"MultiPolygon","coordinates":[[[[-7.421775115534608,40.69074076620414],[-7.397269088320518,40.70513152918803],[-7.295200008068809,40.70928688015631],[-7.255924845632164,40.696212317582805],[-7.244131919343979,40.73677592164297],[-7.204512895985691,40.7287840252711],[-7.188175577834597,40.749426209842966],[-7.18978135559785,40.76420630618329],[-7.219595945383896,40.77520631374543],[-7.199236624780769,40.82313228938765],[-7.306913097583286,40.87862255717896],[-7.338174629669675,40.86694649733234],[-7.336442579499638,40.90406947757005],[-7.375464916638705,40.904575411130075],[-7.37996204376585,40.86873634291465],[-7.403225992614415,40.87853665670308],[-7.45420419233303,40.8126077907279],[-7.46672258504839,40.798223129384645],[-7.42473183348682,40.772140602032614],[-7.424471635174254,40.75809167169744],[-7.461044185407719,40.717089911361334],[-7.421775115534608,40.69074076620414]]],[[[-7.381251727826939,40.90730149822758],[-7.417884515284354,40.92180539781307],[-7.425471622754634,40.88667298762152],[-7.388111141532879,40.88511262845524],[-7.381251727826939,40.90730149822758]]]]}},{"type":"Feature","properties":{"fid":131,"dtmn":"0914","municipio":"Vila Nova de Foz Côa","c1_declive":3.3370102357323823,"c2_ambcon":2.940391461926523,"c3_infraest":0.0,"c4_compolit":0.0,"c5_utiliza":2.942532913038413,"bfi_2025":1.6573054716625517,"bfi_2025_Ranking":180.0,"BikeSharing":false,"ExtCic_AURB":0.0,"ExtensaoCiclovias_conc":0.0,"PopResidente_2021":6304,"Total_Valor_Euros":0.0,"UtilizacaoBicicleta":0.0036,"UtilizacaoMulheres":0.333,"area_km2":398.15,"bfi_Ranking":180.0},"geometry":{"type":"MultiPolygon","coordinates":[[[[-7.342780991670469,41.05750941219767],[-7.333514161414235,41.023471566124336],[-7.24609789458574,41.0064508177369],[-7.223542128783358,41.034348430545016],[-7.178088566192681,41.0302224453693],[-7.167602488524516,41.006827345653484],[-7.185338937811274,40.994124623018756],[-7.166818799730171,40.97122680695415],[-7.185557593352752,40.935818664541245],[-7.135695376477969,40.92315870534484],[-7.101709245597875,40.971213673316434],[-6.997353749559234,40.98219975802252],[-6.983585929285128,41.02624967831796],[-6.994736220926507,41.03307498736931],[-7.102319679857247,41.08090815833641],[-7.083855565196605,41.125999463071864],[-7.130136663787112,41.13763821541929],[-7.114666142485814,41.15082437639739],[-7.116883488735484,41.17903034913371],[-7.163751721514815,41.12613495558762],[-7.223713441674767,41.13636955756933],[-7.304573035638722,41.13952476739946],[-7.342780991670469,41.05750941219767]]]]}},{"type":"Feature","properties":{"fid":132,"dtmn":"1001","municipio":"Alcobaça","c1_declive":5.341921236961339,"c2_ambcon":2.1142356642311473,"c3_infraest":0.7142571671099807,"c4_compolit":0.153853022085418,"c5_utiliza":2.4487392671372317,"bfi_2025":1.761833789375946,"bfi_2025_Ranking":166.0,"BikeSharing":false,"ExtCic_AURB":10132.56,"ExtensaoCiclovias_conc":23091.61,"PopResidente_2021":54965,"Total_Valor_Euros":72500.0,"UtilizacaoBicicleta":0.0102,"UtilizacaoMulheres":0.275,"area_km2":408.14,"bfi_Ranking":166.0},"geometry":{"type":"MultiPolygon","coordinates":[[[[-9.148843555998756,39.50448615411849],[-9.120577291745539,39.461876624214526],[-9.064856802336392,39.47452447202711],[-8.983591017786088,39.45122119923936],[-8.98934817033466,39.428495453169916],[-9.013119582469734,39.41590022679873],[-8.98649596451827,39.403562300336986],[-8.983578618285897,39.384822802931744],[-8.945712132233703,39.391036513070404],[-8.903420903701527,39.4660074703146],[-8.889171839100609,39.535404288880066],[-8.86542653803292,39.563975580809284],[-8.913164110009275,39.583234283948826],[-8.933562358998953,39.6261950352929],[-8.911161828800964,39.63687445010723],[-8.914684284375491,39.668161465523774],[-8.94159144777847,39.6772749276724],[-8.934259628101504,39.688473479329915],[-8.966428261416919,39.70330272375174],[-8.97231075013462,39.727397919798555],[-8.99654501194193,39.71371406516455],[-9.040260486219593,39.741423018489506],[-9.072828482047065,39.64776726269898],[-9.04769310531076,39.63515349559149],[-8.970956728458635,39.644711027384076],[-8.984912338167202,39.61017385841649],[-8.998214492461532,39.61504825356423],[-8.998544550835659,39.57271914120349],[-9.068348791568313,39.573363296088516],[-9.066251098627262,39.514062021233386],[-9.095117748470182,39.51900795637661],[-9.100496227474547,39.54397754014766],[-9.115448785639279,39.544559936615805],[-9.148843555998756,39.50448615411849]]]]}},{"type":"Feature","properties":{"fid":133,"dtmn":"1002","municipio":"Alvaiázere","c1_declive":3.9855790043815054,"c2_ambcon":1.1389772314938216,"c3_infraest":0.0,"c4_compolit":0.0,"c5_utiliza":1.5839441672018575,"bfi_2025":1.0000910417519775,"bfi_2025_Ranking":266.0,"BikeSharing":false,"ExtCic_AURB":0.0,"ExtensaoCiclovias_conc":0.0,"PopResidente_2021":6238,"Total_Valor_Euros":0.0,"UtilizacaoBicicleta":0.0037,"UtilizacaoMulheres":0.111,"area_km2":160.48,"bfi_Ranking":266.0},"geometry":{"type":"MultiPolygon","coordinates":[[[[-8.335721943861214,39.803352820129405],[-8.331241275779007,39.84822970998273],[-8.301699555129654,39.89469547235406],[-8.357495506788364,39.88901533710172],[-8.373263202793892,39.85751289360955],[-8.475925139366463,39.8676143966575],[-8.477953684433297,39.838729173911496],[-8.453303802532863,39.731812307076794],[-8.431196969052223,39.74066742240926],[-8.346317500122103,39.77417298937331],[-8.32915925195557,39.76198710184496],[-8.335721943861214,39.803352820129405]]]]}},{"type":"Feature","properties":{"fid":134,"dtmn":"1003","municipio":"Ansião","c1_declive":4.732681333384951,"c2_ambcon":1.6208478654048575,"c3_infraest":0.0,"c4_compolit":0.0,"c5_utiliza":1.4736189163016133,"bfi_2025":1.1732038829500322,"bfi_2025_Ranking":243.0,"BikeSharing":false,"ExtCic_AURB":0.0,"ExtensaoCiclovias_conc":0.0,"PopResidente_2021":11642,"Total_Valor_Euros":0.0,"UtilizacaoBicicleta":0.0041,"UtilizacaoMulheres":0.095,"area_km2":176.09,"bfi_Ranking":243.0},"geometry":{"type":"MultiPolygon","coordinates":[[[[-8.538812129848639,39.94884374172166],[-8.509268663231815,39.91040953958694],[-8.470922354809431,39.89246625659983],[-8.475925139366463,39.8676143966575],[-8.373263202793892,39.85751289360955],[-8.357495506788364,39.88901533710172],[-8.363975322147969,39.908234146533104],[-8.334789343136219,39.919113067590686],[-8.34601535868253,39.94878217226213],[-8.372185763716868,39.92404855173293],[-8.407271568858938,39.92966898692341],[-8.379895334517638,39.955408352339255],[-8.42697438803374,40.02672714549284],[-8.427875817784617,40.003816084971575],[-8.433261413822903,40.00296075723326],[-8.457459835139236,40.01777801645841],[-8.490621460185633,39.98610708168972],[-8.522232554498435,39.98453059802783],[-8.538812129848639,39.94884374172166]]]]}},{"type":"Feature","properties":{"fid":135,"dtmn":"1004","municipio":"Batalha","c1_declive":4.566855283291277,"c2_ambcon":2.294311727086153,"c3_infraest":0.0028638532501862783,"c4_compolit":0.246646518013576,"c5_utiliza":2.460784398098221,"bfi_2025":1.572465606635572,"bfi_2025_Ranking":194.0,"BikeSharing":false,"ExtCic_AURB":0.0,"ExtensaoCiclovias_conc":71.2,"PopResidente_2021":15557,"Total_Valor_Euros":52500.0,"UtilizacaoBicicleta":0.0058,"UtilizacaoMulheres":0.392,"area_km2":103.42,"bfi_Ranking":194.0},"geometry":{"type":"MultiPolygon","coordinates":[[[[-8.702184810598924,39.63741839875916],[-8.718806117663554,39.66588216253405],[-8.802045100609273,39.67556276744367],[-8.815404800411663,39.69539262259946],[-8.864131549165641,39.67645365611515],[-8.873779725182215,39.65134268817831],[-8.741289449857929,39.610906452209875],[-8.716607963733562,39.56775270456603],[-8.687380355469497,39.55087642577509],[-8.671419972628327,39.56218116751478],[-8.702184810598924,39.63741839875916]]]]}},{"type":"Feature","properties":{"fid":136,"dtmn":"1005","municipio":"Bombarral","c1_declive":5.272501906603255,"c2_ambcon":2.773749378447103,"c3_infraest":0.0,"c4_compolit":0.0,"c5_utiliza":2.00721309036477,"bfi_2025":1.6221301533450552,"bfi_2025_Ranking":185.0,"BikeSharing":false,"ExtCic_AURB":0.0,"ExtensaoCiclovias_conc":0.0,"PopResidente_2021":12746,"Total_Valor_Euros":0.0,"UtilizacaoBicicleta":0.0076,"UtilizacaoMulheres":0.104,"area_km2":91.29,"bfi_Ranking":185.0},"geometry":{"type":"MultiPolygon","coordinates":[[[[-9.177993238548542,39.21157731576654],[-9.143124769791536,39.22902976356103],[-9.12118897073999,39.270932135726795],[-9.084951790178257,39.29645622049433],[-9.094039553195937,39.32515123970758],[-9.128222177850617,39.33056640723815],[-9.149891055422591,39.314151326980436],[-9.186593144478184,39.33820499956015],[-9.23859771960221,39.30598525170216],[-9.20047751344219,39.30231639291458],[-9.187019945129878,39.268860997229304],[-9.20239005690994,39.247682321665195],[-9.177993238548542,39.21157731576654]]]]}},{"type":"Feature","properties":{"fid":137,"dtmn":"1006","municipio":"Caldas da Rainha","c1_declive":4.302678582229139,"c2_ambcon":3.2876576031518105,"c3_infraest":2.000301983759071,"c4_compolit":0.0,"c5_utiliza":2.044236035419755,"bfi_2025":2.1611049620345852,"bfi_2025_Ranking":105.0,"BikeSharing":true,"ExtCic_AURB":6476.54,"ExtensaoCiclovias_conc":18924.37,"PopResidente_2021":50910,"Total_Valor_Euros":0.0,"UtilizacaoBicicleta":0.0057,"UtilizacaoMulheres":0.176,"area_km2":255.69,"bfi_Ranking":105.0},"geometry":{"type":"MultiPolygon","coordinates":[[[[-9.23342664455586,39.43161920034526],[-9.213168527146092,39.39895907034295],[-9.10304640492247,39.38324529663488],[-9.058740738430858,39.33587199209728],[-9.094039553195937,39.32515123970758],[-9.084951790178257,39.29645622049433],[-9.055817499660474,39.31198730862888],[-9.02648809206421,39.29319740399275],[-8.994502851704627,39.29669729470159],[-8.986445785324507,39.318767045665965],[-9.00156623597905,39.354705245506544],[-8.983578618285897,39.384822802931744],[-8.98649596451827,39.403562300336986],[-9.013119582469734,39.41590022679873],[-8.98934817033466,39.428495453169916],[-8.983591017786088,39.45122119923936],[-9.064856802336392,39.47452447202711],[-9.120577291745539,39.461876624214526],[-9.148843555998756,39.50448615411849],[-9.17210531257911,39.500708720673124],[-9.23342664455586,39.43161920034526]]]]}},{"type":"Feature","properties":{"fid":138,"dtmn":"1007","municipio":"Castanheira de Pêra","c1_declive":1.7543320716580042,"c2_ambcon":2.1440000316349535,"c3_infraest":0.0,"c4_compolit":0.0,"c5_utiliza":1.0209446698902371,"bfi_2025":0.9156221490525862,"bfi_2025_Ranking":272.0,"BikeSharing":false,"ExtCic_AURB":0.0,"ExtensaoCiclovias_conc":0.0,"PopResidente_2021":2645,"Total_Valor_Euros":0.0,"UtilizacaoBicicleta":0.0,"UtilizacaoMulheres":0.0,"area_km2":66.77,"bfi_Ranking":272.0},"geometry":{"type":"MultiPolygon","coordinates":[[[[-8.209749042712133,40.05208071145881],[-8.232818858385047,40.02321991182548],[-8.241456358818207,39.95733586031505],[-8.216274491500956,39.945969689171115],[-8.192228914476392,39.964088595181885],[-8.168212888149704,40.000886493828155],[-8.172086572267439,40.03646097107033],[-8.154110602695923,40.03146257522977],[-8.143743820598011,40.07278232944133],[-8.179098658316283,40.08973602820804],[-8.209749042712133,40.05208071145881]]]]}},{"type":"Feature","properties":{"fid":139,"dtmn":"1008","municipio":"Figueiró dos Vinhos","c1_declive":2.4451563991293233,"c2_ambcon":1.813849473530737,"c3_infraest":0.0,"c4_compolit":0.0,"c5_utiliza":1.7463908153811256,"bfi_2025":1.0472561713718418,"bfi_2025_Ranking":259.0,"BikeSharing":false,"ExtCic_AURB":0.0,"ExtensaoCiclovias_conc":0.0,"PopResidente_2021":5281,"Total_Valor_Euros":0.0,"UtilizacaoBicicleta":0.0028,"UtilizacaoMulheres":0.167,"area_km2":173.44,"bfi_Ranking":259.0},"geometry":{"type":"MultiPolygon","coordinates":[[[[-8.357495506788364,39.88901533710172],[-8.301699555129654,39.89469547235406],[-8.331241275779007,39.84822970998273],[-8.335721943861214,39.803352820129405],[-8.28508885517342,39.795760490967595],[-8.29294478356406,39.80867404804805],[-8.272017813050667,39.81947043148773],[-8.275313288837937,39.84233927288058],[-8.223233117214784,39.854600207747986],[-8.261394789215204,39.92341097570482],[-8.241456358818207,39.95733586031505],[-8.232818858385047,40.02321991182548],[-8.209749042712133,40.05208071145881],[-8.24318790428873,40.06681539607097],[-8.286838146336816,40.02605764787762],[-8.297977061000836,40.00935263589122],[-8.270636500140458,39.98914035276961],[-8.279296722233726,39.95961870410183],[-8.313830239415347,39.98872250794269],[-8.34601535868253,39.94878217226213],[-8.334789343136219,39.919113067590686],[-8.363975322147969,39.908234146533104],[-8.357495506788364,39.88901533710172]]]]}},{"type":"Feature","properties":{"fid":140,"dtmn":"1009","municipio":"Leiria","c1_declive":4.91232478038869,"c2_ambcon":2.7195822266151404,"c3_infraest":1.7204691139952835,"c4_compolit":1.1131070566452856,"c5_utiliza":2.3894444381747433,"bfi_2025":2.301755612155481,"bfi_2025_Ranking":84.0,"BikeSharing":true,"ExtCic_AURB":8764.13,"ExtensaoCiclovias_conc":23683.54,"PopResidente_2021":128603,"Total_Valor_Euros":1651013.25,"UtilizacaoBicicleta":0.0073,"UtilizacaoMulheres":0.323,"area_km2":565.09,"bfi_Ranking":84.0},"geometry":{"type":"MultiPolygon","coordinates":[[[[-8.934259628101504,39.688473479329915],[-8.94159144777847,39.6772749276724],[-8.914684284375491,39.668161465523774],[-8.911161828800964,39.63687445010723],[-8.873779725182215,39.65134268817831],[-8.864131549165641,39.67645365611515],[-8.815404800411663,39.69539262259946],[-8.802045100609273,39.67556276744367],[-8.718806117663554,39.66588216253405],[-8.702184810598924,39.63741839875916],[-8.649468352946245,39.66064376252056],[-8.632075711702905,39.69552965051854],[-8.67918214749301,39.708868042124614],[-8.664182993089153,39.72505943107474],[-8.679869443763407,39.769375028346566],[-8.62390042354382,39.78956375492517],[-8.676048749128585,39.830140831686634],[-8.729747291374263,39.83952316834048],[-8.760856550739632,39.89834075010338],[-8.932232547458574,39.96542640392503],[-8.968165905730054,39.88650808122674],[-8.893768152829518,39.879459378934854],[-8.928113898288588,39.86310340117993],[-8.895629343892983,39.81781625030321],[-8.911769516009066,39.80120973132443],[-8.90447467677226,39.78522736835266],[-8.868020691161677,39.7734068763735],[-8.87400881494201,39.74255685353515],[-8.917076616122628,39.72036498933989],[-8.934259628101504,39.688473479329915]]]]}},{"type":"Feature","properties":{"fid":141,"dtmn":"1010","municipio":"Marinha Grande","c1_declive":7.6648236053577445,"c2_ambcon":4.201143704508983,"c3_infraest":1.5447479015727683,"c4_compolit":0.22078281472641806,"c5_utiliza":2.8272090340757794,"bfi_2025":2.8125536318166517,"bfi_2025_Ranking":40.0,"BikeSharing":false,"ExtCic_AURB":12911.77,"ExtensaoCiclovias_conc":36788.32,"PopResidente_2021":39024,"Total_Valor_Euros":103013.54,"UtilizacaoBicicleta":0.0212,"UtilizacaoMulheres":0.273,"area_km2":187.25,"bfi_Ranking":40.0},"geometry":{"type":"MultiPolygon","coordinates":[[[[-9.040260486219593,39.741423018489506],[-8.99654501194193,39.71371406516455],[-8.97231075013462,39.727397919798555],[-8.966428261416919,39.70330272375174],[-8.934259628101504,39.688473479329915],[-8.917076616122628,39.72036498933989],[-8.87400881494201,39.74255685353515],[-8.868020691161677,39.7734068763735],[-8.90447467677226,39.78522736835266],[-8.911769516009066,39.80120973132443],[-8.895629343892983,39.81781625030321],[-8.928113898288588,39.86310340117993],[-8.893768152829518,39.879459378934854],[-8.968165905730054,39.88650808122674],[-9.040260486219593,39.741423018489506]]]]}},{"type":"Feature","properties":{"fid":142,"dtmn":"1011","municipio":"Nazaré","c1_declive":5.861336013978394,"c2_ambcon":4.636618106141642,"c3_infraest":0.4526834578807714,"c4_compolit":0.0,"c5_utiliza":1.975214957016937,"bfi_2025":2.2535019838068298,"bfi_2025_Ranking":94.0,"BikeSharing":false,"ExtCic_AURB":1044.2,"ExtensaoCiclovias_conc":4995.34,"PopResidente_2021":14881,"Total_Valor_Euros":0.0,"UtilizacaoBicicleta":0.004,"UtilizacaoMulheres":0.167,"area_km2":82.43,"bfi_Ranking":94.0},"geometry":{"type":"MultiPolygon","coordinates":[[[[-9.072828482047065,39.64776726269898],[-9.085980728213489,39.60445739261107],[-9.074836522702306,39.591825268642026],[-9.115448785639279,39.544559936615805],[-9.100496227474547,39.54397754014766],[-9.095117748470182,39.51900795637661],[-9.066251098627262,39.514062021233386],[-9.068348791568313,39.573363296088516],[-8.998544550835659,39.57271914120349],[-8.998214492461532,39.61504825356423],[-8.984912338167202,39.61017385841649],[-8.970956728458635,39.644711027384076],[-9.04769310531076,39.63515349559149],[-9.072828482047065,39.64776726269898]]]]}},{"type":"Feature","properties":{"fid":143,"dtmn":"1012","municipio":"Óbidos","c1_declive":5.207165814745835,"c2_ambcon":2.259248720507045,"c3_infraest":1.7011651484483448,"c4_compolit":0.23993324171689714,"c5_utiliza":1.4905970083843796,"bfi_2025":1.8569260987336864,"bfi_2025_Ranking":151.0,"BikeSharing":false,"ExtCic_AURB":6324.46,"ExtensaoCiclovias_conc":14329.02,"PopResidente_2021":11922,"Total_Valor_Euros":52200.0,"UtilizacaoBicicleta":0.0042,"UtilizacaoMulheres":0.125,"area_km2":141.55,"bfi_Ranking":151.0},"geometry":{"type":"MultiPolygon","coordinates":[[[[-9.23859771960221,39.30598525170216],[-9.186593144478184,39.33820499956015],[-9.149891055422591,39.314151326980436],[-9.128222177850617,39.33056640723815],[-9.094039553195937,39.32515123970758],[-9.058740738430858,39.33587199209728],[-9.10304640492247,39.38324529663488],[-9.213168527146092,39.39895907034295],[-9.23342664455586,39.43161920034526],[-9.29188054328652,39.39134796494984],[-9.256431421371849,39.317546533866285],[-9.23859771960221,39.30598525170216]]]]}},{"type":"Feature","properties":{"fid":144,"dtmn":"1013","municipio":"Pedrógão Grande","c1_declive":3.586012248668906,"c2_ambcon":1.8214548300357953,"c3_infraest":0.0,"c4_compolit":0.0,"c5_utiliza":3.129120899251131,"bfi_2025":1.4397891122260655,"bfi_2025_Ranking":212.0,"BikeSharing":false,"ExtCic_AURB":0.0,"ExtensaoCiclovias_conc":0.0,"PopResidente_2021":3390,"Total_Valor_Euros":0.0,"UtilizacaoBicicleta":0.0056,"UtilizacaoMulheres":0.429,"area_km2":128.75,"bfi_Ranking":212.0},"geometry":{"type":"MultiPolygon","coordinates":[[[[-8.223233117214784,39.854600207747986],[-8.200406750110487,39.85595257073432],[-8.186200463561162,39.88130116772847],[-8.149169233420306,39.88534523565857],[-8.118679681945784,39.93408997692481],[-8.13252897189922,39.94011348854874],[-8.108050298702654,39.96212500313365],[-8.154110602695923,40.03146257522977],[-8.172086572267439,40.03646097107033],[-8.168212888149704,40.000886493828155],[-8.192228914476392,39.964088595181885],[-8.216274491500956,39.945969689171115],[-8.241456358818207,39.95733586031505],[-8.261394789215204,39.92341097570482],[-8.223233117214784,39.854600207747986]]]]}},{"type":"Feature","properties":{"fid":145,"dtmn":"1014","municipio":"Peniche","c1_declive":8.162247277999462,"c2_ambcon":5.560080362226747,"c3_infraest":1.0423687141825058,"c4_compolit":0.1487995407846051,"c5_utiliza":2.6623664102363542,"bfi_2025":3.029070187106451,"bfi_2025_Ranking":30.0,"BikeSharing":false,"ExtCic_AURB":6898.21,"ExtensaoCiclovias_conc":6970.92,"PopResidente_2021":26429,"Total_Valor_Euros":42000.0,"UtilizacaoBicicleta":0.0152,"UtilizacaoMulheres":0.178,"area_km2":77.55,"bfi_Ranking":30.0},"geometry":{"type":"MultiPolygon","coordinates":[[[[-9.256431421371849,39.317546533866285],[-9.29188054328652,39.39134796494984],[-9.341030129160105,39.3795645941236],[-9.353382368453772,39.36117898782339],[-9.37932145610924,39.376074062415896],[-9.40949929072687,39.359822424268025],[-9.36741444538563,39.35030816252428],[-9.340576309755676,39.291934537919495],[-9.29693872110474,39.283458735145146],[-9.256431421371849,39.317546533866285]]],[[[-9.505744237392278,39.41924947712137],[-9.512268096621721,39.41935865829452],[-9.517027831550092,39.4099329575503],[-9.50447539191506,39.41384469962711],[-9.505744237392278,39.41924947712137]]]]}},{"type":"Feature","properties":{"fid":146,"dtmn":"1015","municipio":"Pombal","c1_declive":5.1644721534663525,"c2_ambcon":1.1649636333775664,"c3_infraest":2.016460085517517,"c4_compolit":0.0,"c5_utiliza":3.1944082492480295,"bfi_2025":1.9506847949200121,"bfi_2025_Ranking":138.0,"BikeSharing":true,"ExtCic_AURB":9019.8,"ExtensaoCiclovias_conc":24511.62,"PopResidente_2021":51170,"Total_Valor_Euros":0.0,"UtilizacaoBicicleta":0.0089,"UtilizacaoMulheres":0.459,"area_km2":626.0,"bfi_Ranking":138.0},"geometry":{"type":"MultiPolygon","coordinates":[[[[-8.932232547458574,39.96542640392503],[-8.760856550739632,39.89834075010338],[-8.729747291374263,39.83952316834048],[-8.676048749128585,39.830140831686634],[-8.62390042354382,39.78956375492517],[-8.584775214889433,39.77941147467571],[-8.524211583011436,39.82766910528435],[-8.50643973821725,39.81504959274049],[-8.477953684433297,39.838729173911496],[-8.475925139366463,39.8676143966575],[-8.470922354809431,39.89246625659983],[-8.509268663231815,39.91040953958694],[-8.538812129848639,39.94884374172166],[-8.551694638715924,39.96157981700664],[-8.553986344866624,40.0252079176628],[-8.591511809103086,40.027613977607174],[-8.614953560976193,39.99230058726617],[-8.642857631698872,39.99041797442167],[-8.641117799713731,40.011121718942576],[-8.675465357254806,40.030091897175],[-8.732217011782927,40.03217588993876],[-8.782527622483451,40.03755265891612],[-8.800463403551213,40.01255863693449],[-8.868649622552336,40.02337716344913],[-8.894933009892748,40.045502818687574],[-8.932232547458574,39.96542640392503]]]]}},{"type":"Feature","properties":{"fid":147,"dtmn":"1016","municipio":"Porto de Mós","c1_declive":4.800740948951847,"c2_ambcon":2.2963287457490407,"c3_infraest":0.0,"c4_compolit":1.2488897878176122,"c5_utiliza":1.535554687518439,"bfi_2025":1.611045176399655,"bfi_2025_Ranking":187.0,"BikeSharing":false,"ExtCic_AURB":0.0,"ExtensaoCiclovias_conc":0.0,"PopResidente_2021":23202,"Total_Valor_Euros":369800.0,"UtilizacaoBicicleta":0.0071,"UtilizacaoMulheres":0.101,"area_km2":261.83,"bfi_Ranking":187.0},"geometry":{"type":"MultiPolygon","coordinates":[[[[-8.911161828800964,39.63687445010723],[-8.933562358998953,39.6261950352929],[-8.913164110009275,39.583234283948826],[-8.86542653803292,39.563975580809284],[-8.889171839100609,39.535404288880066],[-8.903420903701527,39.4660074703146],[-8.89256666406512,39.465251008954326],[-8.802352208383617,39.483008924445286],[-8.759381678293316,39.475741423456704],[-8.728931445156501,39.48106218692329],[-8.745644114675748,39.53008484759906],[-8.714484755746067,39.52078456229312],[-8.687380355469497,39.55087642577509],[-8.716607963733562,39.56775270456603],[-8.741289449857929,39.610906452209875],[-8.873779725182215,39.65134268817831],[-8.911161828800964,39.63687445010723]]]]}},{"type":"Feature","properties":{"fid":148,"dtmn":"1101","municipio":"Alenquer","c1_declive":4.485624030985922,"c2_ambcon":2.3585901505870437,"c3_infraest":1.4100723832435558,"c4_compolit":0.2793549781311781,"c5_utiliza":1.8914807010137877,"bfi_2025":1.8248951723852351,"bfi_2025_Ranking":161.0,"BikeSharing":true,"ExtCic_AURB":0.0,"ExtensaoCiclovias_conc":662.81,"PopResidente_2021":44442,"Total_Valor_Euros":76209.0,"UtilizacaoBicicleta":0.0043,"UtilizacaoMulheres":0.138,"area_km2":304.22,"bfi_Ranking":161.0},"geometry":{"type":"MultiPolygon","coordinates":[[[[-9.098694841717338,39.02090073892733],[-9.046773107039376,39.025143431547555],[-9.038732210338775,39.00876864924717],[-9.01009630310713,39.01554392110883],[-8.989381655414272,39.00217092044363],[-8.974577296530606,39.01555789087001],[-8.940428570642583,39.00071613106391],[-8.930276980476977,39.0180248545184],[-8.935756038439948,39.035438721147706],[-8.960655676480645,39.038312867276446],[-8.939561657866356,39.08412276606379],[-8.955617549718708,39.109852565366616],[-8.918695735971625,39.10605909836044],[-8.936372053922987,39.15504156504248],[-8.947459559430078,39.14714297026516],[-8.97119493852585,39.17876018998224],[-9.00474636967691,39.18639551029158],[-9.10741271180727,39.167624570379346],[-9.154433514938948,39.18389037755872],[-9.135929133066332,39.13205702302508],[-9.163891515355775,39.10631141316511],[-9.127315220050473,39.07528410153005],[-9.12671021673708,39.03561140979823],[-9.098694841717338,39.02090073892733]]]]}},{"type":"Feature","properties":{"fid":149,"dtmn":"1102","municipio":"Arruda dos Vinhos","c1_declive":3.3910088113560066,"c2_ambcon":2.546010526887916,"c3_infraest":1.8073439809138994,"c4_compolit":0.08642840440490233,"c5_utiliza":2.0331985146790954,"bfi_2025":1.851364891902854,"bfi_2025_Ranking":155.0,"BikeSharing":true,"ExtCic_AURB":1525.26,"ExtensaoCiclovias_conc":1561.38,"PopResidente_2021":13992,"Total_Valor_Euros":10000.0,"UtilizacaoBicicleta":0.002,"UtilizacaoMulheres":0.235,"area_km2":77.96,"bfi_Ranking":155.0},"geometry":{"type":"MultiPolygon","coordinates":[[[[-9.159432454752608,38.9297762292402],[-9.132462224547957,38.940913762600935],[-9.110804278811399,38.92241505635805],[-9.083558169371564,38.92926128172917],[-9.094414287193697,38.96723064633242],[-9.025564715215449,38.96017125480734],[-9.038732210338775,39.00876864924717],[-9.046773107039376,39.025143431547555],[-9.098694841717338,39.02090073892733],[-9.107941761931988,38.98459054171229],[-9.114331262216664,39.0000930799576],[-9.151884949953818,38.96847857856381],[-9.17321347398927,38.98280885610094],[-9.164581642712749,38.95637142401566],[-9.159432454752608,38.9297762292402]]]]}},{"type":"Feature","properties":{"fid":150,"dtmn":"1103","municipio":"Azambuja","c1_declive":6.11501446627245,"c2_ambcon":1.8365685999433707,"c3_infraest":0.12901656970348363,"c4_compolit":0.04485320940056628,"c5_utiliza":2.197907388525194,"bfi_2025":1.5514498586241108,"bfi_2025_Ranking":195.0,"BikeSharing":false,"ExtCic_AURB":666.23,"ExtensaoCiclovias_conc":2126.36,"PopResidente_2021":21421,"Total_Valor_Euros":10000.0,"UtilizacaoBicicleta":0.0058,"UtilizacaoMulheres":0.136,"area_km2":262.66,"bfi_Ranking":195.0},"geometry":{"type":"MultiPolygon","coordinates":[[[[-9.00474636967691,39.18639551029158],[-8.97119493852585,39.17876018998224],[-8.947459559430078,39.14714297026516],[-8.936372053922987,39.15504156504248],[-8.918695735971625,39.10605909836044],[-8.955617549718708,39.109852565366616],[-8.939561657866356,39.08412276606379],[-8.960655676480645,39.038312867276446],[-8.935756038439948,39.035438721147706],[-8.930276980476977,39.0180248545184],[-8.911676238123063,39.02795596873807],[-8.913596531975768,39.007677200566924],[-8.885163312335608,39.00923809064498],[-8.88970634345133,39.03157480104459],[-8.86069473201754,39.028656460880825],[-8.815214709652846,39.03195283950292],[-8.781861006420492,39.058387035360795],[-8.807559668649718,39.10448401210607],[-8.868034728314681,39.1286153859467],[-8.91268441737299,39.170162789494796],[-8.884291843931,39.186826399637155],[-8.841503471302294,39.18057385292335],[-8.819653020253154,39.197703538748094],[-8.875767372380155,39.250974683942275],[-8.911585814779494,39.23491273646083],[-8.981314068016736,39.249381331493076],[-9.00474636967691,39.18639551029158]]]]}},{"type":"Feature","properties":{"fid":151,"dtmn":"1104","municipio":"Cadaval","c1_declive":3.6826795877109166,"c2_ambcon":1.8962092752575797,"c3_infraest":0.0,"c4_compolit":0.12072316971034222,"c5_utiliza":1.7704794693424013,"bfi_2025":1.2205608053960353,"bfi_2025_Ranking":237.0,"BikeSharing":false,"ExtCic_AURB":0.0,"ExtensaoCiclovias_conc":0.0,"PopResidente_2021":13372,"Total_Valor_Euros":15745.28,"UtilizacaoBicicleta":0.0039,"UtilizacaoMulheres":0.12,"area_km2":174.89,"bfi_Ranking":237.0},"geometry":{"type":"MultiPolygon","coordinates":[[[[-9.154433514938948,39.18389037755872],[-9.10741271180727,39.167624570379346],[-9.00474636967691,39.18639551029158],[-8.981314068016736,39.249381331493076],[-8.975224499102811,39.28713638062659],[-8.994502851704627,39.29669729470159],[-9.02648809206421,39.29319740399275],[-9.055817499660474,39.31198730862888],[-9.084951790178257,39.29645622049433],[-9.12118897073999,39.270932135726795],[-9.143124769791536,39.22902976356103],[-9.177993238548542,39.21157731576654],[-9.178440373591172,39.19784017052561],[-9.154433514938948,39.18389037755872]]]]}},{"type":"Feature","properties":{"fid":152,"dtmn":"1105","municipio":"Cascais","c1_declive":5.815311055622676,"c2_ambcon":7.525649530460755,"c3_infraest":2.2726848036285094,"c4_compolit":0.23257014991603936,"c5_utiliza":2.3479780742438923,"bfi_2025":3.5472243339165703,"bfi_2025_Ranking":13.0,"BikeSharing":true,"ExtCic_AURB":20759.52,"ExtensaoCiclovias_conc":24310.35,"PopResidente_2021":214124,"Total_Valor_Euros":826758.06,"UtilizacaoBicicleta":0.0055,"UtilizacaoMulheres":0.221,"area_km2":97.4,"bfi_Ranking":13.0},"geometry":{"type":"MultiPolygon","coordinates":[[[[-9.326914499756622,38.67599031995082],[-9.30854550940446,38.744505872909706],[-9.362694139962011,38.738581826152426],[-9.382070948611343,38.75791862895632],[-9.440950406135878,38.7689927413259],[-9.483777486280117,38.75734790473886],[-9.47189277403465,38.74979478356428],[-9.477468538557238,38.70183815637125],[-9.423443974127675,38.689374177906735],[-9.392177536227367,38.702026409696664],[-9.326914499756622,38.67599031995082]]]]}},{"type":"Feature","properties":{"fid":153,"dtmn":"1106","municipio":"Lisboa","c1_declive":4.628257204158307,"c2_ambcon":8.464035356090276,"c3_infraest":6.3987544632208255,"c4_compolit":5.075203270827259,"c5_utiliza":3.6837130276541696,"bfi_2025":5.930306434939892,"bfi_2025_Ranking":1.0,"BikeSharing":true,"ExtCic_AURB":171370.16,"ExtensaoCiclovias_conc":183830.81,"PopResidente_2021":545796,"Total_Valor_Euros":32165904.0,"UtilizacaoBicicleta":0.0134,"UtilizacaoMulheres":0.289,"area_km2":100.05,"bfi_Ranking":1.0},"geometry":{"type":"MultiPolygon","coordinates":[[[[-9.230030450381179,38.69474788619541],[-9.203728353044937,38.69589753216722],[-9.177355829566663,38.699428399886415],[-9.14444361604757,38.70533981687771],[-9.12686913310048,38.709014481493924],[-9.10753720185868,38.726269428387425],[-9.100347640653053,38.73681411815568],[-9.096033903929676,38.74895648819185],[-9.086332774854448,38.796225317589474],[-9.106236250039823,38.77480535575094],[-9.149887733400917,38.79585374969294],[-9.198123690274096,38.7605382529101],[-9.211211212218288,38.721993186309234],[-9.230030450381179,38.69474788619541]]]]}},{"type":"Feature","properties":{"fid":154,"dtmn":"1107","municipio":"Loures","c1_declive":3.6962508777173886,"c2_ambcon":6.742302365596659,"c3_infraest":0.22369150486973774,"c4_compolit":0.26658855510073665,"c5_utiliza":2.488147235948157,"bfi_2025":2.662070713598117,"bfi_2025_Ranking":52.0,"BikeSharing":false,"ExtCic_AURB":5862.77,"ExtensaoCiclovias_conc":5875.01,"PopResidente_2021":201590,"Total_Valor_Euros":594200.0,"UtilizacaoBicicleta":0.0022,"UtilizacaoMulheres":0.198,"area_km2":167.24,"bfi_Ranking":52.0},"geometry":{"type":"MultiPolygon","coordinates":[[[[-9.149887733400917,38.79585374969294],[-9.106236250039823,38.77480535575094],[-9.086332774854448,38.796225317589474],[-9.068755630190022,38.8421269799179],[-9.086799494048062,38.860742785241584],[-9.11843400441908,38.83903958561935],[-9.116398533473122,38.861005474321566],[-9.098978422834493,38.86499576224609],[-9.117823396656869,38.89140605262746],[-9.074118385020055,38.8980424591632],[-9.083558169371564,38.92926128172917],[-9.110804278811399,38.92241505635805],[-9.132462224547957,38.940913762600935],[-9.159432454752608,38.9297762292402],[-9.189959707247336,38.903280707569344],[-9.228786792956283,38.915914710247456],[-9.226965717488909,38.868875652955815],[-9.239400413691547,38.86380765806409],[-9.231393971946678,38.84605935728711],[-9.246001099118732,38.842670459796494],[-9.232778417202878,38.82698790306115],[-9.149887733400917,38.79585374969294]]]]}},{"type":"Feature","properties":{"fid":155,"dtmn":"1108","municipio":"Lourinhã","c1_declive":4.624229002438568,"c2_ambcon":3.1144103876049414,"c3_infraest":0.3246617279114252,"c4_compolit":0.0,"c5_utiliza":1.752272154800096,"bfi_2025":1.6726453600829678,"bfi_2025_Ranking":178.0,"BikeSharing":false,"ExtCic_AURB":2044.32,"ExtensaoCiclovias_conc":4208.59,"PopResidente_2021":26240,"Total_Valor_Euros":0.0,"UtilizacaoBicicleta":0.0054,"UtilizacaoMulheres":0.113,"area_km2":147.17,"bfi_Ranking":178.0},"geometry":{"type":"MultiPolygon","coordinates":[[[[-9.351607325378685,39.191689759377894],[-9.331709670057386,39.19540781502965],[-9.314176232558687,39.17474304386339],[-9.2371752212599,39.19830840793155],[-9.234705429810614,39.21618410429121],[-9.178440373591172,39.19784017052561],[-9.177993238548542,39.21157731576654],[-9.20239005690994,39.247682321665195],[-9.187019945129878,39.268860997229304],[-9.20047751344219,39.30231639291458],[-9.23859771960221,39.30598525170216],[-9.256431421371849,39.317546533866285],[-9.29693872110474,39.283458735145146],[-9.340576309755676,39.291934537919495],[-9.351607325378685,39.191689759377894]]]]}},{"type":"Feature","properties":{"fid":156,"dtmn":"1109","municipio":"Mafra","c1_declive":2.9333176688895257,"c2_ambcon":3.422654649032065,"c3_infraest":0.41624020243467624,"c4_compolit":0.05901187057014917,"c5_utiliza":1.9587558139659174,"bfi_2025":1.6566090166628513,"bfi_2025_Ranking":181.0,"BikeSharing":false,"ExtCic_AURB":9223.24,"ExtensaoCiclovias_conc":10839.81,"PopResidente_2021":86515,"Total_Valor_Euros":68795.74,"UtilizacaoBicicleta":0.0031,"UtilizacaoMulheres":0.182,"area_km2":291.66,"bfi_Ranking":181.0},"geometry":{"type":"MultiPolygon","coordinates":[[[[-9.4198272117127,38.932432182583916],[-9.395317304674002,38.93074712132441],[-9.345637781998855,38.883331054348815],[-9.272093874439971,38.893855543097914],[-9.239400413691547,38.86380765806409],[-9.226965717488909,38.868875652955815],[-9.228786792956283,38.915914710247456],[-9.189959707247336,38.903280707569344],[-9.159432454752608,38.9297762292402],[-9.164581642712749,38.95637142401566],[-9.240566149914214,38.94842245436982],[-9.2045643127473,38.9712658558699],[-9.212433849650896,39.01041685942775],[-9.222975562721006,39.01976073219653],[-9.243953324046036,39.00557768788709],[-9.29757865024531,39.03015137508488],[-9.30823835545591,39.0051960642531],[-9.339286810359724,39.01714028798279],[-9.351103597317236,39.05300642487513],[-9.389356134948082,39.06471837916571],[-9.416455125729145,39.0546970864444],[-9.4198272117127,38.932432182583916]]]]}},{"type":"Feature","properties":{"fid":157,"dtmn":"1110","municipio":"Oeiras","c1_declive":4.242061716739728,"c2_ambcon":7.855596370031607,"c3_infraest":2.2703505798793198,"c4_compolit":0.973375115985591,"c5_utiliza":2.1995059934785193,"bfi_2025":3.5902691310445265,"bfi_2025_Ranking":12.0,"BikeSharing":true,"ExtCic_AURB":12363.18,"ExtensaoCiclovias_conc":13183.24,"PopResidente_2021":171658,"Total_Valor_Euros":1976468.38,"UtilizacaoBicicleta":0.0037,"UtilizacaoMulheres":0.176,"area_km2":45.88,"bfi_Ranking":12.0},"geometry":{"type":"MultiPolygon","coordinates":[[[[-9.230030450381179,38.69474788619541],[-9.211211212218288,38.721993186309234],[-9.264261104583548,38.74102729071579],[-9.30854550940446,38.744505872909706],[-9.326914499756622,38.67599031995082],[-9.2809083924261,38.69865176546925],[-9.230030450381179,38.69474788619541]]]]}},{"type":"Feature","properties":{"fid":158,"dtmn":"1111","municipio":"Sintra","c1_declive":4.931356908651437,"c2_ambcon":6.341299129130167,"c3_infraest":1.9667567677482833,"c4_compolit":0.11041421708760074,"c5_utiliza":2.278190257364982,"bfi_2025":3.047870559975273,"bfi_2025_Ranking":28.0,"BikeSharing":true,"ExtCic_AURB":28652.58,"ExtensaoCiclovias_conc":30608.33,"PopResidente_2021":385606,"Total_Valor_Euros":514093.56,"UtilizacaoBicicleta":0.0021,"UtilizacaoMulheres":0.154,"area_km2":319.23,"bfi_Ranking":28.0},"geometry":{"type":"MultiPolygon","coordinates":[[[[-9.30854550940446,38.744505872909706],[-9.264261104583548,38.74102729071579],[-9.247653707165822,38.74286756958329],[-9.244151187250953,38.79487207163964],[-9.224694671950736,38.794913097390875],[-9.232778417202878,38.82698790306115],[-9.246001099118732,38.842670459796494],[-9.231393971946678,38.84605935728711],[-9.239400413691547,38.86380765806409],[-9.272093874439971,38.893855543097914],[-9.345637781998855,38.883331054348815],[-9.395317304674002,38.93074712132441],[-9.4198272117127,38.932432182583916],[-9.500526607165842,38.78070939393298],[-9.483777486280117,38.75734790473886],[-9.440950406135878,38.7689927413259],[-9.382070948611343,38.75791862895632],[-9.362694139962011,38.738581826152426],[-9.30854550940446,38.744505872909706]]]]}},{"type":"Feature","properties":{"fid":159,"dtmn":"1112","municipio":"Sobral de Monte Agraço","c1_declive":2.5968500983231118,"c2_ambcon":2.2108480369991272,"c3_infraest":0.0,"c4_compolit":0.0,"c5_utiliza":1.5039297142509422,"bfi_2025":1.1131829619322815,"bfi_2025_Ranking":250.0,"BikeSharing":false,"ExtCic_AURB":0.0,"ExtensaoCiclovias_conc":0.0,"PopResidente_2021":10540,"Total_Valor_Euros":0.0,"UtilizacaoBicicleta":0.0018,"UtilizacaoMulheres":0.091,"area_km2":52.1,"bfi_Ranking":250.0},"geometry":{"type":"MultiPolygon","coordinates":[[[[-9.212433849650896,39.01041685942775],[-9.2045643127473,38.9712658558699],[-9.240566149914214,38.94842245436982],[-9.164581642712749,38.95637142401566],[-9.17321347398927,38.98280885610094],[-9.151884949953818,38.96847857856381],[-9.114331262216664,39.0000930799576],[-9.107941761931988,38.98459054171229],[-9.098694841717338,39.02090073892733],[-9.12671021673708,39.03561140979823],[-9.154021920449056,39.03276859897026],[-9.168924431369488,39.010356215501936],[-9.212433849650896,39.01041685942775]]]]}},{"type":"Feature","properties":{"fid":160,"dtmn":"1113","municipio":"Torres Vedras","c1_declive":4.805114216299574,"c2_ambcon":3.041579893139543,"c3_infraest":2.2215888328962268,"c4_compolit":0.03209281964725353,"c5_utiliza":2.1457313628148436,"bfi_2025":2.2318684396313193,"bfi_2025_Ranking":97.0,"BikeSharing":true,"ExtCic_AURB":17574.25,"ExtensaoCiclovias_conc":25562.92,"PopResidente_2021":83072,"Total_Valor_Euros":28030.0,"UtilizacaoBicicleta":0.0055,"UtilizacaoMulheres":0.191,"area_km2":407.15,"bfi_Ranking":97.0},"geometry":{"type":"MultiPolygon","coordinates":[[[[-9.416455125729145,39.0546970864444],[-9.389356134948082,39.06471837916571],[-9.351103597317236,39.05300642487513],[-9.339286810359724,39.01714028798279],[-9.30823835545591,39.0051960642531],[-9.29757865024531,39.03015137508488],[-9.243953324046036,39.00557768788709],[-9.222975562721006,39.01976073219653],[-9.212433849650896,39.01041685942775],[-9.168924431369488,39.010356215501936],[-9.154021920449056,39.03276859897026],[-9.12671021673708,39.03561140979823],[-9.127315220050473,39.07528410153005],[-9.163891515355775,39.10631141316511],[-9.135929133066332,39.13205702302508],[-9.154433514938948,39.18389037755872],[-9.178440373591172,39.19784017052561],[-9.234705429810614,39.21618410429121],[-9.2371752212599,39.19830840793155],[-9.314176232558687,39.17474304386339],[-9.331709670057386,39.19540781502965],[-9.351607325378685,39.191689759377894],[-9.421966345727004,39.074674516141506],[-9.416455125729145,39.0546970864444]]]]}},{"type":"Feature","properties":{"fid":161,"dtmn":"1114","municipio":"Vila Franca de Xira","c1_declive":5.298357416224465,"c2_ambcon":5.66815611472707,"c3_infraest":0.8361975676331299,"c4_compolit":0.023425233704260612,"c5_utiliza":2.1973892664518253,"bfi_2025":2.6000870622437136,"bfi_2025_Ranking":57.0,"BikeSharing":false,"ExtCic_AURB":14549.05,"ExtensaoCiclovias_conc":19263.95,"PopResidente_2021":137529,"Total_Valor_Euros":26836.21,"UtilizacaoBicicleta":0.0022,"UtilizacaoMulheres":0.131,"area_km2":318.19,"bfi_Ranking":57.0},"geometry":{"type":"MultiPolygon","coordinates":[[[[-9.083558169371564,38.92926128172917],[-9.074118385020055,38.8980424591632],[-9.117823396656869,38.89140605262746],[-9.098978422834493,38.86499576224609],[-9.116398533473122,38.861005474321566],[-9.11843400441908,38.83903958561935],[-9.086799494048062,38.860742785241584],[-9.068755630190022,38.8421269799179],[-9.086332774854448,38.796225317589474],[-9.025375516649758,38.86027382987961],[-8.995926661524813,38.793250801400724],[-8.968466086132128,38.82776495732159],[-8.911379025745191,38.88832674034093],[-8.89138876947934,38.94448022891764],[-8.850668800164305,38.9598890379263],[-8.878367431112173,38.97175420211224],[-8.841671731688292,39.01660563866206],[-8.86069473201754,39.028656460880825],[-8.88970634345133,39.03157480104459],[-8.885163312335608,39.00923809064498],[-8.913596531975768,39.007677200566924],[-8.911676238123063,39.02795596873807],[-8.930276980476977,39.0180248545184],[-8.940428570642583,39.00071613106391],[-8.974577296530606,39.01555789087001],[-8.989381655414272,39.00217092044363],[-9.01009630310713,39.01554392110883],[-9.038732210338775,39.00876864924717],[-9.025564715215449,38.96017125480734],[-9.094414287193697,38.96723064633242],[-9.083558169371564,38.92926128172917]]]]}},{"type":"Feature","properties":{"fid":162,"dtmn":"1115","municipio":"Amadora","c1_declive":4.19757001081515,"c2_ambcon":7.987756021856825,"c3_infraest":1.773860146594239,"c4_compolit":0.0,"c5_utiliza":2.5040403286607265,"bfi_2025":3.360969108926426,"bfi_2025_Ranking":16.0,"BikeSharing":false,"ExtCic_AURB":3101.62,"ExtensaoCiclovias_conc":3115.06,"PopResidente_2021":171454,"Total_Valor_Euros":0.0,"UtilizacaoBicicleta":0.0022,"UtilizacaoMulheres":0.137,"area_km2":23.78,"bfi_Ranking":16.0},"geometry":{"type":"MultiPolygon","coordinates":[[[[-9.211211212218288,38.721993186309234],[-9.198123690274096,38.7605382529101],[-9.224694671950736,38.794913097390875],[-9.244151187250953,38.79487207163964],[-9.247653707165822,38.74286756958329],[-9.264261104583548,38.74102729071579],[-9.211211212218288,38.721993186309234]]]]}},{"type":"Feature","properties":{"fid":163,"dtmn":"1116","municipio":"Odivelas","c1_declive":3.091132720799057,"c2_ambcon":7.715445802985894,"c3_infraest":0.05292537085770056,"c4_compolit":0.39647245113714724,"c5_utiliza":2.3557139612187856,"bfi_2025":2.8016433480119907,"bfi_2025_Ranking":41.0,"BikeSharing":false,"ExtCic_AURB":450.53,"ExtensaoCiclovias_conc":450.54,"PopResidente_2021":148034,"Total_Valor_Euros":466419.0,"UtilizacaoBicicleta":0.0016,"UtilizacaoMulheres":0.163,"area_km2":26.54,"bfi_Ranking":41.0},"geometry":{"type":"MultiPolygon","coordinates":[[[[-9.224694671950736,38.794913097390875],[-9.198123690274096,38.7605382529101],[-9.149887733400917,38.79585374969294],[-9.232778417202878,38.82698790306115],[-9.224694671950736,38.794913097390875]]]]}},{"type":"Feature","properties":{"fid":164,"dtmn":"1201","municipio":"Alter do Chão","c1_declive":6.960396721488533,"c2_ambcon":3.9767094549355853,"c3_infraest":1.877200162887494,"c4_compolit":0.0,"c5_utiliza":3.1714553854207574,"bfi_2025":2.793808153688775,"bfi_2025_Ranking":43.0,"BikeSharing":false,"ExtCic_AURB":2294.34,"ExtensaoCiclovias_conc":2335.33,"PopResidente_2021":3044,"Total_Valor_Euros":0.0,"UtilizacaoBicicleta":0.0045,"UtilizacaoMulheres":0.333,"area_km2":362.07,"bfi_Ranking":43.0},"geometry":{"type":"MultiPolygon","coordinates":[[[[-7.824553561050497,39.3281166071308],[-7.83022772303468,39.29589202620147],[-7.876018566886434,39.27924066708111],[-7.865828367008621,39.25329340648355],[-7.878753197858098,39.23545663498544],[-7.840299672561956,39.22961233334112],[-7.855059266115329,39.21353128708466],[-7.82276783241223,39.201161614623494],[-7.820117633602625,39.174618191642914],[-7.835818186271702,39.16617345679572],[-7.798707171479954,39.170799289859005],[-7.790021077942111,39.13342968126808],[-7.76861411119879,39.136009942359635],[-7.670439712662283,39.115909145372754],[-7.647225590953459,39.14667601651328],[-7.592154684817404,39.14895624018748],[-7.559369536709502,39.16703047460515],[-7.536255289737027,39.15757892564593],[-7.521699533638864,39.1906285043569],[-7.657692195257028,39.240176786341365],[-7.776436403391247,39.32496460405175],[-7.824553561050497,39.3281166071308]]]]}},{"type":"Feature","properties":{"fid":165,"dtmn":"1202","municipio":"Arronches","c1_declive":5.488420803555812,"c2_ambcon":3.6485885007340273,"c3_infraest":0.0,"c4_compolit":0.4363820222894002,"c5_utiliza":1.653335911176494,"bfi_2025":1.878932792232267,"bfi_2025_Ranking":147.0,"BikeSharing":false,"ExtCic_AURB":0.0,"ExtensaoCiclovias_conc":0.0,"PopResidente_2021":2789,"Total_Valor_Euros":19950.0,"UtilizacaoBicicleta":0.0066,"UtilizacaoMulheres":0.0,"area_km2":314.65,"bfi_Ranking":147.0},"geometry":{"type":"MultiPolygon","coordinates":[[[[-7.390067795644351,39.146241402382046],[-7.353155552937156,39.119047214493655],[-7.371563663234816,39.09263866416308],[-7.298101420939743,39.047025683845085],[-7.215072756046002,39.04795414936017],[-7.148354373638312,39.00658864085053],[-7.116649078630313,39.01723069329857],[-7.121828069942269,39.036934975390125],[-7.110342776455565,39.03927165860886],[-7.146635427142244,39.067006086946904],[-7.128997668361712,39.0981047298245],[-7.144024855972432,39.1086326974221],[-7.134667382274365,39.171198214088456],[-7.24145983714367,39.20825511600903],[-7.314837876133002,39.18912642589049],[-7.364596090381408,39.19568321489964],[-7.34481091466248,39.176657182925595],[-7.390067795644351,39.146241402382046]]]]}},{"type":"Feature","properties":{"fid":166,"dtmn":"1203","municipio":"Avis","c1_declive":6.692114111267934,"c2_ambcon":3.087592373593961,"c3_infraest":0.0,"c4_compolit":0.0,"c5_utiliza":2.3887548190713064,"bfi_2025":1.918860468339545,"bfi_2025_Ranking":142.0,"BikeSharing":false,"ExtCic_AURB":0.0,"ExtensaoCiclovias_conc":0.0,"PopResidente_2021":3812,"Total_Valor_Euros":0.0,"UtilizacaoBicicleta":0.0077,"UtilizacaoMulheres":0.154,"area_km2":605.97,"bfi_Ranking":142.0},"geometry":{"type":"MultiPolygon","coordinates":[[[[-7.914506460108209,38.964602644977106],[-7.888467212773354,38.977572346478006],[-7.895532860586771,39.0047187864765],[-7.863943903181743,38.98753255439095],[-7.849598068981722,39.015667775180255],[-7.814015789489619,38.99125129339614],[-7.760240015096923,39.01013547458799],[-7.745232220836005,38.997157409497994],[-7.717172491635507,39.00285762527564],[-7.710795454621958,39.021358048735316],[-7.696666864270408,39.043750665191766],[-7.726721031095974,39.049550504082795],[-7.719456309933936,39.09107003805474],[-7.739596837787663,39.11015856543687],[-7.753233226142132,39.10101451990495],[-7.772490798934882,39.11281309919409],[-7.76861411119879,39.136009942359635],[-7.790021077942111,39.13342968126808],[-7.798707171479954,39.170799289859005],[-7.835818186271702,39.16617345679572],[-7.820117633602625,39.174618191642914],[-7.82276783241223,39.201161614623494],[-7.855059266115329,39.21353128708466],[-7.890561375816603,39.21838066065352],[-7.889030116346166,39.196942968896224],[-7.935101081338377,39.19142156922639],[-7.961435628001547,39.152561491904784],[-7.958923328971834,39.122403671899825],[-8.065862188306308,39.11389930394875],[-8.103786545378306,39.060506678488686],[-8.152002950739737,39.02693144992248],[-8.14038637592554,39.01247864860755],[-8.103806887789917,39.02273441219813],[-8.098597988766663,39.012690214675295],[-8.120289723618614,39.003989756526906],[-8.10316436029426,38.9691572027193],[-8.087324026334494,38.97605868349082],[-8.079225096953794,39.01381070211535],[-8.047609401202635,39.008287712625645],[-8.013726860485333,38.981382180266934],[-8.022108854961292,38.94076676360928],[-7.967999472646444,38.951610354312415],[-7.946720397144921,38.97200710053999],[-7.914506460108209,38.964602644977106]]]]}},{"type":"Feature","properties":{"fid":167,"dtmn":"1204","municipio":"Campo Maior","c1_declive":7.677398701953417,"c2_ambcon":4.762042802248342,"c3_infraest":0.0,"c4_compolit":0.4859413957822505,"c5_utiliza":1.5034794658365507,"bfi_2025":2.356134743081187,"bfi_2025_Ranking":77.0,"BikeSharing":false,"ExtCic_AURB":0.0,"ExtensaoCiclovias_conc":0.0,"PopResidente_2021":8042,"Total_Valor_Euros":60815.13,"UtilizacaoBicicleta":0.0025,"UtilizacaoMulheres":0.0,"area_km2":247.2,"bfi_Ranking":77.0},"geometry":{"type":"MultiPolygon","coordinates":[[[[-7.051152626468637,38.905885197124995],[-6.951130314157063,39.02359807140456],[-6.967806132364369,39.03949091437681],[-6.959416379777299,39.0544705592172],[-6.980903488309269,39.087820720600355],[-7.032577138044011,39.11732229170119],[-7.105334016027192,39.09920012792891],[-7.144024855972432,39.1086326974221],[-7.128997668361712,39.0981047298245],[-7.146635427142244,39.067006086946904],[-7.110342776455565,39.03927165860886],[-7.121828069942269,39.036934975390125],[-7.116649078630313,39.01723069329857],[-7.148354373638312,39.00658864085053],[-7.051152626468637,38.905885197124995]]]]}},{"type":"Feature","properties":{"fid":168,"dtmn":"1205","municipio":"Castelo de Vide","c1_declive":4.642817104767653,"c2_ambcon":4.697858191415319,"c3_infraest":0.0,"c4_compolit":0.0,"c5_utiliza":2.374164933666123,"bfi_2025":2.1135792450638196,"bfi_2025_Ranking":115.0,"BikeSharing":false,"ExtCic_AURB":0.0,"ExtensaoCiclovias_conc":0.0,"PopResidente_2021":3116,"Total_Valor_Euros":0.0,"UtilizacaoBicicleta":0.0071,"UtilizacaoMulheres":0.1,"area_km2":264.91,"bfi_Ranking":115.0},"geometry":{"type":"MultiPolygon","coordinates":[[[[-7.380565618728019,39.49332687247751],[-7.390685424559115,39.52971697110175],[-7.430258560107557,39.53450919187573],[-7.485422054758054,39.584177501488526],[-7.480863097543264,39.52587065296411],[-7.566205287992945,39.54231983017755],[-7.551147764587378,39.517777654232425],[-7.580334208010768,39.51337843085483],[-7.566731217115501,39.47057381336253],[-7.598091729150197,39.449548965781624],[-7.584988545655086,39.40904131302147],[-7.594666213083033,39.37723629583487],[-7.558526713269299,39.36765703655685],[-7.548842401804278,39.38093592018598],[-7.432882925992468,39.39169082669593],[-7.409843973463915,39.405796941867465],[-7.409384671061337,39.487919940545744],[-7.380565618728019,39.49332687247751]]]]}},{"type":"Feature","properties":{"fid":169,"dtmn":"1206","municipio":"Crato","c1_declive":6.942703860491415,"c2_ambcon":3.7936201951006865,"c3_infraest":0.0,"c4_compolit":0.0,"c5_utiliza":1.72053254783855,"bfi_2025":1.9867819443920232,"bfi_2025_Ranking":126.0,"BikeSharing":false,"ExtCic_AURB":0.0,"ExtensaoCiclovias_conc":0.0,"PopResidente_2021":3225,"Total_Valor_Euros":0.0,"UtilizacaoBicicleta":0.003,"UtilizacaoMulheres":0.0,"area_km2":398.07,"bfi_Ranking":126.0},"geometry":{"type":"MultiPolygon","coordinates":[[[[-7.594666213083033,39.37723629583487],[-7.633977231070615,39.39118771873271],[-7.649165675183151,39.43165861045943],[-7.669919803992313,39.43877049927654],[-7.699388037208392,39.4196462768548],[-7.708716965110165,39.38403498543047],[-7.761482470808725,39.383208011472355],[-7.901282051909126,39.334061569267874],[-7.824553561050497,39.3281166071308],[-7.776436403391247,39.32496460405175],[-7.657692195257028,39.240176786341365],[-7.521699533638864,39.1906285043569],[-7.471242755082114,39.177355467192996],[-7.544799762436852,39.25429710496255],[-7.514779417712559,39.26132167743146],[-7.517302934262733,39.29933065362942],[-7.500723874567215,39.31791406589954],[-7.558526713269299,39.36765703655685],[-7.594666213083033,39.37723629583487]]]]}},{"type":"Feature","properties":{"fid":170,"dtmn":"1207","municipio":"Elvas","c1_declive":6.712189606652359,"c2_ambcon":4.7696612166236845,"c3_infraest":0.8049942922753308,"c4_compolit":0.23757742586842318,"c5_utiliza":2.039646596114343,"bfi_2025":2.520327642286543,"bfi_2025_Ranking":67.0,"BikeSharing":false,"ExtCic_AURB":4055.22,"ExtensaoCiclovias_conc":7811.83,"PopResidente_2021":20730,"Total_Valor_Euros":67500.0,"UtilizacaoBicicleta":0.0024,"UtilizacaoMulheres":0.208,"area_km2":631.29,"bfi_Ranking":67.0},"geometry":{"type":"MultiPolygon","coordinates":[[[[-7.39167306191823,38.801619241808076],[-7.3282828674046,38.80389705933408],[-7.325642929943259,38.82519264026289],[-7.304052868006886,38.83741451916671],[-7.279619017088796,38.827641628642475],[-7.244892395380883,38.84778043934968],[-7.226552669245653,38.828599456134896],[-7.207434388399118,38.8310970106941],[-7.232398574820669,38.78516432549773],[-7.227599357381059,38.76682599547382],[-7.203714576671405,38.751497340795304],[-7.039243820901037,38.864681189874936],[-7.051152626468637,38.905885197124995],[-7.148354373638312,39.00658864085053],[-7.215072756046002,39.04795414936017],[-7.298101420939743,39.047025683845085],[-7.341382410414723,39.00845768937304],[-7.371161344123896,38.94288944658755],[-7.358917048264444,38.92722571685447],[-7.371056740683692,38.917432213711706],[-7.354744620529033,38.91225069812204],[-7.398745334802721,38.900951713900234],[-7.390500206950179,38.87961359505774],[-7.417756159079244,38.86806157759697],[-7.404587890517621,38.84865117077542],[-7.424292277316757,38.84801250714314],[-7.39167306191823,38.801619241808076]]]]}},{"type":"Feature","properties":{"fid":171,"dtmn":"1208","municipio":"Fronteira","c1_declive":6.67152037674363,"c2_ambcon":3.8444509637034145,"c3_infraest":0.0,"c4_compolit":0.0,"c5_utiliza":2.5951579529792395,"bfi_2025":2.1472963691960647,"bfi_2025_Ranking":106.0,"BikeSharing":false,"ExtCic_AURB":0.0,"ExtensaoCiclovias_conc":0.0,"PopResidente_2021":2858,"Total_Valor_Euros":0.0,"UtilizacaoBicicleta":0.0076,"UtilizacaoMulheres":0.2,"area_km2":248.6,"bfi_Ranking":106.0},"geometry":{"type":"MultiPolygon","coordinates":[[[[-7.533347950799133,39.00843821333495],[-7.537393385145289,39.02305793682909],[-7.512051346703363,39.04361353174072],[-7.568108991070079,39.143114588107565],[-7.536255289737027,39.15757892564593],[-7.559369536709502,39.16703047460515],[-7.592154684817404,39.14895624018748],[-7.647225590953459,39.14667601651328],[-7.670439712662283,39.115909145372754],[-7.76861411119879,39.136009942359635],[-7.772490798934882,39.11281309919409],[-7.753233226142132,39.10101451990495],[-7.739596837787663,39.11015856543687],[-7.719456309933936,39.09107003805474],[-7.726721031095974,39.049550504082795],[-7.696666864270408,39.043750665191766],[-7.710795454621958,39.021358048735316],[-7.665115514599378,39.01796096124887],[-7.638079123959569,38.99066926946147],[-7.590923728886293,39.013084208217684],[-7.551513348856655,38.995277217298906],[-7.533347950799133,39.00843821333495]]]]}},{"type":"Feature","properties":{"fid":172,"dtmn":"1209","municipio":"Gavião","c1_declive":4.434141257852105,"c2_ambcon":2.684864569639527,"c3_infraest":0.0,"c4_compolit":0.0,"c5_utiliza":3.0817665714327314,"bfi_2025":1.7309835824816386,"bfi_2025_Ranking":170.0,"BikeSharing":false,"ExtCic_AURB":0.0,"ExtensaoCiclovias_conc":0.0,"PopResidente_2021":3394,"Total_Valor_Euros":0.0,"UtilizacaoBicicleta":0.0033,"UtilizacaoMulheres":0.25,"area_km2":294.59,"bfi_Ranking":170.0},"geometry":{"type":"MultiPolygon","coordinates":[[[[-8.008883980663592,39.47317265769944],[-7.995435085858251,39.448260620203264],[-7.94208502609957,39.41865261113778],[-7.968683753916951,39.38230990681765],[-7.964420480719369,39.36546261570303],[-7.901282051909126,39.334061569267874],[-7.761482470808725,39.383208011472355],[-7.745448773394994,39.41065245393923],[-7.781061351623823,39.41654240171696],[-7.882628813824852,39.490532106112894],[-7.851099622458318,39.509869146179184],[-7.954771210964886,39.56508587269578],[-8.008883980663592,39.47317265769944]]]]}},{"type":"Feature","properties":{"fid":173,"dtmn":"1210","municipio":"Marvão","c1_declive":4.045170025386715,"c2_ambcon":2.7867414663611645,"c3_infraest":0.0,"c4_compolit":0.0,"c5_utiliza":2.3602423592536907,"bfi_2025":1.5732508409797008,"bfi_2025_Ranking":193.0,"BikeSharing":false,"ExtCic_AURB":0.0,"ExtensaoCiclovias_conc":0.0,"PopResidente_2021":3021,"Total_Valor_Euros":0.0,"UtilizacaoBicicleta":0.0033,"UtilizacaoMulheres":0.25,"area_km2":154.9,"bfi_Ranking":193.0},"geometry":{"type":"MultiPolygon","coordinates":[[[[-7.380565618728019,39.49332687247751],[-7.409384671061337,39.487919940545744],[-7.409843973463915,39.405796941867465],[-7.432882925992468,39.39169082669593],[-7.41756903119445,39.3373372676466],[-7.38930457648442,39.334692258920526],[-7.379622304508454,39.316231032885156],[-7.308130939307288,39.336881898164],[-7.322854948800313,39.381952804409906],[-7.294261007602342,39.45682754389346],[-7.380565618728019,39.49332687247751]]]]}},{"type":"Feature","properties":{"fid":174,"dtmn":"1211","municipio":"Monforte","c1_declive":6.543097022514603,"c2_ambcon":4.194061249848656,"c3_infraest":0.0,"c4_compolit":0.0,"c5_utiliza":3.261899989746388,"bfi_2025":2.355205012662902,"bfi_2025_Ranking":78.0,"BikeSharing":false,"ExtCic_AURB":0.0,"ExtensaoCiclovias_conc":0.0,"PopResidente_2021":2992,"Total_Valor_Euros":0.0,"UtilizacaoBicicleta":0.0022,"UtilizacaoMulheres":0.333,"area_km2":420.25,"bfi_Ranking":78.0},"geometry":{"type":"MultiPolygon","coordinates":[[[[-7.533347950799133,39.00843821333495],[-7.452865595248751,38.96444459398756],[-7.466114171522826,38.92603736601324],[-7.422925906265876,38.903487669492804],[-7.417756159079244,38.86806157759697],[-7.390500206950179,38.87961359505774],[-7.398745334802721,38.900951713900234],[-7.354744620529033,38.91225069812204],[-7.371056740683692,38.917432213711706],[-7.358917048264444,38.92722571685447],[-7.371161344123896,38.94288944658755],[-7.341382410414723,39.00845768937304],[-7.298101420939743,39.047025683845085],[-7.371563663234816,39.09263866416308],[-7.353155552937156,39.119047214493655],[-7.390067795644351,39.146241402382046],[-7.471242755082114,39.177355467192996],[-7.521699533638864,39.1906285043569],[-7.536255289737027,39.15757892564593],[-7.568108991070079,39.143114588107565],[-7.512051346703363,39.04361353174072],[-7.537393385145289,39.02305793682909],[-7.533347950799133,39.00843821333495]]]]}},{"type":"Feature","properties":{"fid":175,"dtmn":"1212","municipio":"Nisa","c1_declive":5.9043733882875955,"c2_ambcon":3.8705825695960256,"c3_infraest":0.0,"c4_compolit":0.40007407313712096,"c5_utiliza":2.723431441859975,"bfi_2025":2.182784084227185,"bfi_2025_Ranking":103.0,"BikeSharing":false,"ExtCic_AURB":0.0,"ExtensaoCiclovias_conc":0.0,"PopResidente_2021":5952,"Total_Valor_Euros":50752.13,"UtilizacaoBicicleta":0.005,"UtilizacaoMulheres":0.25,"area_km2":575.68,"bfi_Ranking":103.0},"geometry":{"type":"MultiPolygon","coordinates":[[[[-7.761482470808725,39.383208011472355],[-7.708716965110165,39.38403498543047],[-7.699388037208392,39.4196462768548],[-7.669919803992313,39.43877049927654],[-7.649165675183151,39.43165861045943],[-7.633977231070615,39.39118771873271],[-7.594666213083033,39.37723629583487],[-7.584988545655086,39.40904131302147],[-7.598091729150197,39.449548965781624],[-7.566731217115501,39.47057381336253],[-7.580334208010768,39.51337843085483],[-7.551147764587378,39.517777654232425],[-7.566205287992945,39.54231983017755],[-7.480863097543264,39.52587065296411],[-7.485422054758054,39.584177501488526],[-7.541680166315917,39.66367957918539],[-7.582372027509575,39.657477536363274],[-7.637442481409237,39.62272354513548],[-7.671821178030197,39.64887378142896],[-7.70323525479425,39.636616530323394],[-7.722305525602755,39.59326756680513],[-7.754922469586139,39.58832486900569],[-7.769803343748867,39.56425524850166],[-7.825104082652423,39.5373649018861],[-7.851099622458318,39.509869146179184],[-7.882628813824852,39.490532106112894],[-7.781061351623823,39.41654240171696],[-7.745448773394994,39.41065245393923],[-7.761482470808725,39.383208011472355]]]]}},{"type":"Feature","properties":{"fid":176,"dtmn":"1213","municipio":"Ponte de Sor","c1_declive":6.961437586942806,"c2_ambcon":2.675537878034545,"c3_infraest":0.0161387501403669,"c4_compolit":0.0,"c5_utiliza":2.546035294452764,"bfi_2025":1.8782699746285612,"bfi_2025_Ranking":149.0,"BikeSharing":false,"ExtCic_AURB":0.0,"ExtensaoCiclovias_conc":550.45,"PopResidente_2021":15248,"Total_Valor_Euros":0.0,"UtilizacaoBicicleta":0.0121,"UtilizacaoMulheres":0.191,"area_km2":839.82,"bfi_Ranking":149.0},"geometry":{"type":"MultiPolygon","coordinates":[[[[-8.227914759747193,38.98738685984562],[-8.218665020825128,38.97826317156762],[-8.152002950739737,39.02693144992248],[-8.103786545378306,39.060506678488686],[-8.065862188306308,39.11389930394875],[-7.958923328971834,39.122403671899825],[-7.961435628001547,39.152561491904784],[-7.935101081338377,39.19142156922639],[-7.889030116346166,39.196942968896224],[-7.890561375816603,39.21838066065352],[-7.855059266115329,39.21353128708466],[-7.840299672561956,39.22961233334112],[-7.878753197858098,39.23545663498544],[-7.865828367008621,39.25329340648355],[-7.876018566886434,39.27924066708111],[-7.83022772303468,39.29589202620147],[-7.824553561050497,39.3281166071308],[-7.901282051909126,39.334061569267874],[-7.964420480719369,39.36546261570303],[-7.968683753916951,39.38230990681765],[-8.03099235697375,39.36365713056129],[-8.02645243152483,39.3415799401748],[-8.078533386384326,39.277923584668436],[-8.134240092374839,39.28751547140566],[-8.172599450516861,39.23331364988646],[-8.233368436938315,39.18262906975296],[-8.29882122668413,39.162875288915906],[-8.34342458414658,39.100291174634506],[-8.29083309403901,39.08043212555831],[-8.26033576846183,39.01229648045974],[-8.226901216848713,39.00455853801153],[-8.227914759747193,38.98738685984562]]]]}},{"type":"Feature","properties":{"fid":177,"dtmn":"1214","municipio":"Portalegre","c1_declive":4.497969452192063,"c2_ambcon":3.900570064584057,"c3_infraest":0.0,"c4_compolit":0.23806624563190645,"c5_utiliza":0.9020806501044082,"bfi_2025":1.6529688405124832,"bfi_2025_Ranking":182.0,"BikeSharing":false,"ExtCic_AURB":0.0,"ExtensaoCiclovias_conc":0.0,"PopResidente_2021":22340,"Total_Valor_Euros":40650.0,"UtilizacaoBicicleta":0.0008,"UtilizacaoMulheres":0.0,"area_km2":447.14,"bfi_Ranking":182.0},"geometry":{"type":"MultiPolygon","coordinates":[[[[-7.471242755082114,39.177355467192996],[-7.390067795644351,39.146241402382046],[-7.34481091466248,39.176657182925595],[-7.364596090381408,39.19568321489964],[-7.314837876133002,39.18912642589049],[-7.24145983714367,39.20825511600903],[-7.248018404805054,39.25337551159059],[-7.231471694241689,39.27825850661143],[-7.308130939307288,39.336881898164],[-7.379622304508454,39.316231032885156],[-7.38930457648442,39.334692258920526],[-7.41756903119445,39.3373372676466],[-7.432882925992468,39.39169082669593],[-7.548842401804278,39.38093592018598],[-7.558526713269299,39.36765703655685],[-7.500723874567215,39.31791406589954],[-7.517302934262733,39.29933065362942],[-7.514779417712559,39.26132167743146],[-7.544799762436852,39.25429710496255],[-7.471242755082114,39.177355467192996]]]]}},{"type":"Feature","properties":{"fid":178,"dtmn":"1215","municipio":"Sousel","c1_declive":8.315060319294005,"c2_ambcon":3.2612908269204293,"c3_infraest":0.0,"c4_compolit":0.0,"c5_utiliza":2.407720472247695,"bfi_2025":2.1283728331090472,"bfi_2025_Ranking":108.0,"BikeSharing":false,"ExtCic_AURB":0.0,"ExtensaoCiclovias_conc":0.0,"PopResidente_2021":4360,"Total_Valor_Euros":0.0,"UtilizacaoBicicleta":0.0091,"UtilizacaoMulheres":0.167,"area_km2":279.32,"bfi_Ranking":108.0},"geometry":{"type":"MultiPolygon","coordinates":[[[[-7.914506460108209,38.964602644977106],[-7.890880505283032,38.9284164719445],[-7.875952848610968,38.90835846287025],[-7.789947112218766,38.89579322398606],[-7.75202675898566,38.90824476820727],[-7.732876364890049,38.939200193411025],[-7.698089118998763,38.91240028501413],[-7.683438816905896,38.9293730035397],[-7.637677518477572,38.91146638187737],[-7.604290337368415,38.953781855309344],[-7.564642987833819,38.95245445870916],[-7.54233607614496,38.96799580964385],[-7.551513348856655,38.995277217298906],[-7.590923728886293,39.013084208217684],[-7.638079123959569,38.99066926946147],[-7.665115514599378,39.01796096124887],[-7.710795454621958,39.021358048735316],[-7.717172491635507,39.00285762527564],[-7.745232220836005,38.997157409497994],[-7.760240015096923,39.01013547458799],[-7.814015789489619,38.99125129339614],[-7.849598068981722,39.015667775180255],[-7.863943903181743,38.98753255439095],[-7.895532860586771,39.0047187864765],[-7.888467212773354,38.977572346478006],[-7.914506460108209,38.964602644977106]]]]}},{"type":"Feature","properties":{"fid":179,"dtmn":"1301","municipio":"Amarante","c1_declive":1.2385528374298704,"c2_ambcon":2.0912237211348335,"c3_infraest":0.4354041532252833,"c4_compolit":0.3923296918249511,"c5_utiliza":1.65121937472398,"bfi_2025":1.1642220656428024,"bfi_2025_Ranking":245.0,"BikeSharing":false,"ExtCic_AURB":6558.99,"ExtensaoCiclovias_conc":9938.84,"PopResidente_2021":52116,"Total_Valor_Euros":279700.0,"UtilizacaoBicicleta":0.0007,"UtilizacaoMulheres":0.118,"area_km2":301.33,"bfi_Ranking":245.0},"geometry":{"type":"MultiPolygon","coordinates":[[[[-8.173508201180853,41.23386995685552],[-8.137071316620165,41.259042756815816],[-8.165304172869307,41.22362243784125],[-8.135946550824626,41.22871154556709],[-8.12623568919232,41.21449250924239],[-8.080383686278921,41.22583618991546],[-8.0412790979504,41.18944140505942],[-7.986341643596791,41.22020391101592],[-7.969841167233908,41.19694873386282],[-7.944023605826611,41.197405654753965],[-7.895730605632653,41.24892776094629],[-7.894935387147137,41.249925417700176],[-7.921366916206186,41.29032159668337],[-7.907641078600684,41.30266708496305],[-7.963958984283573,41.32958467805806],[-7.947341431946298,41.35263234751245],[-7.972577053119003,41.3603226776134],[-7.974168100319712,41.375195775278875],[-8.028107492838394,41.31925144226197],[-8.065371282202701,41.34327682636017],[-8.0865093207274,41.329348843320105],[-8.118752227878417,41.34379353019487],[-8.109639298101108,41.331658597394245],[-8.121917224179386,41.31861574841398],[-8.19294123878955,41.294451524793764],[-8.215751083742646,41.245312696050874],[-8.173508201180853,41.23386995685552]]]]}},{"type":"Feature","properties":{"fid":180,"dtmn":"1302","municipio":"Baião","c1_declive":0.5385469337446193,"c2_ambcon":1.6732364726597226,"c3_infraest":0.0,"c4_compolit":0.0,"c5_utiliza":3.228235956702168,"bfi_2025":1.1178110028798263,"bfi_2025_Ranking":248.0,"BikeSharing":false,"ExtCic_AURB":0.0,"ExtensaoCiclovias_conc":0.0,"PopResidente_2021":17534,"Total_Valor_Euros":0.0,"UtilizacaoBicicleta":0.0007,"UtilizacaoMulheres":0.4,"area_km2":174.53,"bfi_Ranking":248.0},"geometry":{"type":"MultiPolygon","coordinates":[[[[-8.02703110192499,41.096843378608504],[-7.951649943993206,41.122700761562065],[-7.911863913336353,41.11988958022427],[-7.8894492670883,41.163144394926846],[-7.890342498515268,41.20244000140308],[-7.875579307603212,41.24204802372021],[-7.895730605632653,41.24892776094629],[-7.944023605826611,41.197405654753965],[-7.969841167233908,41.19694873386282],[-7.986341643596791,41.22020391101592],[-8.0412790979504,41.18944140505942],[-8.066454379139465,41.157482449303515],[-8.11366183157592,41.134461121403156],[-8.096942865679788,41.10073673435578],[-8.02703110192499,41.096843378608504]]]]}},{"type":"Feature","properties":{"fid":181,"dtmn":"1303","municipio":"Felgueiras","c1_declive":2.759051107433149,"c2_ambcon":3.1364496267313413,"c3_infraest":0.1288310096122076,"c4_compolit":0.0,"c5_utiliza":1.8100119501623406,"bfi_2025":1.4542276598616701,"bfi_2025_Ranking":209.0,"BikeSharing":false,"ExtCic_AURB":1513.85,"ExtensaoCiclovias_conc":2431.69,"PopResidente_2021":55848,"Total_Valor_Euros":0.0,"UtilizacaoBicicleta":0.0015,"UtilizacaoMulheres":0.146,"area_km2":115.74,"bfi_Ranking":209.0},"geometry":{"type":"MultiPolygon","coordinates":[[[[-8.278378327569364,41.34582794895558],[-8.266593770497087,41.330410319643164],[-8.277185034662807,41.31434059318977],[-8.211195683894754,41.31134310289363],[-8.19294123878955,41.294451524793764],[-8.121917224179386,41.31861574841398],[-8.109639298101108,41.331658597394245],[-8.118752227878417,41.34379353019487],[-8.14645544717036,41.36030544006858],[-8.14028107049064,41.372949537614495],[-8.185521381527138,41.409965564503594],[-8.223311505985333,41.40872476411431],[-8.222302166358034,41.39347504952896],[-8.247120528619512,41.391958221043204],[-8.277854111254392,41.36941267862409],[-8.278378327569364,41.34582794895558]]]]}},{"type":"Feature","properties":{"fid":182,"dtmn":"1304","municipio":"Gondomar","c1_declive":3.2264520451499514,"c2_ambcon":6.358038045250548,"c3_infraest":0.898779901106347,"c4_compolit":0.07846876271668757,"c5_utiliza":1.8385621154833136,"bfi_2025":2.520255866744219,"bfi_2025_Ranking":68.0,"BikeSharing":false,"ExtCic_AURB":18742.25,"ExtensaoCiclovias_conc":20321.17,"PopResidente_2021":164257,"Total_Valor_Euros":82957.56,"UtilizacaoBicicleta":0.0017,"UtilizacaoMulheres":0.121,"area_km2":131.92,"bfi_Ranking":68.0},"geometry":{"type":"MultiPolygon","coordinates":[[[[-8.389219308833027,41.00138011574353],[-8.384185837693037,41.0036530270381],[-8.39911100360628,41.05074356244427],[-8.375227177531453,41.05012264544152],[-8.37257074147663,41.0709292623916],[-8.41284400046491,41.09774661414874],[-8.437428726671227,41.086929607500174],[-8.47096848909352,41.1407644399656],[-8.494376499850075,41.1457470994331],[-8.52732229382845,41.203267649336794],[-8.555410004178752,41.1976017249237],[-8.584110501906936,41.18136134994221],[-8.552613455058333,41.1582070857138],[-8.575763153303416,41.139957851167324],[-8.51385392816643,41.07263411906998],[-8.470453011929067,41.07531085976224],[-8.448740655299439,41.05346116026963],[-8.429986217551258,41.02245650581691],[-8.389219308833027,41.00138011574353]]]]}},{"type":"Feature","properties":{"fid":183,"dtmn":"1305","municipio":"Lousada","c1_declive":3.257009060563969,"c2_ambcon":2.417279137238436,"c3_infraest":1.4,"c4_compolit":0.07473184164191513,"c5_utiliza":1.4875671506877817,"bfi_2025":1.5924804888319453,"bfi_2025_Ranking":190.0,"BikeSharing":true,"ExtCic_AURB":0.0,"ExtensaoCiclovias_conc":0.0,"PopResidente_2021":47364,"Total_Valor_Euros":30000.0,"UtilizacaoBicicleta":0.0008,"UtilizacaoMulheres":0.087,"area_km2":96.08,"bfi_Ranking":190.0},"geometry":{"type":"MultiPolygon","coordinates":[[[[-8.333510203009057,41.25649250765584],[-8.296195662940343,41.230810871277185],[-8.276866381917019,41.24800948897065],[-8.215751083742646,41.245312696050874],[-8.19294123878955,41.294451524793764],[-8.211195683894754,41.31134310289363],[-8.277185034662807,41.31434059318977],[-8.266593770497087,41.330410319643164],[-8.278378327569364,41.34582794895558],[-8.316449703966024,41.35125965939942],[-8.339752651066453,41.33496920899227],[-8.317297448156138,41.31694291948929],[-8.334217580633917,41.29853688977488],[-8.323087529918258,41.29474386062254],[-8.333510203009057,41.25649250765584]]]]}},{"type":"Feature","properties":{"fid":184,"dtmn":"1306","municipio":"Maia","c1_declive":6.660540465671301,"c2_ambcon":6.469027465637644,"c3_infraest":1.9590369926375955,"c4_compolit":1.1768386394534351,"c5_utiliza":1.5084521661334926,"bfi_2025":3.310128322253325,"bfi_2025_Ranking":18.0,"BikeSharing":false,"ExtCic_AURB":10307.95,"ExtensaoCiclovias_conc":13175.38,"PopResidente_2021":134977,"Total_Valor_Euros":1536174.25,"UtilizacaoBicicleta":0.0022,"UtilizacaoMulheres":0.103,"area_km2":82.95,"bfi_Ranking":18.0},"geometry":{"type":"MultiPolygon","coordinates":[[[[-8.68801351362857,41.25640579250262],[-8.693226859385765,41.23808778856461],[-8.666025209837276,41.22273526353823],[-8.64569982537316,41.236621823285574],[-8.617387589998405,41.22408886712169],[-8.596882866196333,41.18375243808539],[-8.584110501906936,41.18136134994221],[-8.555410004178752,41.1976017249237],[-8.570727255884604,41.24039076461943],[-8.543478067853135,41.23219041421733],[-8.519728486834236,41.26843384009238],[-8.515528865798029,41.28642199634344],[-8.5674379444776,41.2572501298799],[-8.621776949438969,41.29536884690237],[-8.65272060909572,41.27415753460151],[-8.652549996482703,41.25873040809653],[-8.68801351362857,41.25640579250262]]]]}},{"type":"Feature","properties":{"fid":185,"dtmn":"1307","municipio":"Marco de Canaveses","c1_declive":1.3901876502043438,"c2_ambcon":2.1010335751528233,"c3_infraest":0.0,"c4_compolit":0.028573628448581218,"c5_utiliza":1.5093989581941152,"bfi_2025":0.9718716761371795,"bfi_2025_Ranking":268.0,"BikeSharing":false,"ExtCic_AURB":0.0,"ExtensaoCiclovias_conc":0.0,"PopResidente_2021":49541,"Total_Valor_Euros":22250.0,"UtilizacaoBicicleta":0.001,"UtilizacaoMulheres":0.046,"area_km2":201.89,"bfi_Ranking":268.0},"geometry":{"type":"MultiPolygon","coordinates":[[[[-8.292960676933985,41.08014672182979],[-8.263992093452144,41.06585712157684],[-8.206029917639883,41.09378269554747],[-8.135514442413305,41.083805897000445],[-8.096942865679788,41.10073673435578],[-8.11366183157592,41.134461121403156],[-8.066454379139465,41.157482449303515],[-8.0412790979504,41.18944140505942],[-8.080383686278921,41.22583618991546],[-8.12623568919232,41.21449250924239],[-8.135946550824626,41.22871154556709],[-8.165304172869307,41.22362243784125],[-8.137071316620165,41.259042756815816],[-8.173508201180853,41.23386995685552],[-8.170971588348957,41.21948760691609],[-8.217776063598905,41.21509268113416],[-8.236112601107287,41.195930971611205],[-8.19459148838735,41.16031993932605],[-8.292960676933985,41.08014672182979]]]]}},{"type":"Feature","properties":{"fid":186,"dtmn":"1308","municipio":"Matosinhos","c1_declive":7.462809164687569,"c2_ambcon":7.1745180586118735,"c3_infraest":2.7498345839989518,"c4_compolit":0.9003573076432094,"c5_utiliza":2.2035043940965564,"bfi_2025":3.8481414174694164,"bfi_2025_Ranking":6.0,"BikeSharing":false,"ExtCic_AURB":23413.34,"ExtensaoCiclovias_conc":28472.35,"PopResidente_2021":172557,"Total_Valor_Euros":1580682.75,"UtilizacaoBicicleta":0.0048,"UtilizacaoMulheres":0.181,"area_km2":62.42,"bfi_Ranking":6.0},"geometry":{"type":"MultiPolygon","coordinates":[[[[-8.596882866196333,41.18375243808539],[-8.617387589998405,41.22408886712169],[-8.64569982537316,41.236621823285574],[-8.666025209837276,41.22273526353823],[-8.693226859385765,41.23808778856461],[-8.68801351362857,41.25640579250262],[-8.705532806912034,41.27308524228819],[-8.728624533974509,41.270340962050916],[-8.712115912527171,41.18157922362668],[-8.690123339891704,41.173398548383204],[-8.596882866196333,41.18375243808539]]]]}},{"type":"Feature","properties":{"fid":187,"dtmn":"1309","municipio":"Paços de Ferreira","c1_declive":4.739354052887564,"c2_ambcon":3.751091942867963,"c3_infraest":0.1785389831309062,"c4_compolit":1.031722146103068,"c5_utiliza":1.4180370801676356,"bfi_2025":1.9462949820426145,"bfi_2025_Ranking":139.0,"BikeSharing":false,"ExtCic_AURB":2245.62,"ExtensaoCiclovias_conc":2565.53,"PopResidente_2021":55595,"Total_Valor_Euros":939609.62,"UtilizacaoBicicleta":0.0034,"UtilizacaoMulheres":0.062,"area_km2":70.99,"bfi_Ranking":139.0},"geometry":{"type":"MultiPolygon","coordinates":[[[[-8.440110796925616,41.2444555802921],[-8.333510203009057,41.25649250765584],[-8.323087529918258,41.29474386062254],[-8.334217580633917,41.29853688977488],[-8.317297448156138,41.31694291948929],[-8.339752651066453,41.33496920899227],[-8.394792797119775,41.33342218173175],[-8.396027450551577,41.312883207371286],[-8.429898178844958,41.29797485939106],[-8.452345123072199,41.2471799635632],[-8.440110796925616,41.2444555802921]]]]}},{"type":"Feature","properties":{"fid":188,"dtmn":"1310","municipio":"Paredes","c1_declive":3.1873528168830614,"c2_ambcon":3.449814867199778,"c3_infraest":1.4976013280235732,"c4_compolit":0.0,"c5_utiliza":1.6131871084954144,"bfi_2025":1.8782267521932268,"bfi_2025_Ranking":150.0,"BikeSharing":true,"ExtCic_AURB":2303.14,"ExtensaoCiclovias_conc":2303.14,"PopResidente_2021":84354,"Total_Valor_Euros":0.0,"UtilizacaoBicicleta":0.0017,"UtilizacaoMulheres":0.099,"area_km2":156.76,"bfi_Ranking":150.0},"geometry":{"type":"MultiPolygon","coordinates":[[[[-8.47096848909352,41.1407644399656],[-8.437428726671227,41.086929607500174],[-8.41284400046491,41.09774661414874],[-8.37257074147663,41.0709292623916],[-8.392401998392916,41.12416983866082],[-8.371088390082777,41.140290423996284],[-8.38037696483912,41.15515234624598],[-8.348596779888128,41.16926221278047],[-8.346768636004585,41.191602899258775],[-8.296195662940343,41.230810871277185],[-8.333510203009057,41.25649250765584],[-8.440110796925616,41.2444555802921],[-8.458393443715277,41.18874124575825],[-8.442039038188557,41.167356232718234],[-8.47096848909352,41.1407644399656]]]]}},{"type":"Feature","properties":{"fid":189,"dtmn":"1311","municipio":"Penafiel","c1_declive":2.4919709402755155,"c2_ambcon":2.6158030374978476,"c3_infraest":0.0,"c4_compolit":0.0,"c5_utiliza":1.6674271555082383,"bfi_2025":1.2366332845036612,"bfi_2025_Ranking":235.0,"BikeSharing":false,"ExtCic_AURB":0.0,"ExtensaoCiclovias_conc":0.0,"PopResidente_2021":69629,"Total_Valor_Euros":0.0,"UtilizacaoBicicleta":0.0006,"UtilizacaoMulheres":0.095,"area_km2":212.24,"bfi_Ranking":235.0},"geometry":{"type":"MultiPolygon","coordinates":[[[[-8.375227177531453,41.05012264544152],[-8.347286519991744,41.04060824022398],[-8.292960676933985,41.08014672182979],[-8.19459148838735,41.16031993932605],[-8.236112601107287,41.195930971611205],[-8.217776063598905,41.21509268113416],[-8.170971588348957,41.21948760691609],[-8.173508201180853,41.23386995685552],[-8.215751083742646,41.245312696050874],[-8.276866381917019,41.24800948897065],[-8.296195662940343,41.230810871277185],[-8.346768636004585,41.191602899258775],[-8.348596779888128,41.16926221278047],[-8.38037696483912,41.15515234624598],[-8.371088390082777,41.140290423996284],[-8.392401998392916,41.12416983866082],[-8.37257074147663,41.0709292623916],[-8.375227177531453,41.05012264544152]]]]}},{"type":"Feature","properties":{"fid":190,"dtmn":"1312","municipio":"Porto","c1_declive":5.785900911460242,"c2_ambcon":8.644628017274766,"c3_infraest":3.1980311196713096,"c4_compolit":0.2978352398186521,"c5_utiliza":3.031602617162419,"bfi_2025":4.205142446778757,"bfi_2025_Ranking":4.0,"BikeSharing":false,"ExtCic_AURB":31565.22,"ExtensaoCiclovias_conc":31754.63,"PopResidente_2021":231800,"Total_Valor_Euros":907429.69,"UtilizacaoBicicleta":0.0079,"UtilizacaoMulheres":0.239,"area_km2":41.42,"bfi_Ranking":4.0},"geometry":{"type":"MultiPolygon","coordinates":[[[[-8.670748128965176,41.14347444957834],[-8.575763153303416,41.139957851167324],[-8.552613455058333,41.1582070857138],[-8.584110501906936,41.18136134994221],[-8.596882866196333,41.18375243808539],[-8.690123339891704,41.173398548383204],[-8.670748128965176,41.14347444957834]]]]}},{"type":"Feature","properties":{"fid":191,"dtmn":"1313","municipio":"Póvoa de Varzim","c1_declive":8.28397795551269,"c2_ambcon":5.4193703691468755,"c3_infraest":1.4527827683858336,"c4_compolit":0.14746153848012536,"c5_utiliza":3.360098915510754,"bfi_2025":3.2479481707326223,"bfi_2025_Ranking":21.0,"BikeSharing":false,"ExtCic_AURB":16628.26,"ExtensaoCiclovias_conc":20867.88,"PopResidente_2021":64255,"Total_Valor_Euros":88332.0,"UtilizacaoBicicleta":0.0137,"UtilizacaoMulheres":0.364,"area_km2":82.21,"bfi_Ranking":21.0},"geometry":{"type":"MultiPolygon","coordinates":[[[[-8.763322240933368,41.37241904992478],[-8.721829335845376,41.367969836182525],[-8.730303568523158,41.38462088804414],[-8.709799300154073,41.39666465351802],[-8.715822132057715,41.41311316951583],[-8.70195815339139,41.42568213258931],[-8.623321307688085,41.38273566505488],[-8.590646977734542,41.400080155056706],[-8.622717894754162,41.41487305388364],[-8.745742932490506,41.46863569455818],[-8.776428115218328,41.4719714166669],[-8.789062684094034,41.415917574170116],[-8.763322240933368,41.37241904992478]]]]}},{"type":"Feature","properties":{"fid":192,"dtmn":"1314","municipio":"Santo Tirso","c1_declive":3.3444842630609783,"c2_ambcon":3.260008221196879,"c3_infraest":1.449009496416793,"c4_compolit":1.2779137109888261,"c5_utiliza":1.6879019481192055,"bfi_2025":2.1048659875311224,"bfi_2025_Ranking":117.0,"BikeSharing":true,"ExtCic_AURB":877.48,"ExtensaoCiclovias_conc":877.48,"PopResidente_2021":67709,"Total_Valor_Euros":1223902.0,"UtilizacaoBicicleta":0.0021,"UtilizacaoMulheres":0.156,"area_km2":136.56,"bfi_Ranking":117.0},"geometry":{"type":"MultiPolygon","coordinates":[[[[-8.519728486834236,41.26843384009238],[-8.496009487263194,41.238070414399466],[-8.452345123072199,41.2471799635632],[-8.429898178844958,41.29797485939106],[-8.396027450551577,41.312883207371286],[-8.394792797119775,41.33342218173175],[-8.339752651066453,41.33496920899227],[-8.316449703966024,41.35125965939942],[-8.326085323619631,41.376850675245315],[-8.393697172206835,41.36199284166479],[-8.386664657002802,41.38141478568186],[-8.431796069973071,41.36290682858967],[-8.452283091255477,41.37562316591455],[-8.501414331929634,41.368348848950866],[-8.516177173076752,41.34631855997438],[-8.515528865798029,41.28642199634344],[-8.519728486834236,41.26843384009238]]]]}},{"type":"Feature","properties":{"fid":193,"dtmn":"1315","municipio":"Valongo","c1_declive":4.580464440020908,"c2_ambcon":6.762120113779044,"c3_infraest":0.3457749231720152,"c4_compolit":0.11740159156003516,"c5_utiliza":1.7697062725729997,"bfi_2025":2.6124417760664627,"bfi_2025_Ranking":55.0,"BikeSharing":false,"ExtCic_AURB":3994.31,"ExtensaoCiclovias_conc":4102.61,"PopResidente_2021":94672,"Total_Valor_Euros":97124.17,"UtilizacaoBicicleta":0.0019,"UtilizacaoMulheres":0.118,"area_km2":75.12,"bfi_Ranking":55.0},"geometry":{"type":"MultiPolygon","coordinates":[[[[-8.47096848909352,41.1407644399656],[-8.442039038188557,41.167356232718234],[-8.458393443715277,41.18874124575825],[-8.440110796925616,41.2444555802921],[-8.452345123072199,41.2471799635632],[-8.496009487263194,41.238070414399466],[-8.519728486834236,41.26843384009238],[-8.543478067853135,41.23219041421733],[-8.570727255884604,41.24039076461943],[-8.555410004178752,41.1976017249237],[-8.52732229382845,41.203267649336794],[-8.494376499850075,41.1457470994331],[-8.47096848909352,41.1407644399656]]]]}},{"type":"Feature","properties":{"fid":194,"dtmn":"1316","municipio":"Vila do Conde","c1_declive":7.076017024513863,"c2_ambcon":4.255008697732919,"c3_infraest":1.9182687569757193,"c4_compolit":0.22935662497655557,"c5_utiliza":2.3908268326974498,"bfi_2025":2.774957757663347,"bfi_2025_Ranking":45.0,"BikeSharing":true,"ExtCic_AURB":8683.04,"ExtensaoCiclovias_conc":11644.83,"PopResidente_2021":80825,"Total_Valor_Euros":203646.0,"UtilizacaoBicicleta":0.0066,"UtilizacaoMulheres":0.242,"area_km2":149.03,"bfi_Ranking":45.0},"geometry":{"type":"MultiPolygon","coordinates":[[[[-8.728624533974509,41.270340962050916],[-8.705532806912034,41.27308524228819],[-8.68801351362857,41.25640579250262],[-8.652549996482703,41.25873040809653],[-8.65272060909572,41.27415753460151],[-8.621776949438969,41.29536884690237],[-8.634488251797,41.319551163040316],[-8.610623579010413,41.341111645850255],[-8.623321307688085,41.38273566505488],[-8.70195815339139,41.42568213258931],[-8.715822132057715,41.41311316951583],[-8.709799300154073,41.39666465351802],[-8.730303568523158,41.38462088804414],[-8.721829335845376,41.367969836182525],[-8.763322240933368,41.37241904992478],[-8.728624533974509,41.270340962050916]]]]}},{"type":"Feature","properties":{"fid":195,"dtmn":"1317","municipio":"Vila Nova de Gaia","c1_declive":5.290161805775552,"c2_ambcon":6.207500710821481,"c3_infraest":2.005878512872938,"c4_compolit":0.14182637896572226,"c5_utiliza":1.8305231047647283,"bfi_2025":2.97683088324725,"bfi_2025_Ranking":31.0,"BikeSharing":false,"ExtCic_AURB":21924.02,"ExtensaoCiclovias_conc":25479.4,"PopResidente_2021":303824,"Total_Valor_Euros":460812.5,"UtilizacaoBicicleta":0.0029,"UtilizacaoMulheres":0.129,"area_km2":168.46,"bfi_Ranking":31.0},"geometry":{"type":"MultiPolygon","coordinates":[[[[-8.64497311114568,41.01596882396531],[-8.605857938712088,41.02576644387239],[-8.593622923990702,41.014106166291974],[-8.55719290896226,41.01556383632041],[-8.528448305197916,41.040508513534796],[-8.514370053940619,41.01467342594482],[-8.490932935862956,41.01170540950717],[-8.466615762714431,41.03025289975583],[-8.492580506094518,41.039598903414486],[-8.48622288134747,41.05270219051797],[-8.456785372757622,41.04237820820263],[-8.448740655299439,41.05346116026963],[-8.470453011929067,41.07531085976224],[-8.51385392816643,41.07263411906998],[-8.575763153303416,41.139957851167324],[-8.670748128965176,41.14347444957834],[-8.64497311114568,41.01596882396531]]]]}},{"type":"Feature","properties":{"fid":196,"dtmn":"1318","municipio":"Trofa","c1_declive":5.036128664944153,"c2_ambcon":3.7425843346526273,"c3_infraest":2.2768979129868723,"c4_compolit":0.9643930989508236,"c5_utiliza":1.8128552260800972,"bfi_2025":2.5639330934104745,"bfi_2025_Ranking":62.0,"BikeSharing":true,"ExtCic_AURB":7029.2,"ExtensaoCiclovias_conc":9985.74,"PopResidente_2021":38548,"Total_Valor_Euros":640060.56,"UtilizacaoBicicleta":0.004,"UtilizacaoMulheres":0.171,"area_km2":72.0,"bfi_Ranking":62.0},"geometry":{"type":"MultiPolygon","coordinates":[[[[-8.515528865798029,41.28642199634344],[-8.516177173076752,41.34631855997438],[-8.610623579010413,41.341111645850255],[-8.634488251797,41.319551163040316],[-8.621776949438969,41.29536884690237],[-8.5674379444776,41.2572501298799],[-8.515528865798029,41.28642199634344]]]]}},{"type":"Feature","properties":{"fid":197,"dtmn":"1401","municipio":"Abrantes","c1_declive":5.530514865679308,"c2_ambcon":2.3051382125407422,"c3_infraest":1.6367542949547365,"c4_compolit":0.026252956260653524,"c5_utiliza":1.3297937773883095,"bfi_2025":1.809733960171593,"bfi_2025_Ranking":162.0,"BikeSharing":true,"ExtCic_AURB":2920.62,"ExtensaoCiclovias_conc":2920.62,"PopResidente_2021":34329,"Total_Valor_Euros":10000.0,"UtilizacaoBicicleta":0.0055,"UtilizacaoMulheres":0.036,"area_km2":714.69,"bfi_Ranking":162.0},"geometry":{"type":"MultiPolygon","coordinates":[[[[-8.329832854619001,39.50350375620294],[-8.282195812949949,39.50183961909494],[-8.27246254896705,39.4709529241134],[-8.297842376062302,39.46155849112695],[-8.243501248346742,39.38661645982987],[-8.248512881227494,39.34676817892289],[-8.2787778231589,39.3379469015243],[-8.243104290460664,39.272036704568464],[-8.172599450516861,39.23331364988646],[-8.134240092374839,39.28751547140566],[-8.078533386384326,39.277923584668436],[-8.02645243152483,39.3415799401748],[-8.03099235697375,39.36365713056129],[-7.968683753916951,39.38230990681765],[-7.94208502609957,39.41865261113778],[-7.995435085858251,39.448260620203264],[-8.008883980663592,39.47317265769944],[-8.064593420814719,39.471367480756925],[-8.061305689614702,39.52430063973661],[-8.084657714217721,39.545615329945704],[-8.11746649877789,39.53708029000461],[-8.11318592120315,39.50883583228043],[-8.130269352777693,39.49746343149367],[-8.185436274114537,39.522966118159424],[-8.194688358159631,39.562023517083794],[-8.163871346977887,39.626552450373545],[-8.23737184192516,39.64175524169643],[-8.267672126023447,39.60586074307832],[-8.241415776195884,39.59279372664893],[-8.355566934194215,39.52020034750169],[-8.329832854619001,39.50350375620294]]]]}},{"type":"Feature","properties":{"fid":198,"dtmn":"1402","municipio":"Alcanena","c1_declive":5.252817373569357,"c2_ambcon":2.449632876063659,"c3_infraest":2.2206990246348624,"c4_compolit":0.0,"c5_utiliza":1.7131329116863259,"bfi_2025":2.0354912948688315,"bfi_2025_Ranking":125.0,"BikeSharing":true,"ExtCic_AURB":3639.86,"ExtensaoCiclovias_conc":4774.86,"PopResidente_2021":12472,"Total_Valor_Euros":0.0,"UtilizacaoBicicleta":0.0031,"UtilizacaoMulheres":0.15,"area_km2":127.33,"bfi_Ranking":125.0},"geometry":{"type":"MultiPolygon","coordinates":[[[[-8.759381678293316,39.475741423456704],[-8.714857147769887,39.441655070144435],[-8.757908671382975,39.42300282124634],[-8.757159794687018,39.39921781801245],[-8.718542190666133,39.416424625746664],[-8.694734859275393,39.39949897507145],[-8.62770441421399,39.432290539305676],[-8.63107888220599,39.45721140783338],[-8.616851788047134,39.46827230985755],[-8.673322420817536,39.5088406149104],[-8.63664833923992,39.535819236885416],[-8.671419972628327,39.56218116751478],[-8.687380355469497,39.55087642577509],[-8.714484755746067,39.52078456229312],[-8.745644114675748,39.53008484759906],[-8.728931445156501,39.48106218692329],[-8.759381678293316,39.475741423456704]]]]}},{"type":"Feature","properties":{"fid":199,"dtmn":"1403","municipio":"Almeirim","c1_declive":8.95581771656542,"c2_ambcon":3.0227921515658016,"c3_infraest":2.4106365087713706,"c4_compolit":4.707376880902323,"c5_utiliza":2.72288307370114,"bfi_2025":3.7399909276615277,"bfi_2025_Ranking":7.0,"BikeSharing":true,"ExtCic_AURB":6282.48,"ExtensaoCiclovias_conc":6632.4,"PopResidente_2021":22012,"Total_Valor_Euros":994037.5,"UtilizacaoBicicleta":0.0122,"UtilizacaoMulheres":0.254,"area_km2":222.12,"bfi_Ranking":7.0},"geometry":{"type":"MultiPolygon","coordinates":[[[[-8.453388609179909,39.105634768986306],[-8.47799605583479,39.11411741222768],[-8.439102546564234,39.15973170221841],[-8.471702894980659,39.197028600097916],[-8.513717797625322,39.206160770947825],[-8.55554854780082,39.1714759786947],[-8.634009538630234,39.243981952051584],[-8.669927428672038,39.23341858031985],[-8.682848983944522,39.18775755786014],[-8.711689554899706,39.13262573657937],[-8.64443581688459,39.1128727223311],[-8.624558432044662,39.12757761056791],[-8.583133966319393,39.092010735805744],[-8.517161641778763,39.10949551392028],[-8.492366032057717,39.09660614437199],[-8.453388609179909,39.105634768986306]]]]}},{"type":"Feature","properties":{"fid":200,"dtmn":"1404","municipio":"Alpiarça","c1_declive":8.915287404361326,"c2_ambcon":1.719456359242755,"c3_infraest":0.0,"c4_compolit":0.0,"c5_utiliza":2.6072914654389927,"bfi_2025":1.8428511233346199,"bfi_2025_Ranking":159.0,"BikeSharing":false,"ExtCic_AURB":0.0,"ExtensaoCiclovias_conc":0.0,"PopResidente_2021":6975,"Total_Valor_Euros":0.0,"UtilizacaoBicicleta":0.0183,"UtilizacaoMulheres":0.194,"area_km2":95.36,"bfi_Ranking":159.0},"geometry":{"type":"MultiPolygon","coordinates":[[[[-8.580532488576594,39.305278015865674],[-8.618868438634886,39.28765611634136],[-8.634009538630234,39.243981952051584],[-8.55554854780082,39.1714759786947],[-8.513717797625322,39.206160770947825],[-8.492708769056815,39.23892183746436],[-8.536429355254556,39.253688173065754],[-8.557895630623456,39.30615762415465],[-8.580532488576594,39.305278015865674]]]]}},{"type":"Feature","properties":{"fid":201,"dtmn":"1405","municipio":"Benavente","c1_declive":9.25992953423772,"c2_ambcon":2.253184832876898,"c3_infraest":1.7505817283070535,"c4_compolit":0.5895423042930802,"c5_utiliza":2.6353505375804165,"bfi_2025":2.571913162094459,"bfi_2025_Ranking":61.0,"BikeSharing":true,"ExtCic_AURB":3866.17,"ExtensaoCiclovias_conc":4031.7,"PopResidente_2021":29709,"Total_Valor_Euros":168892.0,"UtilizacaoBicicleta":0.0122,"UtilizacaoMulheres":0.218,"area_km2":521.38,"bfi_Ranking":61.0},"geometry":{"type":"MultiPolygon","coordinates":[[[[-8.766541512529196,38.73786851567873],[-8.70803113225295,38.8454230963684],[-8.669211537686262,38.821625164425896],[-8.675876660622887,38.861915447955376],[-8.653035774191142,38.9010232184819],[-8.729521073223832,38.94507179977677],[-8.718052579381874,38.96293668225175],[-8.72581453563073,38.97800980431584],[-8.787960006409616,38.99760588130274],[-8.79733176025569,39.01825835724919],[-8.8124186498965,39.014578826762595],[-8.815214709652846,39.03195283950292],[-8.86069473201754,39.028656460880825],[-8.841671731688292,39.01660563866206],[-8.878367431112173,38.97175420211224],[-8.850668800164305,38.9598890379263],[-8.89138876947934,38.94448022891764],[-8.911379025745191,38.88832674034093],[-8.968466086132128,38.82776495732159],[-8.96699016914478,38.82614196486276],[-8.910145130138826,38.73262236611291],[-8.89900779226003,38.731941569861455],[-8.903951472393198,38.74691125971637],[-8.839329064237722,38.76177790155802],[-8.81029582395438,38.74011892928796],[-8.766541512529196,38.73786851567873]]]]}},{"type":"Feature","properties":{"fid":202,"dtmn":"1406","municipio":"Cartaxo","c1_declive":7.574362891611263,"c2_ambcon":2.488143687863075,"c3_infraest":0.39476019538750545,"c4_compolit":0.0,"c5_utiliza":2.1453849404016885,"bfi_2025":1.9072392480541092,"bfi_2025_Ranking":144.0,"BikeSharing":false,"ExtCic_AURB":2579.11,"ExtensaoCiclovias_conc":4057.7,"PopResidente_2021":23186,"Total_Valor_Euros":0.0,"UtilizacaoBicicleta":0.0044,"UtilizacaoMulheres":0.208,"area_km2":158.17,"bfi_Ranking":144.0},"geometry":{"type":"MultiPolygon","coordinates":[[[[-8.819653020253154,39.197703538748094],[-8.841503471302294,39.18057385292335],[-8.884291843931,39.186826399637155],[-8.91268441737299,39.170162789494796],[-8.868034728314681,39.1286153859467],[-8.807559668649718,39.10448401210607],[-8.781861006420492,39.058387035360795],[-8.761518775187024,39.065083856571796],[-8.711689554899706,39.13262573657937],[-8.682848983944522,39.18775755786014],[-8.703834486481759,39.16874642757498],[-8.714458437489494,39.20165421173391],[-8.736389360089424,39.17313776076559],[-8.771740718011372,39.211747318016066],[-8.819653020253154,39.197703538748094]]]]}},{"type":"Feature","properties":{"fid":203,"dtmn":"1407","municipio":"Chamusca","c1_declive":5.600597638568681,"c2_ambcon":2.104286626146337,"c3_infraest":0.0,"c4_compolit":0.0,"c5_utiliza":2.1015524619062114,"bfi_2025":1.5064419127746946,"bfi_2025_Ranking":198.0,"BikeSharing":false,"ExtCic_AURB":0.0,"ExtensaoCiclovias_conc":0.0,"PopResidente_2021":8530,"Total_Valor_Euros":0.0,"UtilizacaoBicicleta":0.0107,"UtilizacaoMulheres":0.093,"area_km2":745.9,"bfi_Ranking":198.0},"geometry":{"type":"MultiPolygon","coordinates":[[[[-8.34342458414658,39.100291174634506],[-8.29882122668413,39.162875288915906],[-8.233368436938315,39.18262906975296],[-8.172599450516861,39.23331364988646],[-8.243104290460664,39.272036704568464],[-8.2787778231589,39.3379469015243],[-8.299414983665965,39.40147642957647],[-8.344522079110638,39.46378966278961],[-8.437493816576222,39.45177790795801],[-8.464831082631552,39.37749040849241],[-8.533964710224756,39.32384781102295],[-8.566528203359638,39.316503734462614],[-8.580532488576594,39.305278015865674],[-8.557895630623456,39.30615762415465],[-8.536429355254556,39.253688173065754],[-8.492708769056815,39.23892183746436],[-8.513717797625322,39.206160770947825],[-8.471702894980659,39.197028600097916],[-8.439102546564234,39.15973170221841],[-8.47799605583479,39.11411741222768],[-8.453388609179909,39.105634768986306],[-8.416947183234946,39.10176849258727],[-8.400826964406551,39.07113263922875],[-8.34342458414658,39.100291174634506]]]]}},{"type":"Feature","properties":{"fid":204,"dtmn":"1408","municipio":"Constância","c1_declive":6.537241522122542,"c2_ambcon":2.199239911905066,"c3_infraest":1.4,"c4_compolit":0.0,"c5_utiliza":2.826957886962249,"bfi_2025":2.1189257075809707,"bfi_2025_Ranking":111.0,"BikeSharing":true,"ExtCic_AURB":0.0,"ExtensaoCiclovias_conc":0.0,"PopResidente_2021":3798,"Total_Valor_Euros":0.0,"UtilizacaoBicicleta":0.0177,"UtilizacaoMulheres":0.229,"area_km2":80.37,"bfi_Ranking":111.0},"geometry":{"type":"MultiPolygon","coordinates":[[[[-8.2787778231589,39.3379469015243],[-8.248512881227494,39.34676817892289],[-8.243501248346742,39.38661645982987],[-8.297842376062302,39.46155849112695],[-8.27246254896705,39.4709529241134],[-8.282195812949949,39.50183961909494],[-8.329832854619001,39.50350375620294],[-8.344522079110638,39.46378966278961],[-8.299414983665965,39.40147642957647],[-8.2787778231589,39.3379469015243]]]]}},{"type":"Feature","properties":{"fid":205,"dtmn":"1409","municipio":"Coruche","c1_declive":7.758762002719246,"c2_ambcon":1.6114516670715173,"c3_infraest":1.75580950919218,"c4_compolit":0.7967114593575465,"c5_utiliza":2.4136713078976753,"bfi_2025":2.259768047788893,"bfi_2025_Ranking":92.0,"BikeSharing":true,"ExtCic_AURB":1486.5,"ExtensaoCiclovias_conc":6695.32,"PopResidente_2021":17355,"Total_Valor_Euros":171047.64,"UtilizacaoBicicleta":0.006,"UtilizacaoMulheres":0.261,"area_km2":1115.72,"bfi_Ranking":92.0},"geometry":{"type":"MultiPolygon","coordinates":[[[[-8.34342458414658,39.100291174634506],[-8.400826964406551,39.07113263922875],[-8.416947183234946,39.10176849258727],[-8.453388609179909,39.105634768986306],[-8.492366032057717,39.09660614437199],[-8.517161641778763,39.10949551392028],[-8.583133966319393,39.092010735805744],[-8.595044631758663,39.077868171524585],[-8.575416729861312,39.034600009892245],[-8.616898828337728,38.99531769690571],[-8.674359085937096,38.96949778755955],[-8.70971730192763,38.977461375222624],[-8.718052579381874,38.96293668225175],[-8.729521073223832,38.94507179977677],[-8.653035774191142,38.9010232184819],[-8.675876660622887,38.861915447955376],[-8.669211537686262,38.821625164425896],[-8.639310173187363,38.80928905631242],[-8.62930651659646,38.83066617780284],[-8.596110583883329,38.84127736728725],[-8.612791106783908,38.782507140339796],[-8.546797659383357,38.76343618560763],[-8.500370875020657,38.80747930587167],[-8.471128124861023,38.79394121566581],[-8.430183909859535,38.83426330340844],[-8.409054305503375,38.822990498615546],[-8.377439558697136,38.856370622560604],[-8.341742990797751,38.838832202855464],[-8.321269247444162,38.859255765393954],[-8.310175521413417,38.84493794139763],[-8.301528815879065,38.86910916432609],[-8.260394203475913,38.84336115902951],[-8.269350736791958,38.831549632763796],[-8.25091701017384,38.81846419832585],[-8.222468284308357,38.829546964978334],[-8.197272231285979,38.80795546714589],[-8.204914007631645,38.799274410873224],[-8.17356741185765,38.8010044859222],[-8.17560853661596,38.78266919011747],[-8.15262581641189,38.77343033167816],[-8.124310332836204,38.80496820516271],[-8.150734236301638,38.81993691661132],[-8.159948962721456,38.80658754182099],[-8.187562346306352,38.83747552312729],[-8.158734251889621,38.86639555373041],[-8.27218815803601,38.907391784829784],[-8.242812628740731,38.93825486565977],[-8.227914759747193,38.98738685984562],[-8.226901216848713,39.00455853801153],[-8.26033576846183,39.01229648045974],[-8.29083309403901,39.08043212555831],[-8.34342458414658,39.100291174634506]]]]}},{"type":"Feature","properties":{"fid":206,"dtmn":"1410","municipio":"Entroncamento","c1_declive":8.891772501921807,"c2_ambcon":6.7770097540795575,"c3_infraest":3.6155936467277265,"c4_compolit":1.2114258404413316,"c5_utiliza":2.1251336894276234,"bfi_2025":4.154640006367793,"bfi_2025_Ranking":5.0,"BikeSharing":true,"ExtCic_AURB":6347.54,"ExtensaoCiclovias_conc":6347.54,"PopResidente_2021":20141,"Total_Valor_Euros":244200.0,"UtilizacaoBicicleta":0.0105,"UtilizacaoMulheres":0.095,"area_km2":13.73,"bfi_Ranking":5.0},"geometry":{"type":"MultiPolygon","coordinates":[[[[-8.467747318289884,39.447067161443684],[-8.456505284659364,39.490614826688486],[-8.498467405341797,39.4681960539479],[-8.484949568875578,39.43950823043361],[-8.467747318289884,39.447067161443684]]]]}},{"type":"Feature","properties":{"fid":207,"dtmn":"1411","municipio":"Ferreira do Zêzere","c1_declive":4.3011842766709885,"c2_ambcon":0.907967967727731,"c3_infraest":1.4,"c4_compolit":0.3426664877731573,"c5_utiliza":2.223068784134177,"bfi_2025":1.5202574739804988,"bfi_2025_Ranking":197.0,"BikeSharing":true,"ExtCic_AURB":0.0,"ExtensaoCiclovias_conc":0.0,"PopResidente_2021":7800,"Total_Valor_Euros":50000.0,"UtilizacaoBicicleta":0.0037,"UtilizacaoMulheres":0.231,"area_km2":190.38,"bfi_Ranking":197.0},"geometry":{"type":"MultiPolygon","coordinates":[[[[-8.236406026097294,39.64426294848466],[-8.232130860171381,39.726979262373334],[-8.242336306891133,39.77841118527733],[-8.265543669908832,39.76874111328531],[-8.28508885517342,39.795760490967595],[-8.335721943861214,39.803352820129405],[-8.32915925195557,39.76198710184496],[-8.346317500122103,39.77417298937331],[-8.431196969052223,39.74066742240926],[-8.427009237171346,39.684867723105114],[-8.333628964869321,39.695385956186435],[-8.32930904630339,39.64594204122193],[-8.304428929996094,39.679276888003926],[-8.286190095827502,39.65331881570353],[-8.236406026097294,39.64426294848466]]]]}},{"type":"Feature","properties":{"fid":208,"dtmn":"1412","municipio":"Golegã","c1_declive":9.779011504569704,"c2_ambcon":3.826002178447219,"c3_infraest":1.4,"c4_compolit":0.0,"c5_utiliza":4.6933971968771875,"bfi_2025":3.2230811344442127,"bfi_2025_Ranking":22.0,"BikeSharing":true,"ExtCic_AURB":0.0,"ExtensaoCiclovias_conc":0.0,"PopResidente_2021":5400,"Total_Valor_Euros":0.0,"UtilizacaoBicicleta":0.0483,"UtilizacaoMulheres":0.313,"area_km2":84.32,"bfi_Ranking":22.0},"geometry":{"type":"MultiPolygon","coordinates":[[[[-8.566528203359638,39.316503734462614],[-8.533964710224756,39.32384781102295],[-8.464831082631552,39.37749040849241],[-8.437493816576222,39.45177790795801],[-8.467747318289884,39.447067161443684],[-8.484949568875578,39.43950823043361],[-8.50790265847273,39.411234997865115],[-8.556896916606222,39.39852168775722],[-8.57829241932907,39.361699357447925],[-8.567583858496365,39.34645881587862],[-8.591226931981215,39.33382213542564],[-8.566528203359638,39.316503734462614]]]]}},{"type":"Feature","properties":{"fid":209,"dtmn":"1413","municipio":"Mação","c1_declive":2.7676567067226365,"c2_ambcon":1.5259416889039557,"c3_infraest":1.4,"c4_compolit":0.0,"c5_utiliza":2.3321119807529467,"bfi_2025":1.474673489048842,"bfi_2025_Ranking":204.0,"BikeSharing":true,"ExtCic_AURB":0.0,"ExtensaoCiclovias_conc":0.0,"PopResidente_2021":6402,"Total_Valor_Euros":0.0,"UtilizacaoBicicleta":0.0033,"UtilizacaoMulheres":0.25,"area_km2":399.98,"bfi_Ranking":204.0},"geometry":{"type":"MultiPolygon","coordinates":[[[[-8.008883980663592,39.47317265769944],[-7.954771210964886,39.56508587269578],[-7.851099622458318,39.509869146179184],[-7.825104082652423,39.5373649018861],[-7.808988144142578,39.56578319640869],[-7.864388528666246,39.63816199721391],[-7.914806377516457,39.668464859635414],[-7.957706988213183,39.661389815685084],[-7.957801770563847,39.74105441518585],[-7.990433912143673,39.72846175994937],[-8.035753702223035,39.7469250578121],[-8.055176696055664,39.735861221180805],[-8.057219050865461,39.67437230455057],[-8.078835593085483,39.656997843547174],[-8.05357259923002,39.61650646922719],[-8.108297245462703,39.61388301083388],[-8.081526328194192,39.58776166104121],[-8.084657714217721,39.545615329945704],[-8.061305689614702,39.52430063973661],[-8.064593420814719,39.471367480756925],[-8.008883980663592,39.47317265769944]]]]}},{"type":"Feature","properties":{"fid":210,"dtmn":"1414","municipio":"Rio Maior","c1_declive":4.960914846177867,"c2_ambcon":2.0784669341304185,"c3_infraest":2.3313233249493543,"c4_compolit":0.5229929216804825,"c5_utiliza":2.048474753202823,"bfi_2025":2.112832584364391,"bfi_2025_Ranking":116.0,"BikeSharing":true,"ExtCic_AURB":6867.82,"ExtensaoCiclovias_conc":7535.89,"PopResidente_2021":21004,"Total_Valor_Euros":150495.0,"UtilizacaoBicicleta":0.0043,"UtilizacaoMulheres":0.208,"area_km2":272.76,"bfi_Ranking":116.0},"geometry":{"type":"MultiPolygon","coordinates":[[[[-8.875767372380155,39.250974683942275],[-8.831109356960665,39.246030542381],[-8.814908738260987,39.25633299646886],[-8.820409803562622,39.27318321671675],[-8.783067444282802,39.26119728585991],[-8.821175296289598,39.3052565779806],[-8.789746536759715,39.351157931256765],[-8.819744861587251,39.34735892786449],[-8.84894993143301,39.38867688654262],[-8.899282057719828,39.39567056807389],[-8.87593151778019,39.42155327396292],[-8.89256666406512,39.465251008954326],[-8.903420903701527,39.4660074703146],[-8.945712132233703,39.391036513070404],[-8.983578618285897,39.384822802931744],[-9.00156623597905,39.354705245506544],[-8.986445785324507,39.318767045665965],[-8.994502851704627,39.29669729470159],[-8.975224499102811,39.28713638062659],[-8.981314068016736,39.249381331493076],[-8.911585814779494,39.23491273646083],[-8.875767372380155,39.250974683942275]]]]}},{"type":"Feature","properties":{"fid":211,"dtmn":"1415","municipio":"Salvaterra de Magos","c1_declive":9.478347605573841,"c2_ambcon":1.3253225930587735,"c3_infraest":0.401499289572198,"c4_compolit":0.0,"c5_utiliza":2.99900735979747,"bfi_2025":1.9793417031746208,"bfi_2025_Ranking":131.0,"BikeSharing":false,"ExtCic_AURB":2958.86,"ExtensaoCiclovias_conc":3026.24,"PopResidente_2021":21607,"Total_Valor_Euros":0.0,"UtilizacaoBicicleta":0.0144,"UtilizacaoMulheres":0.309,"area_km2":243.93,"bfi_Ranking":131.0},"geometry":{"type":"MultiPolygon","coordinates":[[[[-8.718052579381874,38.96293668225175],[-8.70971730192763,38.977461375222624],[-8.674359085937096,38.96949778755955],[-8.616898828337728,38.99531769690571],[-8.575416729861312,39.034600009892245],[-8.595044631758663,39.077868171524585],[-8.583133966319393,39.092010735805744],[-8.624558432044662,39.12757761056791],[-8.64443581688459,39.1128727223311],[-8.711689554899706,39.13262573657937],[-8.761518775187024,39.065083856571796],[-8.781861006420492,39.058387035360795],[-8.815214709652846,39.03195283950292],[-8.8124186498965,39.014578826762595],[-8.79733176025569,39.01825835724919],[-8.787960006409616,38.99760588130274],[-8.72581453563073,38.97800980431584],[-8.718052579381874,38.96293668225175]]]]}},{"type":"Feature","properties":{"fid":212,"dtmn":"1416","municipio":"Santarém","c1_declive":5.564207925180227,"c2_ambcon":2.2041218215233966,"c3_infraest":1.6110395842080016,"c4_compolit":0.1777377949681999,"c5_utiliza":2.20337191730419,"bfi_2025":1.9864330864053503,"bfi_2025_Ranking":127.0,"BikeSharing":true,"ExtCic_AURB":3865.61,"ExtensaoCiclovias_conc":4033.9,"PopResidente_2021":58662,"Total_Valor_Euros":90000.0,"UtilizacaoBicicleta":0.0032,"UtilizacaoMulheres":0.242,"area_km2":552.54,"bfi_Ranking":127.0},"geometry":{"type":"MultiPolygon","coordinates":[[[[-8.819653020253154,39.197703538748094],[-8.771740718011372,39.211747318016066],[-8.736389360089424,39.17313776076559],[-8.714458437489494,39.20165421173391],[-8.703834486481759,39.16874642757498],[-8.682848983944522,39.18775755786014],[-8.669927428672038,39.23341858031985],[-8.634009538630234,39.243981952051584],[-8.618868438634886,39.28765611634136],[-8.580532488576594,39.305278015865674],[-8.566528203359638,39.316503734462614],[-8.591226931981215,39.33382213542564],[-8.567583858496365,39.34645881587862],[-8.57829241932907,39.361699357447925],[-8.556896916606222,39.39852168775722],[-8.595279913781857,39.405395910427444],[-8.62770441421399,39.432290539305676],[-8.694734859275393,39.39949897507145],[-8.718542190666133,39.416424625746664],[-8.757159794687018,39.39921781801245],[-8.757908671382975,39.42300282124634],[-8.714857147769887,39.441655070144435],[-8.759381678293316,39.475741423456704],[-8.802352208383617,39.483008924445286],[-8.89256666406512,39.465251008954326],[-8.87593151778019,39.42155327396292],[-8.899282057719828,39.39567056807389],[-8.84894993143301,39.38867688654262],[-8.819744861587251,39.34735892786449],[-8.789746536759715,39.351157931256765],[-8.821175296289598,39.3052565779806],[-8.783067444282802,39.26119728585991],[-8.820409803562622,39.27318321671675],[-8.814908738260987,39.25633299646886],[-8.831109356960665,39.246030542381],[-8.875767372380155,39.250974683942275],[-8.819653020253154,39.197703538748094]]]]}},{"type":"Feature","properties":{"fid":213,"dtmn":"1417","municipio":"Sardoal","c1_declive":3.216691583651414,"c2_ambcon":1.8185469331967852,"c3_infraest":1.4,"c4_compolit":0.2889320287001491,"c5_utiliza":1.3119812304268077,"bfi_2025":1.4464885434897292,"bfi_2025_Ranking":210.0,"BikeSharing":true,"ExtCic_AURB":0.0,"ExtensaoCiclovias_conc":0.0,"PopResidente_2021":3513,"Total_Valor_Euros":15000.0,"UtilizacaoBicicleta":0.0013,"UtilizacaoMulheres":0.0,"area_km2":92.15,"bfi_Ranking":210.0},"geometry":{"type":"MultiPolygon","coordinates":[[[[-8.163871346977887,39.626552450373545],[-8.194688358159631,39.562023517083794],[-8.185436274114537,39.522966118159424],[-8.130269352777693,39.49746343149367],[-8.11318592120315,39.50883583228043],[-8.11746649877789,39.53708029000461],[-8.084657714217721,39.545615329945704],[-8.081526328194192,39.58776166104121],[-8.108297245462703,39.61388301083388],[-8.163871346977887,39.626552450373545]]]]}},{"type":"Feature","properties":{"fid":214,"dtmn":"1418","municipio":"Tomar","c1_declive":4.62842907827381,"c2_ambcon":1.7355029397465072,"c3_infraest":1.5474165058417277,"c4_compolit":0.0,"c5_utiliza":2.120438372198241,"bfi_2025":1.7076604436640879,"bfi_2025_Ranking":175.0,"BikeSharing":true,"ExtCic_AURB":1822.03,"ExtensaoCiclovias_conc":2650.78,"PopResidente_2021":36413,"Total_Valor_Euros":0.0,"UtilizacaoBicicleta":0.0045,"UtilizacaoMulheres":0.213,"area_km2":351.2,"bfi_Ranking":175.0},"geometry":{"type":"MultiPolygon","coordinates":[[[[-8.503581506747901,39.63210687045754],[-8.464010929049401,39.56640403923695],[-8.491296609667192,39.543170648311296],[-8.450787526912183,39.50663661904473],[-8.423459261715163,39.513203212846136],[-8.381412562806565,39.47665003716291],[-8.355566934194215,39.52020034750169],[-8.241415776195884,39.59279372664893],[-8.267672126023447,39.60586074307832],[-8.23737184192516,39.64175524169643],[-8.236406026097294,39.64426294848466],[-8.286190095827502,39.65331881570353],[-8.304428929996094,39.679276888003926],[-8.32930904630339,39.64594204122193],[-8.333628964869321,39.695385956186435],[-8.427009237171346,39.684867723105114],[-8.438441954906649,39.67740807672146],[-8.4636594951832,39.70777505465881],[-8.494541255654449,39.69123869646048],[-8.51248368288646,39.648505421663636],[-8.503581506747901,39.63210687045754]]]]}},{"type":"Feature","properties":{"fid":215,"dtmn":"1419","municipio":"Torres Novas","c1_declive":5.574567654762525,"c2_ambcon":2.5096461045827443,"c3_infraest":1.5571938636320073,"c4_compolit":0.0,"c5_utiliza":1.9035014669315895,"bfi_2025":1.9548670509162585,"bfi_2025_Ranking":137.0,"BikeSharing":true,"ExtCic_AURB":1523.71,"ExtensaoCiclovias_conc":2248.56,"PopResidente_2021":34111,"Total_Valor_Euros":0.0,"UtilizacaoBicicleta":0.0048,"UtilizacaoMulheres":0.195,"area_km2":270.0,"bfi_Ranking":137.0},"geometry":{"type":"MultiPolygon","coordinates":[[[[-8.484949568875578,39.43950823043361],[-8.498467405341797,39.4681960539479],[-8.456505284659364,39.490614826688486],[-8.450787526912183,39.50663661904473],[-8.491296609667192,39.543170648311296],[-8.464010929049401,39.56640403923695],[-8.503581506747901,39.63210687045754],[-8.63664833923992,39.535819236885416],[-8.673322420817536,39.5088406149104],[-8.616851788047134,39.46827230985755],[-8.63107888220599,39.45721140783338],[-8.62770441421399,39.432290539305676],[-8.595279913781857,39.405395910427444],[-8.556896916606222,39.39852168775722],[-8.50790265847273,39.411234997865115],[-8.484949568875578,39.43950823043361]]]]}},{"type":"Feature","properties":{"fid":216,"dtmn":"1420","municipio":"Vila Nova da Barquinha","c1_declive":6.141519847891015,"c2_ambcon":2.704223530748787,"c3_infraest":1.4,"c4_compolit":0.0,"c5_utiliza":1.576724666652345,"bfi_2025":1.9555528008067673,"bfi_2025_Ranking":136.0,"BikeSharing":true,"ExtCic_AURB":0.0,"ExtensaoCiclovias_conc":0.0,"PopResidente_2021":7016,"Total_Valor_Euros":0.0,"UtilizacaoBicicleta":0.0084,"UtilizacaoMulheres":0.069,"area_km2":49.53,"bfi_Ranking":136.0},"geometry":{"type":"MultiPolygon","coordinates":[[[[-8.437493816576222,39.45177790795801],[-8.344522079110638,39.46378966278961],[-8.329832854619001,39.50350375620294],[-8.355566934194215,39.52020034750169],[-8.381412562806565,39.47665003716291],[-8.423459261715163,39.513203212846136],[-8.450787526912183,39.50663661904473],[-8.456505284659364,39.490614826688486],[-8.467747318289884,39.447067161443684],[-8.437493816576222,39.45177790795801]]]]}},{"type":"Feature","properties":{"fid":217,"dtmn":"1421","municipio":"Ourém","c1_declive":4.190317939008272,"c2_ambcon":1.6595617285285647,"c3_infraest":1.689538636505582,"c4_compolit":0.03547493527104555,"c5_utiliza":2.179374291307719,"bfi_2025":1.699276730475117,"bfi_2025_Ranking":177.0,"BikeSharing":true,"ExtCic_AURB":4814.3,"ExtensaoCiclovias_conc":5011.49,"PopResidente_2021":44538,"Total_Valor_Euros":19500.0,"UtilizacaoBicicleta":0.004,"UtilizacaoMulheres":0.258,"area_km2":416.68,"bfi_Ranking":177.0},"geometry":{"type":"MultiPolygon","coordinates":[[[[-8.63664833923992,39.535819236885416],[-8.503581506747901,39.63210687045754],[-8.51248368288646,39.648505421663636],[-8.494541255654449,39.69123869646048],[-8.4636594951832,39.70777505465881],[-8.438441954906649,39.67740807672146],[-8.427009237171346,39.684867723105114],[-8.431196969052223,39.74066742240926],[-8.453303802532863,39.731812307076794],[-8.477953684433297,39.838729173911496],[-8.50643973821725,39.81504959274049],[-8.524211583011436,39.82766910528435],[-8.584775214889433,39.77941147467571],[-8.62390042354382,39.78956375492517],[-8.679869443763407,39.769375028346566],[-8.664182993089153,39.72505943107474],[-8.67918214749301,39.708868042124614],[-8.632075711702905,39.69552965051854],[-8.649468352946245,39.66064376252056],[-8.702184810598924,39.63741839875916],[-8.671419972628327,39.56218116751478],[-8.63664833923992,39.535819236885416]]]]}},{"type":"Feature","properties":{"fid":218,"dtmn":"1501","municipio":"Alcácer do Sal","c1_declive":7.331510795761156,"c2_ambcon":2.7369125673544814,"c3_infraest":0.126370433032285,"c4_compolit":2.1360578193261777,"c5_utiliza":2.042732808462622,"bfi_2025":2.2847299552305675,"bfi_2025_Ranking":86.0,"BikeSharing":false,"ExtCic_AURB":544.07,"ExtensaoCiclovias_conc":693.39,"PopResidente_2021":11112,"Total_Valor_Euros":413619.0,"UtilizacaoBicicleta":0.006,"UtilizacaoMulheres":0.121,"area_km2":1499.87,"bfi_Ranking":86.0},"geometry":{"type":"MultiPolygon","coordinates":[[[[-8.790236504959275,38.41054294715276],[-8.79773911828607,38.382111991388065],[-8.767510008725495,38.31321932634263],[-8.688536193179013,38.295273426649736],[-8.615706243717142,38.30220783459397],[-8.60550039775857,38.26450684315659],[-8.511141354960849,38.2420029139977],[-8.48233015940671,38.240287281122],[-8.464422956154506,38.260770076774435],[-8.452214726944852,38.23354028351765],[-8.379810169255848,38.18093759021931],[-8.30175707977516,38.18745747522392],[-8.275910522076678,38.216435697493985],[-8.238175684147723,38.181647684381204],[-8.220583356172119,38.202417410917654],[-8.129861274949846,38.22398709017908],[-8.129696303784018,38.26629992587553],[-8.164368676426433,38.31984328466338],[-8.197733569693304,38.34258488269812],[-8.269247246257907,38.353621578622715],[-8.277286341981904,38.37154371458803],[-8.322570785206159,38.3721828002827],[-8.283718463707519,38.41207075149081],[-8.301880442421869,38.423657153923486],[-8.2850757089808,38.42462014233911],[-8.289028987503098,38.43762792639942],[-8.323085408151961,38.43684488971361],[-8.31031251663053,38.458504140334895],[-8.36912039214,38.54574360405104],[-8.47592203971689,38.5167668431411],[-8.504541514534559,38.547507760051204],[-8.520195505220677,38.54291476975647],[-8.50621041845143,38.51924556121446],[-8.528720187844488,38.5111551160804],[-8.532377752820128,38.528149081759636],[-8.572539749895034,38.531619329791795],[-8.575218390388144,38.547921193087156],[-8.63911394256515,38.549491178444484],[-8.727769554801958,38.514245330067865],[-8.723779278125638,38.48812715545923],[-8.720269823611526,38.442269547083164],[-8.696731597258786,38.44045891428679],[-8.671835396308776,38.41918397892952],[-8.677267294697868,38.41239410594315],[-8.682699193086963,38.41148878954497],[-8.69808957185606,38.41827866253133],[-8.737018176977896,38.41918397892952],[-8.763779921122678,38.40896344961028],[-8.800503238985415,38.44055340045995],[-8.809190475469075,38.43739440537498],[-8.790236504959275,38.41054294715276]]]]}},{"type":"Feature","properties":{"fid":219,"dtmn":"1502","municipio":"Alcochete","c1_declive":9.272315803647333,"c2_ambcon":4.09581146634918,"c3_infraest":2.1551212651911538,"c4_compolit":0.12557644722512834,"c5_utiliza":3.0855491740309153,"bfi_2025":3.1321898875010254,"bfi_2025_Ranking":26.0,"BikeSharing":true,"ExtCic_AURB":3732.85,"ExtensaoCiclovias_conc":3959.03,"PopResidente_2021":19143,"Total_Valor_Euros":40780.0,"UtilizacaoBicicleta":0.0115,"UtilizacaoMulheres":0.273,"area_km2":128.36,"bfi_Ranking":26.0},"geometry":{"type":"MultiPolygon","coordinates":[[[[-8.96699016914478,38.82614196486276],[-8.988178857420904,38.7918615460685],[-8.96344203004782,38.79941761064726],[-8.974857750442915,38.7875052293726],[-8.953654497590946,38.784531192448796],[-8.998562150899051,38.77244559685291],[-8.979665188632843,38.77781326016197],[-8.988275975040192,38.785203622999084],[-9.010413008431739,38.76493646477687],[-8.953630749224642,38.76010920888144],[-8.98666652015067,38.75098015234405],[-9.01824257723415,38.756309275875694],[-9.03102724362123,38.740753810264614],[-9.008714482151932,38.7435922605137],[-9.024077221964331,38.725734745370225],[-8.929885347251972,38.71605938590588],[-8.911282258211369,38.671371031563844],[-8.839298368094399,38.67909180943999],[-8.81029582395438,38.74011892928796],[-8.839329064237722,38.76177790155802],[-8.903951472393198,38.74691125971637],[-8.89900779226003,38.731941569861455],[-8.910145130138826,38.73262236611291],[-8.96699016914478,38.82614196486276]]]]}},{"type":"Feature","properties":{"fid":220,"dtmn":"1503","municipio":"Almada","c1_declive":5.566655703698009,"c2_ambcon":7.387552791744254,"c3_infraest":2.7506160203532506,"c4_compolit":0.14496248394488612,"c5_utiliza":2.8191421014925067,"bfi_2025":3.6840286904816555,"bfi_2025_Ranking":9.0,"BikeSharing":false,"ExtCic_AURB":22638.48,"ExtensaoCiclovias_conc":28570.2,"PopResidente_2021":177238,"Total_Valor_Euros":177179.2,"UtilizacaoBicicleta":0.0045,"UtilizacaoMulheres":0.198,"area_km2":70.01,"bfi_Ranking":9.0},"geometry":{"type":"MultiPolygon","coordinates":[[[[-9.1567896062501,38.57374418061967],[-9.176583952524544,38.60081535485471],[-9.173801053342679,38.633997172498994],[-9.129216955025765,38.655883330605064],[-9.138023657957397,38.659159406343164],[-9.140742723673014,38.66583347673603],[-9.147663981858216,38.66533910115138],[-9.15038304757383,38.67226035933658],[-9.145933667311915,38.687586002460954],[-9.175349014599025,38.67967599310644],[-9.240112216189132,38.67448504946754],[-9.24777503775132,38.66533910115138],[-9.260389569325493,38.66388685202888],[-9.246547195190818,38.65194441159897],[-9.218969424516802,38.61682628312365],[-9.187821574600239,38.550321240870886],[-9.1567896062501,38.57374418061967]]]]}},{"type":"Feature","properties":{"fid":221,"dtmn":"1504","municipio":"Barreiro","c1_declive":7.602142330369849,"c2_ambcon":7.040818520197039,"c3_infraest":2.7005180549299093,"c4_compolit":0.1051063117169965,"c5_utiliza":2.5527156534064828,"bfi_2025":3.7271127698434174,"bfi_2025_Ranking":8.0,"BikeSharing":false,"ExtCic_AURB":9792.38,"ExtensaoCiclovias_conc":9792.38,"PopResidente_2021":78345,"Total_Valor_Euros":62000.0,"UtilizacaoBicicleta":0.0037,"UtilizacaoMulheres":0.092,"area_km2":36.39,"bfi_Ranking":8.0},"geometry":{"type":"MultiPolygon","coordinates":[[[[-9.037320305006752,38.579605365467],[-9.025853043846968,38.57827861322029],[-8.997141679769417,38.59306513156122],[-9.012449729410335,38.60121465424861],[-9.011148083510559,38.62705936063653],[-9.049732707770298,38.64255516550035],[-9.032514487369879,38.69011722439147],[-9.044810329844058,38.683874831439965],[-9.094855862838553,38.654911777487996],[-9.060764839066957,38.628759857832414],[-9.050805477468735,38.58331896888709],[-9.037320305006752,38.579605365467]]]]}},{"type":"Feature","properties":{"fid":222,"dtmn":"1505","municipio":"Grândola","c1_declive":7.556520905486592,"c2_ambcon":2.050650640638039,"c3_infraest":1.2947484418108621,"c4_compolit":6.604104063119761,"c5_utiliza":2.796803738931017,"bfi_2025":3.4721834215710405,"bfi_2025_Ranking":14.0,"BikeSharing":false,"ExtCic_AURB":7391.03,"ExtensaoCiclovias_conc":8834.46,"PopResidente_2021":13822,"Total_Valor_Euros":1697060.88,"UtilizacaoBicicleta":0.0146,"UtilizacaoMulheres":0.196,"area_km2":825.94,"bfi_Ranking":14.0},"geometry":{"type":"MultiPolygon","coordinates":[[[[-8.40774207907334,38.0663942599276],[-8.38973649476169,38.114048876547564],[-8.363358448294877,38.10390119380185],[-8.355677656683648,38.13822753613222],[-8.333599976504447,38.15520395403196],[-8.291051098717503,38.13868208903776],[-8.284327704641475,38.18657754393774],[-8.238175684147723,38.181647684381204],[-8.275910522076678,38.216435697493985],[-8.30175707977516,38.18745747522392],[-8.379810169255848,38.18093759021931],[-8.452214726944852,38.23354028351765],[-8.464422956154506,38.260770076774435],[-8.48233015940671,38.240287281122],[-8.511141354960849,38.2420029139977],[-8.60550039775857,38.26450684315659],[-8.615706243717142,38.30220783459397],[-8.688536193179013,38.295273426649736],[-8.767510008725495,38.31321932634263],[-8.82577519966515,38.44450214431616],[-8.849072788416779,38.45516375272792],[-8.889349975750106,38.48991269866256],[-8.911462941344872,38.48833320112007],[-8.82568473367756,38.419411269051956],[-8.787554822399715,38.337629378068335],[-8.775732238455026,38.223010236893856],[-8.79672412938363,38.12135832453834],[-8.701427364108339,38.09972734615841],[-8.687789701637561,38.10104562162214],[-8.695308288670965,38.12188722540127],[-8.656612722121192,38.12694891332986],[-8.631622946156751,38.08995757867289],[-8.456692433746511,38.0240552215835],[-8.419005211663826,38.03074327295983],[-8.40774207907334,38.0663942599276]]]]}},{"type":"Feature","properties":{"fid":223,"dtmn":"1506","municipio":"Moita","c1_declive":9.1715266769718,"c2_ambcon":6.459215776076088,"c3_infraest":0.7194224504982845,"c4_compolit":0.37875732595519823,"c5_utiliza":2.5711307617485013,"bfi_2025":3.3017898418815133,"bfi_2025_Ranking":19.0,"BikeSharing":false,"ExtCic_AURB":5328.91,"ExtensaoCiclovias_conc":6085.1,"PopResidente_2021":66255,"Total_Valor_Euros":176462.34,"UtilizacaoBicicleta":0.0058,"UtilizacaoMulheres":0.119,"area_km2":55.26,"bfi_Ranking":19.0},"geometry":{"type":"MultiPolygon","coordinates":[[[[-8.9533338010614,38.652170863306814],[-8.972625412123039,38.65576053846822],[-8.985900741601542,38.696867189559455],[-9.032514487369879,38.69011722439147],[-9.049732707770298,38.64255516550035],[-9.011148083510559,38.62705936063653],[-9.012449729410335,38.60121465424861],[-8.977606177958165,38.60826901509143],[-8.979498883113928,38.63604561114925],[-8.952748972361132,38.6191815665639],[-8.9533338010614,38.652170863306814]]]]}},{"type":"Feature","properties":{"fid":224,"dtmn":"1507","municipio":"Montijo","c1_declive":8.945074010591936,"c2_ambcon":4.3169912055163016,"c3_infraest":1.567647646055188,"c4_compolit":0.6544878102341256,"c5_utiliza":2.6954202865996275,"bfi_2025":3.0356487333188165,"bfi_2025_Ranking":29.0,"BikeSharing":false,"ExtCic_AURB":15196.38,"ExtensaoCiclovias_conc":16516.9,"PopResidente_2021":55682,"Total_Valor_Euros":311368.0,"UtilizacaoBicicleta":0.0106,"UtilizacaoMulheres":0.196,"area_km2":348.62,"bfi_Ranking":29.0},"geometry":{"type":"MultiPolygon","coordinates":[[[[-8.9533338010614,38.652170863306814],[-8.910362758590809,38.65978205639549],[-8.911282258211369,38.671371031563844],[-8.929885347251972,38.71605938590588],[-9.024077221964331,38.725734745370225],[-9.04646509094626,38.713016923458134],[-9.044810329844058,38.683874831439965],[-9.032514487369879,38.69011722439147],[-8.985900741601542,38.696867189559455],[-8.972625412123039,38.65576053846822],[-8.9533338010614,38.652170863306814]]],[[[-8.612390709273944,38.644689641813756],[-8.501018399395658,38.715494826850005],[-8.510840777192385,38.73606658772618],[-8.491734250286209,38.75460449411277],[-8.546797659383357,38.76343618560763],[-8.612791106783908,38.782507140339796],[-8.596110583883329,38.84127736728725],[-8.62930651659646,38.83066617780284],[-8.639310173187363,38.80928905631242],[-8.669211537686262,38.821625164425896],[-8.70803113225295,38.8454230963684],[-8.766541512529196,38.73786851567873],[-8.708965696655568,38.72170885511348],[-8.725447154195143,38.69767265505057],[-8.775427115029373,38.69486377132681],[-8.779252477922636,38.669443130400964],[-8.730181493307835,38.6908223829432],[-8.677553214762204,38.67712439988745],[-8.692438921353531,38.66292852559521],[-8.663547762395845,38.647559475644066],[-8.618379157758701,38.66222155728885],[-8.612390709273944,38.644689641813756]]]]}},{"type":"Feature","properties":{"fid":225,"dtmn":"1508","municipio":"Palmela","c1_declive":8.910905591878187,"c2_ambcon":2.3716691307045017,"c3_infraest":0.5466349996335363,"c4_compolit":0.8281975734727578,"c5_utiliza":2.4220134691938675,"bfi_2025":2.2707088003056533,"bfi_2025_Ranking":89.0,"BikeSharing":false,"ExtCic_AURB":11418.95,"ExtensaoCiclovias_conc":12642.78,"PopResidente_2021":68852,"Total_Valor_Euros":417201.59,"UtilizacaoBicicleta":0.0044,"UtilizacaoMulheres":0.224,"area_km2":465.12,"bfi_Ranking":89.0},"geometry":{"type":"MultiPolygon","coordinates":[[[[-9.025853043846968,38.57827861322029],[-8.951647106140504,38.53199891956067],[-8.885702429180258,38.54767882162888],[-8.88129507791342,38.56204545412704],[-8.821535620389096,38.56643530541281],[-8.80735314639419,38.55271250535661],[-8.744590092094946,38.57660282712155],[-8.734272650640476,38.5688726168501],[-8.742536283901297,38.538811330588764],[-8.739044250275871,38.521351162461634],[-8.728728903138633,38.51820714997396],[-8.727769554801958,38.514245330067865],[-8.63911394256515,38.549491178444484],[-8.658417367317806,38.6036694043961],[-8.612390709273944,38.644689641813756],[-8.618379157758701,38.66222155728885],[-8.663547762395845,38.647559475644066],[-8.692438921353531,38.66292852559521],[-8.677553214762204,38.67712439988745],[-8.730181493307835,38.6908223829432],[-8.779252477922636,38.669443130400964],[-8.775427115029373,38.69486377132681],[-8.725447154195143,38.69767265505057],[-8.708965696655568,38.72170885511348],[-8.766541512529196,38.73786851567873],[-8.81029582395438,38.74011892928796],[-8.839298368094399,38.67909180943999],[-8.911282258211369,38.671371031563844],[-8.910362758590809,38.65978205639549],[-8.9533338010614,38.652170863306814],[-8.952748972361132,38.6191815665639],[-8.979498883113928,38.63604561114925],[-8.977606177958165,38.60826901509143],[-9.012449729410335,38.60121465424861],[-8.997141679769417,38.59306513156122],[-9.025853043846968,38.57827861322029]]]]}},{"type":"Feature","properties":{"fid":226,"dtmn":"1509","municipio":"Santiago do Cacém","c1_declive":6.834488199846529,"c2_ambcon":3.5250235822522837,"c3_infraest":1.8074427562966946,"c4_compolit":2.030364350356118,"c5_utiliza":2.208046555375454,"bfi_2025":2.864247585768212,"bfi_2025_Ranking":36.0,"BikeSharing":false,"ExtCic_AURB":15006.23,"ExtensaoCiclovias_conc":15467.84,"PopResidente_2021":27772,"Total_Valor_Euros":512500.0,"UtilizacaoBicicleta":0.0057,"UtilizacaoMulheres":0.188,"area_km2":1059.69,"bfi_Ranking":36.0},"geometry":{"type":"MultiPolygon","coordinates":[[[[-8.734982056951496,37.81446719419435],[-8.686040145422142,37.75437151484382],[-8.66106647273194,37.768447793027576],[-8.617285630162481,37.74949701424967],[-8.587115510868074,37.75677889383994],[-8.58375118227629,37.79937037179116],[-8.54811417934581,37.81829529888529],[-8.551268387257648,37.84738271921588],[-8.434692792684498,37.87090925143604],[-8.40091679144143,37.862653721099214],[-8.330768824850853,37.84702579637668],[-8.335325823728104,37.86651834745828],[-8.29937797123378,37.89917825607335],[-8.309302363427816,37.91166477122945],[-8.293608758712704,37.99332319627975],[-8.318998745526548,38.02616188139995],[-8.363837374820967,38.021972908549365],[-8.40774207907334,38.0663942599276],[-8.419005211663826,38.03074327295983],[-8.456692433746511,38.0240552215835],[-8.631622946156751,38.08995757867289],[-8.656612722121192,38.12694891332986],[-8.695308288670965,38.12188722540127],[-8.687789701637561,38.10104562162214],[-8.701427364108339,38.09972734615841],[-8.79672412938363,38.12135832453834],[-8.825614918026128,38.049294898723275],[-8.807647520259177,38.03625740427052],[-8.819495776240787,38.01328636108084],[-8.780097771226192,38.02137619733283],[-8.778481436190468,37.98776669635037],[-8.686993563806045,37.9291762746209],[-8.69774211695346,37.91903369598719],[-8.68143553708757,37.90946599394744],[-8.700368790000121,37.90723710207154],[-8.690181904283849,37.89806757835872],[-8.701453342096226,37.878462333104345],[-8.72447328577678,37.87431103857863],[-8.713565500185243,37.811659055911484],[-8.734982056951496,37.81446719419435]]]]}},{"type":"Feature","properties":{"fid":227,"dtmn":"1510","municipio":"Seixal","c1_declive":7.488745758854277,"c2_ambcon":6.713334477635545,"c3_infraest":1.8356468338002572,"c4_compolit":0.010197475621565432,"c5_utiliza":2.4111262258192205,"bfi_2025":3.3703846440325353,"bfi_2025_Ranking":15.0,"BikeSharing":false,"ExtCic_AURB":7359.33,"ExtensaoCiclovias_conc":9959.87,"PopResidente_2021":166507,"Total_Valor_Euros":13416.0,"UtilizacaoBicicleta":0.0037,"UtilizacaoMulheres":0.134,"area_km2":95.45,"bfi_Ranking":15.0},"geometry":{"type":"MultiPolygon","coordinates":[[[[-9.1567896062501,38.57374418061967],[-9.123803287472068,38.57545731853024],[-9.100738695944443,38.55164252256194],[-9.073849788034396,38.5624134066571],[-9.066861417879394,38.540676085987045],[-9.05125810175329,38.54696457124636],[-9.050805477468735,38.58331896888709],[-9.060764839066957,38.628759857832414],[-9.094855862838553,38.654911777487996],[-9.129216955025765,38.655883330605064],[-9.173801053342679,38.633997172498994],[-9.176583952524544,38.60081535485471],[-9.1567896062501,38.57374418061967]]]]}},{"type":"Feature","properties":{"fid":228,"dtmn":"1511","municipio":"Sesimbra","c1_declive":6.354134687714012,"c2_ambcon":4.298118152244138,"c3_infraest":0.2118010810990104,"c4_compolit":0.0,"c5_utiliza":2.56181050274832,"bfi_2025":2.2752553776568525,"bfi_2025_Ranking":88.0,"BikeSharing":false,"ExtCic_AURB":2728.03,"ExtensaoCiclovias_conc":2728.03,"PopResidente_2021":52384,"Total_Valor_Euros":0.0,"UtilizacaoBicicleta":0.0044,"UtilizacaoMulheres":0.246,"area_km2":195.72,"bfi_Ranking":88.0},"geometry":{"type":"MultiPolygon","coordinates":[[[[-9.187821574600239,38.550321240870886],[-9.184412115348072,38.48844941621464],[-9.222160753070838,38.41329693685117],[-9.199465397024158,38.41123912793456],[-9.16400889386076,38.430819584905386],[-9.133844406094886,38.43029038336564],[-9.107913530647028,38.44193281724018],[-9.06716501208611,38.43558239876316],[-9.017652600403366,38.454082744523],[-9.055624112483077,38.49895205145481],[-9.037320305006752,38.579605365467],[-9.050805477468735,38.58331896888709],[-9.05125810175329,38.54696457124636],[-9.066861417879394,38.540676085987045],[-9.073849788034396,38.5624134066571],[-9.100738695944443,38.55164252256194],[-9.123803287472068,38.57545731853024],[-9.1567896062501,38.57374418061967],[-9.187821574600239,38.550321240870886]]]]}},{"type":"Feature","properties":{"fid":229,"dtmn":"1512","municipio":"Setúbal","c1_declive":6.736131425517171,"c2_ambcon":5.796157688386392,"c3_infraest":2.096310170559346,"c4_compolit":0.2068519041816827,"c5_utiliza":2.4225639468290696,"bfi_2025":3.172613277490302,"bfi_2025_Ranking":23.0,"BikeSharing":false,"ExtCic_AURB":13114.52,"ExtensaoCiclovias_conc":15245.94,"PopResidente_2021":123496,"Total_Valor_Euros":355708.97,"UtilizacaoBicicleta":0.0052,"UtilizacaoMulheres":0.169,"area_km2":230.33,"bfi_Ranking":23.0},"geometry":{"type":"MultiPolygon","coordinates":[[[[-8.789096732240308,38.50893504290457],[-8.787932721031833,38.52057515498932],[-8.806556900367438,38.528723233448645],[-8.800348840588903,38.548123420256566],[-8.788320724767992,38.54385537915882],[-8.777844623891713,38.53260327081023],[-8.758444437083792,38.53958733806108],[-8.743312291373613,38.56907562200912],[-8.734272650640476,38.5688726168501],[-8.744590092094946,38.57660282712155],[-8.80735314639419,38.55271250535661],[-8.821535620389096,38.56643530541281],[-8.88129507791342,38.56204545412704],[-8.885702429180258,38.54767882162888],[-8.951647106140504,38.53199891956067],[-9.025853043846968,38.57827861322029],[-9.037320305006752,38.579605365467],[-9.055624112483077,38.49895205145481],[-9.017652600403366,38.454082744523],[-8.991661422871552,38.46415070919835],[-8.982754745184081,38.477762801513165],[-8.96880655182446,38.48330846875253],[-8.944775327120535,38.48347651927494],[-8.933854842424651,38.488371574399814],[-8.9289330620612,38.50833361784036],[-8.912869924074847,38.51009905411304],[-8.89734977462851,38.519799147517],[-8.87794958782059,38.51747112510005],[-8.800498328115955,38.471794484221526],[-8.77594422679113,38.47240833675465],[-8.768920537960069,38.506607020487614],[-8.789096732240308,38.50893504290457]]]]}},{"type":"Feature","properties":{"fid":230,"dtmn":"1513","municipio":"Sines","c1_declive":7.871162076458685,"c2_ambcon":5.411825170704797,"c3_infraest":2.148583271898936,"c4_compolit":0.0,"c5_utiliza":2.310701494700804,"bfi_2025":3.1393586172369625,"bfi_2025_Ranking":25.0,"BikeSharing":false,"ExtCic_AURB":7179.68,"ExtensaoCiclovias_conc":12402.89,"PopResidente_2021":14198,"Total_Valor_Euros":0.0,"UtilizacaoBicicleta":0.0083,"UtilizacaoMulheres":0.152,"area_km2":203.3,"bfi_Ranking":25.0},"geometry":{"type":"MultiPolygon","coordinates":[[[[-8.796641261478515,37.83394384063117],[-8.797428322251998,37.835380627041765],[-8.799899072673623,37.83432362654155],[-8.797959909111036,37.83196352109704],[-8.796641261478515,37.83394384063117]]],[[[-8.792970517118771,37.81956192960872],[-8.776201697143168,37.80494695931994],[-8.734982056951496,37.81446719419435],[-8.713565500185243,37.811659055911484],[-8.72447328577678,37.87431103857863],[-8.701453342096226,37.878462333104345],[-8.690181904283849,37.89806757835872],[-8.700368790000121,37.90723710207154],[-8.68143553708757,37.90946599394744],[-8.69774211695346,37.91903369598719],[-8.686993563806045,37.9291762746209],[-8.778481436190468,37.98776669635037],[-8.780097771226192,38.02137619733283],[-8.819495776240787,38.01328636108084],[-8.807647520259177,38.03625740427052],[-8.825614918026128,38.049294898723275],[-8.873315548526634,37.968612810479335],[-8.883253177899393,37.964445417516565],[-8.889023414309381,37.955790062901585],[-8.889484732810844,37.9412653487014],[-8.885176590036055,37.95194323862826],[-8.879887206660232,37.94873755173382],[-8.8728453730157,37.95145460433683],[-8.865141046945816,37.95418721945437],[-8.854081427160004,37.94136447187661],[-8.857447398399163,37.93847935367162],[-8.855225477167814,37.93355335009869],[-8.849272896818347,37.93495309808774],[-8.840777826548084,37.92934314602247],[-8.83847278528272,37.937923157252364],[-8.809475283367757,37.92757938549582],[-8.795246333081332,37.88907891933809],[-8.797240494890692,37.8506913045079],[-8.792970517118771,37.81956192960872]]]]}},{"type":"Feature","properties":{"fid":231,"dtmn":"1601","municipio":"Arcos de Valdevez","c1_declive":1.4537128526093528,"c2_ambcon":1.7092301520505542,"c3_infraest":0.04221095796879424,"c4_compolit":0.0,"c5_utiliza":1.7373342680052841,"bfi_2025":0.9306984163668293,"bfi_2025_Ranking":271.0,"BikeSharing":false,"ExtCic_AURB":0.0,"ExtensaoCiclovias_conc":2731.32,"PopResidente_2021":20718,"Total_Valor_Euros":0.0,"UtilizacaoBicicleta":0.0014,"UtilizacaoMulheres":0.167,"area_km2":447.6,"bfi_Ranking":271.0},"geometry":{"type":"MultiPolygon","coordinates":[[[[-8.523100383214112,41.854430279989316],[-8.53100846369024,41.83017848966799],[-8.51666761535824,41.79346628354455],[-8.47809079457331,41.79522107785613],[-8.33531369378622,41.814715756418664],[-8.283513427555803,41.85749991209139],[-8.199522787848865,41.87380474276243],[-8.21543389553444,41.89879326079447],[-8.210215599158857,41.92360036155214],[-8.217042449489218,41.95281784070842],[-8.19171576540179,41.9897886752062],[-8.194006716965479,42.01735323220998],[-8.251878919328979,42.01185167632985],[-8.279057678024515,41.972750551418],[-8.293102790944614,41.99214166963411],[-8.494450686076773,41.96603290861792],[-8.507799218767177,41.937662243809974],[-8.488548675470167,41.901497489061605],[-8.523100383214112,41.854430279989316]]]]}},{"type":"Feature","properties":{"fid":232,"dtmn":"1602","municipio":"Caminha","c1_declive":3.3091619930243734,"c2_ambcon":3.058570496652688,"c3_infraest":1.3169250203491825,"c4_compolit":0.0,"c5_utiliza":2.091912044577505,"bfi_2025":1.843172487468406,"bfi_2025_Ranking":158.0,"BikeSharing":false,"ExtCic_AURB":8218.41,"ExtensaoCiclovias_conc":8366.25,"PopResidente_2021":15797,"Total_Valor_Euros":0.0,"UtilizacaoBicicleta":0.0034,"UtilizacaoMulheres":0.24,"area_km2":136.52,"bfi_Ranking":158.0},"geometry":{"type":"MultiPolygon","coordinates":[[[[-8.874257704227468,41.79604375403595],[-8.84375282014098,41.78074592938709],[-8.831122466124402,41.80300769904223],[-8.755749687384732,41.79620685900307],[-8.759424648264002,41.81886039313662],[-8.743985377621177,41.82970789801029],[-8.690262930304725,41.81414764769635],[-8.67010195318684,41.84674586907492],[-8.759863842378856,41.88054914180998],[-8.78575404591823,41.917369307034576],[-8.818381394432842,41.91128615371623],[-8.871529779443632,41.86390077650063],[-8.874257704227468,41.79604375403595]]]]}},{"type":"Feature","properties":{"fid":233,"dtmn":"1603","municipio":"Melgaço","c1_declive":1.4618116510933499,"c2_ambcon":1.6026190921444465,"c3_infraest":0.0,"c4_compolit":0.0,"c5_utiliza":2.302620755740103,"bfi_2025":1.0073600892934673,"bfi_2025_Ranking":265.0,"BikeSharing":false,"ExtCic_AURB":0.0,"ExtensaoCiclovias_conc":0.0,"PopResidente_2021":7773,"Total_Valor_Euros":0.0,"UtilizacaoBicicleta":0.0029,"UtilizacaoMulheres":0.25,"area_km2":238.25,"bfi_Ranking":265.0},"geometry":{"type":"MultiPolygon","coordinates":[[[[-8.339438546852348,42.08415379855079],[-8.317006412969427,42.06213927715498],[-8.328762817411059,42.05370636816788],[-8.304205365537095,42.040915134036844],[-8.293102790944614,41.99214166963411],[-8.279057678024515,41.972750551418],[-8.251878919328979,42.01185167632985],[-8.194006716965479,42.01735323220998],[-8.19171576540179,41.9897886752062],[-8.217042449489218,41.95281784070842],[-8.210215599158857,41.92360036155214],[-8.163019279228289,41.982691747802896],[-8.08603478089684,42.01649217438499],[-8.096600759842048,42.07225748876647],[-8.121474035100048,42.08278451628086],[-8.1821708647159,42.065108990996755],[-8.198753511090453,42.15431112740944],[-8.339438546852348,42.08415379855079]]]]}},{"type":"Feature","properties":{"fid":234,"dtmn":"1604","municipio":"Monção","c1_declive":3.194312449052537,"c2_ambcon":1.8987681194830497,"c3_infraest":1.9304740580009152,"c4_compolit":0.0,"c5_utiliza":2.2072890897700574,"bfi_2025":1.7181996072302566,"bfi_2025_Ranking":174.0,"BikeSharing":true,"ExtCic_AURB":2923.38,"ExtensaoCiclovias_conc":6185.21,"PopResidente_2021":17816,"Total_Valor_Euros":0.0,"UtilizacaoBicicleta":0.0032,"UtilizacaoMulheres":0.25,"area_km2":211.31,"bfi_Ranking":174.0},"geometry":{"type":"MultiPolygon","coordinates":[[[[-8.546840575187517,42.0539881797921],[-8.529304248499338,42.022604636806626],[-8.53611658716863,41.97412642684203],[-8.494450686076773,41.96603290861792],[-8.293102790944614,41.99214166963411],[-8.304205365537095,42.040915134036844],[-8.328762817411059,42.05370636816788],[-8.317006412969427,42.06213927715498],[-8.339438546852348,42.08415379855079],[-8.519814593141724,42.07954853338253],[-8.546840575187517,42.0539881797921]]]]}},{"type":"Feature","properties":{"fid":235,"dtmn":"1605","municipio":"Paredes de Coura","c1_declive":1.9000127539143574,"c2_ambcon":1.4293610778071124,"c3_infraest":0.0,"c4_compolit":0.0,"c5_utiliza":0.9594190841087451,"bfi_2025":0.7392253616649629,"bfi_2025_Ranking":276.0,"BikeSharing":false,"ExtCic_AURB":0.0,"ExtensaoCiclovias_conc":0.0,"PopResidente_2021":8632,"Total_Valor_Euros":0.0,"UtilizacaoBicicleta":0.001,"UtilizacaoMulheres":0.0,"area_km2":138.19,"bfi_Ranking":276.0},"geometry":{"type":"MultiPolygon","coordinates":[[[[-8.656611534434422,41.85837902818364],[-8.622121289874432,41.84433566570484],[-8.561685781732727,41.87028780628237],[-8.523100383214112,41.854430279989316],[-8.488548675470167,41.901497489061605],[-8.507799218767177,41.937662243809974],[-8.494450686076773,41.96603290861792],[-8.53611658716863,41.97412642684203],[-8.555486869561467,41.98257131558974],[-8.639157324437043,41.927167121328935],[-8.638564314196163,41.909055222191995],[-8.675386693593257,41.8877310994286],[-8.656611534434422,41.85837902818364]]]]}},{"type":"Feature","properties":{"fid":236,"dtmn":"1606","municipio":"Ponte da Barca","c1_declive":1.3919396532374386,"c2_ambcon":2.1385192941445323,"c3_infraest":0.3898087728273752,"c4_compolit":0.0,"c5_utiliza":2.3825388894167236,"bfi_2025":1.2477837599500656,"bfi_2025_Ranking":234.0,"BikeSharing":false,"ExtCic_AURB":1517.03,"ExtensaoCiclovias_conc":1517.03,"PopResidente_2021":11044,"Total_Valor_Euros":0.0,"UtilizacaoBicicleta":0.002,"UtilizacaoMulheres":0.3,"area_km2":182.11,"bfi_Ranking":234.0},"geometry":{"type":"MultiPolygon","coordinates":[[[[-8.461479746472861,41.732261992988555],[-8.374925356072122,41.7703856589638],[-8.308322626052648,41.761071524954914],[-8.294438201675453,41.7808951356929],[-8.271656440544334,41.77120616286689],[-8.165013112059897,41.81811318006406],[-8.169303600729014,41.87652769091883],[-8.199522787848865,41.87380474276243],[-8.283513427555803,41.85749991209139],[-8.33531369378622,41.814715756418664],[-8.47809079457331,41.79522107785613],[-8.479861562197813,41.77175115932096],[-8.466348639382684,41.765529800266094],[-8.475405677360104,41.74021416091024],[-8.461479746472861,41.732261992988555]]]]}},{"type":"Feature","properties":{"fid":237,"dtmn":"1607","municipio":"Ponte de Lima","c1_declive":3.141819387321153,"c2_ambcon":1.8827081195251651,"c3_infraest":0.2716149106312398,"c4_compolit":0.0,"c5_utiliza":1.661596309034212,"bfi_2025":1.185081958078059,"bfi_2025_Ranking":241.0,"BikeSharing":false,"ExtCic_AURB":4239.07,"ExtensaoCiclovias_conc":4245.72,"PopResidente_2021":41164,"Total_Valor_Euros":0.0,"UtilizacaoBicicleta":0.0023,"UtilizacaoMulheres":0.125,"area_km2":320.25,"bfi_Ranking":241.0},"geometry":{"type":"MultiPolygon","coordinates":[[[[-8.690262930304725,41.81414764769635],[-8.699711824201168,41.77520976535982],[-8.64426662084525,41.70829474491302],[-8.656594631636112,41.6858132595729],[-8.64328194488787,41.654379713533494],[-8.604134550653102,41.63431449781832],[-8.577310238644442,41.64295787581691],[-8.562802935436277,41.62367065692656],[-8.54074722034733,41.631308740402474],[-8.547360038442418,41.663275006431554],[-8.521765175271106,41.67957410713896],[-8.518427914481244,41.726156281684034],[-8.493475370274114,41.741548417517656],[-8.485997911092314,41.72720289405068],[-8.461479746472861,41.732261992988555],[-8.475405677360104,41.74021416091024],[-8.466348639382684,41.765529800266094],[-8.479861562197813,41.77175115932096],[-8.47809079457331,41.79522107785613],[-8.51666761535824,41.79346628354455],[-8.53100846369024,41.83017848966799],[-8.523100383214112,41.854430279989316],[-8.561685781732727,41.87028780628237],[-8.622121289874432,41.84433566570484],[-8.656611534434422,41.85837902818364],[-8.67010195318684,41.84674586907492],[-8.690262930304725,41.81414764769635]]]]}},{"type":"Feature","properties":{"fid":238,"dtmn":"1608","municipio":"Valença","c1_declive":4.71979338458128,"c2_ambcon":2.3752450144545465,"c3_infraest":3.7409803625625027,"c4_compolit":0.4275507327290204,"c5_utiliza":2.478265780700222,"bfi_2025":2.582198985398239,"bfi_2025_Ranking":59.0,"BikeSharing":true,"ExtCic_AURB":11592.14,"ExtensaoCiclovias_conc":21666.03,"PopResidente_2021":13623,"Total_Valor_Euros":83455.3,"UtilizacaoBicicleta":0.0045,"UtilizacaoMulheres":0.323,"area_km2":117.13,"bfi_Ranking":59.0},"geometry":{"type":"MultiPolygon","coordinates":[[[[-8.639157324437043,41.927167121328935],[-8.555486869561467,41.98257131558974],[-8.53611658716863,41.97412642684203],[-8.529304248499338,42.022604636806626],[-8.546840575187517,42.0539881797921],[-8.63678097878531,42.047486621700365],[-8.681907409514128,41.99057917468582],[-8.66636891488162,41.934925216557275],[-8.639157324437043,41.927167121328935]]]]}},{"type":"Feature","properties":{"fid":239,"dtmn":"1609","municipio":"Viana do Castelo","c1_declive":5.128134225075524,"c2_ambcon":3.1364113778086917,"c3_infraest":1.5858035985354488,"c4_compolit":0.04195906924447517,"c5_utiliza":2.0695598918031752,"bfi_2025":2.1156709588031175,"bfi_2025_Ranking":113.0,"BikeSharing":true,"ExtCic_AURB":4218.14,"ExtensaoCiclovias_conc":6355.37,"PopResidente_2021":85778,"Total_Valor_Euros":54918.6,"UtilizacaoBicicleta":0.0052,"UtilizacaoMulheres":0.221,"area_km2":319.02,"bfi_Ranking":113.0},"geometry":{"type":"MultiPolygon","coordinates":[[[[-8.811574442094066,41.61156766181143],[-8.732448210988252,41.621687584971134],[-8.696823939779929,41.64068927643866],[-8.646335473986865,41.63278739966737],[-8.64328194488787,41.654379713533494],[-8.656594631636112,41.6858132595729],[-8.64426662084525,41.70829474491302],[-8.699711824201168,41.77520976535982],[-8.690262930304725,41.81414764769635],[-8.743985377621177,41.82970789801029],[-8.759424648264002,41.81886039313662],[-8.755749687384732,41.79620685900307],[-8.831122466124402,41.80300769904223],[-8.84375282014098,41.78074592938709],[-8.874257704227468,41.79604375403595],[-8.878264109934483,41.742718988070976],[-8.844451477196221,41.67398254834382],[-8.841344187359544,41.68389107545158],[-8.826511050757473,41.67208097916601],[-8.811574442094066,41.61156766181143]]]]}},{"type":"Feature","properties":{"fid":240,"dtmn":"1610","municipio":"Vila Nova de Cerveira","c1_declive":3.2493967602334717,"c2_ambcon":1.8492106121115446,"c3_infraest":3.745399589683264,"c4_compolit":0.0,"c5_utiliza":1.618806534341089,"bfi_2025":2.0473535333402673,"bfi_2025_Ranking":124.0,"BikeSharing":true,"ExtCic_AURB":8715.55,"ExtensaoCiclovias_conc":12250.22,"PopResidente_2021":8921,"Total_Valor_Euros":0.0,"UtilizacaoBicicleta":0.0035,"UtilizacaoMulheres":0.125,"area_km2":108.47,"bfi_Ranking":124.0},"geometry":{"type":"MultiPolygon","coordinates":[[[[-8.67010195318684,41.84674586907492],[-8.656611534434422,41.85837902818364],[-8.675386693593257,41.8877310994286],[-8.638564314196163,41.909055222191995],[-8.639157324437043,41.927167121328935],[-8.66636891488162,41.934925216557275],[-8.681907409514128,41.99057917468582],[-8.744162907690407,41.96587885828687],[-8.748623372127879,41.94131850923758],[-8.78575404591823,41.917369307034576],[-8.759863842378856,41.88054914180998],[-8.67010195318684,41.84674586907492]]]]}},{"type":"Feature","properties":{"fid":241,"dtmn":"1701","municipio":"Alijó","c1_declive":2.4570396985845706,"c2_ambcon":2.4702571358317456,"c3_infraest":1.5294094645612957,"c4_compolit":0.23990257932116027,"c5_utiliza":2.3261382516822904,"bfi_2025":1.7588287861574077,"bfi_2025_Ranking":169.0,"BikeSharing":true,"ExtCic_AURB":372.11,"ExtensaoCiclovias_conc":858.57,"PopResidente_2021":10486,"Total_Valor_Euros":39622.64,"UtilizacaoBicicleta":0.0011,"UtilizacaoMulheres":0.2,"area_km2":297.6,"bfi_Ranking":169.0},"geometry":{"type":"MultiPolygon","coordinates":[[[[-7.548582509432053,41.1880269913619],[-7.523551719906194,41.17967867681613],[-7.502912712224585,41.19945098733156],[-7.431892067944758,41.21080151884019],[-7.414245604147688,41.24836938353537],[-7.387378974832037,41.24450266676437],[-7.391882202640909,41.28452871362536],[-7.362238709510563,41.30384619754889],[-7.375686387332816,41.313641923509934],[-7.362532675103789,41.324013929145224],[-7.38711268061089,41.32774914938907],[-7.396726238334711,41.35748801451155],[-7.449858353260776,41.38955155376203],[-7.503960908662729,41.384284140581784],[-7.522127463247037,41.40152205737161],[-7.588776409255655,41.403605299480745],[-7.601380943264346,41.393520249321746],[-7.601212619360835,41.36250170368655],[-7.537382328977798,41.256484539671284],[-7.548582509432053,41.1880269913619]]]]}},{"type":"Feature","properties":{"fid":242,"dtmn":"1702","municipio":"Boticas","c1_declive":2.2495225775545995,"c2_ambcon":2.3451018726179402,"c3_infraest":0.0,"c4_compolit":0.0,"c5_utiliza":1.3425204932544017,"bfi_2025":1.0797318245608254,"bfi_2025_Ranking":253.0,"BikeSharing":false,"ExtCic_AURB":0.0,"ExtensaoCiclovias_conc":0.0,"PopResidente_2021":5000,"Total_Valor_Euros":0.0,"UtilizacaoBicicleta":0.0016,"UtilizacaoMulheres":0.0,"area_km2":321.96,"bfi_Ranking":253.0},"geometry":{"type":"MultiPolygon","coordinates":[[[[-7.850912807906615,41.61507286831562],[-7.812149293779768,41.57849900532867],[-7.787349459928993,41.58735670552478],[-7.754510779666011,41.6451101412073],[-7.732228199911335,41.65238537083252],[-7.704066800095011,41.631648075551595],[-7.733798346510307,41.59948498038961],[-7.722820112145802,41.578855095397756],[-7.699246933294877,41.58304589225338],[-7.709265180237544,41.59158676317106],[-7.673133707572294,41.60708135677062],[-7.666465840994115,41.62571693207819],[-7.620555866226388,41.63970207036138],[-7.593766077782192,41.670491828851574],[-7.600359364930748,41.705941548778355],[-7.563539528681213,41.735735465607085],[-7.590681113211442,41.78689127684284],[-7.608871854438777,41.79530354266985],[-7.652096295001636,41.73473764748268],[-7.690215700331379,41.71718172935071],[-7.764835039034617,41.708235702518714],[-7.830694608042704,41.727811241603284],[-7.846411384473425,41.69197109007693],[-7.883163863394454,41.7099143562344],[-7.897668163984123,41.69475082847313],[-7.893091012832555,41.669862879911165],[-7.917869718476775,41.650928277867656],[-7.902526352324395,41.63123723047811],[-7.850912807906615,41.61507286831562]]]]}},{"type":"Feature","properties":{"fid":243,"dtmn":"1703","municipio":"Chaves","c1_declive":4.363201269837748,"c2_ambcon":2.703261263435218,"c3_infraest":1.3379278462767874,"c4_compolit":0.5499621886038972,"c5_utiliza":2.1429760861673386,"bfi_2025":1.9852050593660235,"bfi_2025_Ranking":128.0,"BikeSharing":false,"ExtCic_AURB":13638.0,"ExtensaoCiclovias_conc":41811.93,"PopResidente_2021":37590,"Total_Valor_Euros":424136.0,"UtilizacaoBicicleta":0.0022,"UtilizacaoMulheres":0.257,"area_km2":591.23,"bfi_Ranking":128.0},"geometry":{"type":"MultiPolygon","coordinates":[[[[-7.620555866226388,41.63970207036138],[-7.591307854454836,41.62415588271211],[-7.586510043915154,41.6003216616506],[-7.529922804694648,41.617663717730736],[-7.517842367961763,41.59361897642909],[-7.507090243696434,41.58127364830658],[-7.454076323938231,41.607256073847566],[-7.443765259759425,41.62813475479368],[-7.453871315510096,41.63940177342036],[-7.42840025102894,41.64613099037946],[-7.420160446802242,41.66288080521251],[-7.4330631720029,41.68557052925528],[-7.413008056358397,41.690376716075455],[-7.414982721052894,41.70321908177119],[-7.376517000961524,41.70004415346355],[-7.377620914798452,41.67633763161989],[-7.364516131648415,41.67386465673001],[-7.365959186481485,41.715155231914444],[-7.329730808378168,41.72417348955172],[-7.280606021345397,41.77402067670363],[-7.226112378395167,41.76825405613932],[-7.193541575171257,41.78228207315084],[-7.213593771663488,41.82683837691571],[-7.200493392623468,41.87950307514517],[-7.315315074519609,41.84254537783444],[-7.356443599421366,41.84052982650827],[-7.365787960691609,41.85278733159471],[-7.427635761159745,41.80736662898308],[-7.425843890751858,41.83022457682387],[-7.450313981766631,41.86325398964454],[-7.491292232369392,41.871244480805096],[-7.52105302924172,41.84196641433591],[-7.61145632951933,41.82917801655489],[-7.580570205922299,41.81230700706926],[-7.590681113211442,41.78689127684284],[-7.563539528681213,41.735735465607085],[-7.600359364930748,41.705941548778355],[-7.593766077782192,41.670491828851574],[-7.620555866226388,41.63970207036138]]]]}},{"type":"Feature","properties":{"fid":244,"dtmn":"1704","municipio":"Mesão Frio","c1_declive":0.07768113071240473,"c2_ambcon":2.9545108191902614,"c3_infraest":1.4,"c4_compolit":0.0,"c5_utiliza":1.5798730018273413,"bfi_2025":1.412370418234274,"bfi_2025_Ranking":215.0,"BikeSharing":true,"ExtCic_AURB":0.0,"ExtensaoCiclovias_conc":0.0,"PopResidente_2021":3547,"Total_Valor_Euros":0.0,"UtilizacaoBicicleta":0.0,"UtilizacaoMulheres":0.0,"area_km2":26.65,"bfi_Ranking":215.0},"geometry":{"type":"MultiPolygon","coordinates":[[[[-7.911863913336353,41.11988958022427],[-7.880126338674947,41.15050831455121],[-7.835188602420336,41.15339843888496],[-7.827216023470029,41.185595855840354],[-7.870800494727977,41.184707760988964],[-7.890342498515268,41.20244000140308],[-7.8894492670883,41.163144394926846],[-7.911863913336353,41.11988958022427]]]]}},{"type":"Feature","properties":{"fid":245,"dtmn":"1705","municipio":"Mondim de Basto","c1_declive":0.9905582635849774,"c2_ambcon":1.9040418853504482,"c3_infraest":0.0,"c4_compolit":0.0,"c5_utiliza":2.6003289794357816,"bfi_2025":1.095132093583266,"bfi_2025_Ranking":252.0,"BikeSharing":false,"ExtCic_AURB":0.0,"ExtensaoCiclovias_conc":0.0,"PopResidente_2021":6410,"Total_Valor_Euros":0.0,"UtilizacaoBicicleta":0.0015,"UtilizacaoMulheres":0.25,"area_km2":172.08,"bfi_Ranking":252.0},"geometry":{"type":"MultiPolygon","coordinates":[[[[-7.907641078600684,41.30266708496305],[-7.834282999521422,41.34350427585727],[-7.815937074250103,41.39184149540947],[-7.788687376491718,41.41141049184392],[-7.819989035577049,41.41394632580552],[-7.855103141141023,41.44428814416719],[-7.889064586403932,41.44363579532599],[-7.90941564230235,41.46588007455382],[-7.904196254456751,41.48894277828842],[-7.937984604674654,41.477760984299294],[-7.938690827444884,41.44704662988209],[-7.981071165024458,41.39487214108676],[-7.967555500993312,41.39196690696486],[-7.974168100319712,41.375195775278875],[-7.972577053119003,41.3603226776134],[-7.947341431946298,41.35263234751245],[-7.963958984283573,41.32958467805806],[-7.907641078600684,41.30266708496305]]]]}},{"type":"Feature","properties":{"fid":246,"dtmn":"1706","municipio":"Montalegre","c1_declive":2.450951445556093,"c2_ambcon":1.8702377507537238,"c3_infraest":0.0,"c4_compolit":0.253465132868081,"c5_utiliza":1.3883711315329892,"bfi_2025":1.0410218351242542,"bfi_2025_Ranking":260.0,"BikeSharing":false,"ExtCic_AURB":0.0,"ExtensaoCiclovias_conc":0.0,"PopResidente_2021":9261,"Total_Valor_Euros":49920.0,"UtilizacaoBicicleta":0.001,"UtilizacaoMulheres":0.0,"area_km2":805.46,"bfi_Ranking":260.0},"geometry":{"type":"MultiPolygon","coordinates":[[[[-7.850912807906615,41.61507286831562],[-7.902526352324395,41.63123723047811],[-7.917869718476775,41.650928277867656],[-7.893091012832555,41.669862879911165],[-7.897668163984123,41.69475082847313],[-7.883163863394454,41.7099143562344],[-7.846411384473425,41.69197109007693],[-7.830694608042704,41.727811241603284],[-7.764835039034617,41.708235702518714],[-7.690215700331379,41.71718172935071],[-7.652096295001636,41.73473764748268],[-7.608871854438777,41.79530354266985],[-7.590681113211442,41.78689127684284],[-7.580570205922299,41.81230700706926],[-7.61145632951933,41.82917801655489],[-7.585873256192032,41.88187113533947],[-7.653871440511888,41.88119845307918],[-7.700851481062834,41.907665579546524],[-7.845187757860165,41.881279075805104],[-7.841518508390162,41.86647504744026],[-7.872805247051699,41.84485468762501],[-7.892212032859933,41.859510859505505],[-7.884689499628523,41.92431579962264],[-7.906343069893235,41.927095749471995],[-7.921252308176324,41.87779115158886],[-7.9745660661729,41.87530946554918],[-8.013149434188444,41.82949010035016],[-8.051242522159798,41.81947010473112],[-8.061779613206248,41.76063028576146],[-8.119465073377146,41.689238077232375],[-8.037295438589112,41.70075388580907],[-7.989142157224716,41.68488338881509],[-8.000875911771956,41.616198266322456],[-7.996605925584229,41.60308345610296],[-7.904266612100523,41.58689798345227],[-7.876487194722036,41.589554444410616],[-7.850912807906615,41.61507286831562]]]]}},{"type":"Feature","properties":{"fid":247,"dtmn":"1707","municipio":"Murça","c1_declive":2.4366751715375257,"c2_ambcon":2.440513256900023,"c3_infraest":0.0,"c4_compolit":0.0,"c5_utiliza":2.25585219698673,"bfi_2025":1.3049662707761045,"bfi_2025_Ranking":229.0,"BikeSharing":false,"ExtCic_AURB":0.0,"ExtensaoCiclovias_conc":0.0,"PopResidente_2021":5245,"Total_Valor_Euros":0.0,"UtilizacaoBicicleta":0.0026,"UtilizacaoMulheres":0.2,"area_km2":189.37,"bfi_Ranking":229.0},"geometry":{"type":"MultiPolygon","coordinates":[[[[-7.314704322536826,41.33839021785661],[-7.361590648963803,41.36478266544585],[-7.365322947527047,41.44042284457329],[-7.405573083656947,41.460604519814304],[-7.383470665552897,41.48994418083617],[-7.409447486292796,41.52329471422077],[-7.420926884758019,41.52786535649471],[-7.446587539922386,41.49690502638651],[-7.48118683314107,41.499844688603595],[-7.472759468468949,41.469451245697236],[-7.497014796908689,41.43964648790436],[-7.521822661562782,41.45088422688353],[-7.56041169639443,41.43791521796075],[-7.588776409255655,41.403605299480745],[-7.522127463247037,41.40152205737161],[-7.503960908662729,41.384284140581784],[-7.449858353260776,41.38955155376203],[-7.396726238334711,41.35748801451155],[-7.38711268061089,41.32774914938907],[-7.362532675103789,41.324013929145224],[-7.314704322536826,41.33839021785661]]]]}},{"type":"Feature","properties":{"fid":248,"dtmn":"1708","municipio":"Peso da Régua","c1_declive":1.0941425711679638,"c2_ambcon":3.895082692659109,"c3_infraest":0.0005301811016588777,"c4_compolit":0.8483697681513229,"c5_utiliza":2.082804748259883,"bfi_2025":1.6695523788392297,"bfi_2025_Ranking":179.0,"BikeSharing":false,"ExtCic_AURB":0.0,"ExtensaoCiclovias_conc":14.15,"PopResidente_2021":14540,"Total_Valor_Euros":157830.0,"UtilizacaoBicicleta":0.0009,"UtilizacaoMulheres":0.167,"area_km2":94.86,"bfi_Ranking":179.0},"geometry":{"type":"MultiPolygon","coordinates":[[[[-7.648177638488283,41.17968515034873],[-7.682933983154959,41.201144047461526],[-7.749033975753908,41.208699637638844],[-7.7523015640265,41.176982596122954],[-7.777192357589002,41.17473935916347],[-7.796537112078144,41.194747853045236],[-7.837802743454596,41.20091428231578],[-7.831872147162296,41.228321800345675],[-7.84808067593469,41.22252023411908],[-7.850966710872733,41.236898856061515],[-7.875579307603212,41.24204802372021],[-7.890342498515268,41.20244000140308],[-7.870800494727977,41.184707760988964],[-7.827216023470029,41.185595855840354],[-7.835188602420336,41.15339843888496],[-7.813719232732304,41.145700985041174],[-7.797248790355908,41.16184563191915],[-7.729966101330279,41.1451062601801],[-7.696962897186919,41.14165763788208],[-7.657770786050377,41.16294711836456],[-7.648177638488283,41.17968515034873]]]]}},{"type":"Feature","properties":{"fid":249,"dtmn":"1709","municipio":"Ribeira de Pena","c1_declive":0.6842528624793196,"c2_ambcon":1.3229934069066234,"c3_infraest":0.0,"c4_compolit":0.0,"c5_utiliza":1.5266591423657232,"bfi_2025":0.7045054664477325,"bfi_2025_Ranking":277.0,"BikeSharing":false,"ExtCic_AURB":0.0,"ExtensaoCiclovias_conc":0.0,"PopResidente_2021":5884,"Total_Valor_Euros":0.0,"UtilizacaoBicicleta":0.0017,"UtilizacaoMulheres":0.0,"area_km2":217.46,"bfi_Ranking":277.0},"geometry":{"type":"MultiPolygon","coordinates":[[[[-7.788687376491718,41.41141049184392],[-7.747276212442427,41.4053617918792],[-7.734401013326475,41.421525167950804],[-7.733696276211947,41.45623144294838],[-7.784636697864824,41.487464826766704],[-7.742064775064947,41.519027424040125],[-7.717734483783699,41.5065707898421],[-7.70590745136412,41.51876082602629],[-7.75305107418279,41.54847982544083],[-7.750677985321532,41.56527115093914],[-7.722820112145802,41.578855095397756],[-7.733798346510307,41.59948498038961],[-7.704066800095011,41.631648075551595],[-7.732228199911335,41.65238537083252],[-7.754510779666011,41.6451101412073],[-7.787349459928993,41.58735670552478],[-7.812149293779768,41.57849900532867],[-7.861352168418053,41.5117830105416],[-7.894303646959898,41.51321085814117],[-7.904196254456751,41.48894277828842],[-7.90941564230235,41.46588007455382],[-7.889064586403932,41.44363579532599],[-7.855103141141023,41.44428814416719],[-7.819989035577049,41.41394632580552],[-7.788687376491718,41.41141049184392]]]]}},{"type":"Feature","properties":{"fid":250,"dtmn":"1710","municipio":"Sabrosa","c1_declive":2.4158411835118674,"c2_ambcon":2.5315745180654736,"c3_infraest":0.0,"c4_compolit":0.0,"c5_utiliza":1.364670484500439,"bfi_2025":1.147411844767643,"bfi_2025_Ranking":246.0,"BikeSharing":false,"ExtCic_AURB":0.0,"ExtensaoCiclovias_conc":0.0,"PopResidente_2021":5548,"Total_Valor_Euros":0.0,"UtilizacaoBicicleta":0.0017,"UtilizacaoMulheres":0.0,"area_km2":156.92,"bfi_Ranking":246.0},"geometry":{"type":"MultiPolygon","coordinates":[[[[-7.640284130888307,41.15879988781585],[-7.5901036307817,41.156288102052955],[-7.555744596098667,41.17378233742911],[-7.548582509432053,41.1880269913619],[-7.537382328977798,41.256484539671284],[-7.601212619360835,41.36250170368655],[-7.601380943264346,41.393520249321746],[-7.627915376861307,41.412548034484544],[-7.650940538695118,41.39609325737287],[-7.600299644535194,41.353116399847984],[-7.619312325020322,41.32348070469897],[-7.613283743293177,41.30620335916174],[-7.653684674284726,41.264836448864315],[-7.63701109545963,41.260218337634704],[-7.651585065530885,41.24858785623602],[-7.648177638488283,41.17968515034873],[-7.657770786050377,41.16294711836456],[-7.640284130888307,41.15879988781585]]]]}},{"type":"Feature","properties":{"fid":251,"dtmn":"1711","municipio":"Santa Marta de Penaguião","c1_declive":0.1451590538150638,"c2_ambcon":2.369246747392429,"c3_infraest":0.0,"c4_compolit":0.0,"c5_utiliza":1.3062604629794718,"bfi_2025":0.8680796848255079,"bfi_2025_Ranking":274.0,"BikeSharing":false,"ExtCic_AURB":0.0,"ExtensaoCiclovias_conc":0.0,"PopResidente_2021":6100,"Total_Valor_Euros":0.0,"UtilizacaoBicicleta":0.0004,"UtilizacaoMulheres":0.0,"area_km2":69.28,"bfi_Ranking":274.0},"geometry":{"type":"MultiPolygon","coordinates":[[[[-7.749033975753908,41.208699637638844],[-7.763955076608365,41.22144976437577],[-7.750133902442385,41.23563781834633],[-7.755362267818773,41.273018711893016],[-7.788084511983204,41.24599325724473],[-7.828551619724847,41.265805631640966],[-7.894935387147137,41.249925417700176],[-7.895730605632653,41.24892776094629],[-7.875579307603212,41.24204802372021],[-7.850966710872733,41.236898856061515],[-7.84808067593469,41.22252023411908],[-7.831872147162296,41.228321800345675],[-7.837802743454596,41.20091428231578],[-7.796537112078144,41.194747853045236],[-7.777192357589002,41.17473935916347],[-7.7523015640265,41.176982596122954],[-7.749033975753908,41.208699637638844]]]]}},{"type":"Feature","properties":{"fid":252,"dtmn":"1712","municipio":"Valpaços","c1_declive":3.6475867697541746,"c2_ambcon":2.230644313847803,"c3_infraest":0.4139835573061548,"c4_compolit":0.0,"c5_utiliza":2.15562335718356,"bfi_2025":1.4570403162006191,"bfi_2025_Ranking":208.0,"BikeSharing":false,"ExtCic_AURB":2189.47,"ExtensaoCiclovias_conc":2189.47,"PopResidente_2021":14701,"Total_Valor_Euros":0.0,"UtilizacaoBicicleta":0.0022,"UtilizacaoMulheres":0.182,"area_km2":548.74,"bfi_Ranking":208.0},"geometry":{"type":"MultiPolygon","coordinates":[[[[-7.365322947527047,41.44042284457329],[-7.298308530884544,41.46458132169177],[-7.283954601792117,41.51562776948264],[-7.229112297712502,41.52279750463113],[-7.258401496887538,41.563199645350515],[-7.258716998137285,41.59143909524978],[-7.188677381402307,41.73522514280672],[-7.175927423513791,41.73730929904851],[-7.170640234000516,41.76791556247351],[-7.193541575171257,41.78228207315084],[-7.226112378395167,41.76825405613932],[-7.280606021345397,41.77402067670363],[-7.329730808378168,41.72417348955172],[-7.365959186481485,41.715155231914444],[-7.364516131648415,41.67386465673001],[-7.377620914798452,41.67633763161989],[-7.376517000961524,41.70004415346355],[-7.414982721052894,41.70321908177119],[-7.413008056358397,41.690376716075455],[-7.4330631720029,41.68557052925528],[-7.420160446802242,41.66288080521251],[-7.42840025102894,41.64613099037946],[-7.453871315510096,41.63940177342036],[-7.443765259759425,41.62813475479368],[-7.454076323938231,41.607256073847566],[-7.507090243696434,41.58127364830658],[-7.517842367961763,41.59361897642909],[-7.531108051086019,41.575429202131836],[-7.48118683314107,41.499844688603595],[-7.446587539922386,41.49690502638651],[-7.420926884758019,41.52786535649471],[-7.409447486292796,41.52329471422077],[-7.383470665552897,41.48994418083617],[-7.405573083656947,41.460604519814304],[-7.365322947527047,41.44042284457329]]]]}},{"type":"Feature","properties":{"fid":253,"dtmn":"1713","municipio":"Vila Pouca de Aguiar","c1_declive":3.0663667020584606,"c2_ambcon":1.7886001208066187,"c3_infraest":3.870454971928396,"c4_compolit":0.0,"c5_utiliza":1.8358615776297549,"bfi_2025":2.088572758915551,"bfi_2025_Ranking":120.0,"BikeSharing":false,"ExtCic_AURB":13845.69,"ExtensaoCiclovias_conc":21326.0,"PopResidente_2021":11812,"Total_Valor_Euros":0.0,"UtilizacaoBicicleta":0.0022,"UtilizacaoMulheres":0.1,"area_km2":437.07,"bfi_Ranking":120.0},"geometry":{"type":"MultiPolygon","coordinates":[[[[-7.650940538695118,41.39609325737287],[-7.627915376861307,41.412548034484544],[-7.601380943264346,41.393520249321746],[-7.588776409255655,41.403605299480745],[-7.56041169639443,41.43791521796075],[-7.521822661562782,41.45088422688353],[-7.497014796908689,41.43964648790436],[-7.472759468468949,41.469451245697236],[-7.48118683314107,41.499844688603595],[-7.531108051086019,41.575429202131836],[-7.517842367961763,41.59361897642909],[-7.529922804694648,41.617663717730736],[-7.586510043915154,41.6003216616506],[-7.591307854454836,41.62415588271211],[-7.620555866226388,41.63970207036138],[-7.666465840994115,41.62571693207819],[-7.673133707572294,41.60708135677062],[-7.709265180237544,41.59158676317106],[-7.699246933294877,41.58304589225338],[-7.722820112145802,41.578855095397756],[-7.750677985321532,41.56527115093914],[-7.75305107418279,41.54847982544083],[-7.70590745136412,41.51876082602629],[-7.717734483783699,41.5065707898421],[-7.742064775064947,41.519027424040125],[-7.784636697864824,41.487464826766704],[-7.733696276211947,41.45623144294838],[-7.734401013326475,41.421525167950804],[-7.650940538695118,41.39609325737287]]]]}},{"type":"Feature","properties":{"fid":254,"dtmn":"1714","municipio":"Vila Real","c1_declive":2.4754952110923174,"c2_ambcon":4.111770629231246,"c3_infraest":0.4136670587746706,"c4_compolit":0.049829444430159395,"c5_utiliza":1.6601225182121433,"bfi_2025":1.7208993356391715,"bfi_2025_Ranking":172.0,"BikeSharing":false,"ExtCic_AURB":6507.71,"ExtensaoCiclovias_conc":6539.66,"PopResidente_2021":49571,"Total_Valor_Euros":30442.2,"UtilizacaoBicicleta":0.0014,"UtilizacaoMulheres":0.162,"area_km2":378.8,"bfi_Ranking":172.0},"geometry":{"type":"MultiPolygon","coordinates":[[[[-7.894935387147137,41.249925417700176],[-7.828551619724847,41.265805631640966],[-7.788084511983204,41.24599325724473],[-7.755362267818773,41.273018711893016],[-7.750133902442385,41.23563781834633],[-7.763955076608365,41.22144976437577],[-7.749033975753908,41.208699637638844],[-7.682933983154959,41.201144047461526],[-7.648177638488283,41.17968515034873],[-7.651585065530885,41.24858785623602],[-7.63701109545963,41.260218337634704],[-7.653684674284726,41.264836448864315],[-7.613283743293177,41.30620335916174],[-7.619312325020322,41.32348070469897],[-7.600299644535194,41.353116399847984],[-7.650940538695118,41.39609325737287],[-7.734401013326475,41.421525167950804],[-7.747276212442427,41.4053617918792],[-7.788687376491718,41.41141049184392],[-7.815937074250103,41.39184149540947],[-7.834282999521422,41.34350427585727],[-7.907641078600684,41.30266708496305],[-7.921366916206186,41.29032159668337],[-7.894935387147137,41.249925417700176]]]]}},{"type":"Feature","properties":{"fid":255,"dtmn":"1801","municipio":"Armamar","c1_declive":1.7726185466569908,"c2_ambcon":2.3851285263940043,"c3_infraest":0.0,"c4_compolit":0.0,"c5_utiliza":2.8336181054926057,"bfi_2025":1.3402676073627213,"bfi_2025_Ranking":224.0,"BikeSharing":false,"ExtCic_AURB":0.0,"ExtensaoCiclovias_conc":0.0,"PopResidente_2021":5678,"Total_Valor_Euros":0.0,"UtilizacaoBicicleta":0.0013,"UtilizacaoMulheres":0.333,"area_km2":117.24,"bfi_Ranking":224.0},"geometry":{"type":"MultiPolygon","coordinates":[[[[-7.755463146122733,41.080521527391355],[-7.704751474101448,41.07137032233127],[-7.698658283578196,41.06244217724956],[-7.720441235149221,41.04773721962756],[-7.700680027598501,41.034323063346804],[-7.688332505674293,41.04629695374922],[-7.672175482782411,41.02613763822453],[-7.659784864797174,41.03192351882127],[-7.634258254591549,41.0190259445102],[-7.621130111060543,41.05910703269347],[-7.618105741319906,41.09850032438919],[-7.636224597710777,41.13566614860406],[-7.622187915259383,41.14308152493506],[-7.640284130888307,41.15879988781585],[-7.657770786050377,41.16294711836456],[-7.696962897186919,41.14165763788208],[-7.729966101330279,41.1451062601801],[-7.755463146122733,41.080521527391355]]]]}},{"type":"Feature","properties":{"fid":256,"dtmn":"1802","municipio":"Carregal do Sal","c1_declive":5.515371805583397,"c2_ambcon":2.3047223464528193,"c3_infraest":1.9871204775251181,"c4_compolit":6.5525812322094446,"c5_utiliza":1.7754828158017006,"bfi_2025":3.290110696155053,"bfi_2025_Ranking":20.0,"BikeSharing":true,"ExtCic_AURB":1960.69,"ExtensaoCiclovias_conc":1987.76,"PopResidente_2021":9038,"Total_Valor_Euros":960670.0,"UtilizacaoBicicleta":0.0077,"UtilizacaoMulheres":0.125,"area_km2":116.89,"bfi_Ranking":20.0},"geometry":{"type":"MultiPolygon","coordinates":[[[[-8.046193634152548,40.380580941803494],[-7.947505655448571,40.422686109111766],[-7.903596326818,40.456445766201895],[-7.933719190731885,40.48603057926018],[-7.943489536642211,40.53749840473263],[-7.961401529599971,40.53807021475163],[-7.959153537969725,40.51748738873674],[-8.045048562094976,40.46009025361273],[-8.068526966418258,40.433854229528976],[-8.046193634152548,40.380580941803494]]]]}},{"type":"Feature","properties":{"fid":257,"dtmn":"1803","municipio":"Castro Daire","c1_declive":1.4693886858772898,"c2_ambcon":2.0117031233165816,"c3_infraest":1.4,"c4_compolit":1.661777197577707,"c5_utiliza":1.4709354711334988,"bfi_2025":1.6264071831591156,"bfi_2025_Ranking":184.0,"BikeSharing":true,"ExtCic_AURB":0.0,"ExtensaoCiclovias_conc":0.0,"PopResidente_2021":13736,"Total_Valor_Euros":198122.8,"UtilizacaoBicicleta":0.0017,"UtilizacaoMulheres":0.0,"area_km2":379.04,"bfi_Ranking":184.0},"geometry":{"type":"MultiPolygon","coordinates":[[[[-8.121486757765236,40.92094237606132],[-8.105692730332112,40.93653611615886],[-8.036168074835919,40.91822606030462],[-8.048122284224947,40.88772145964254],[-8.013922740219696,40.89740821312355],[-8.006694276758536,40.8683552920712],[-7.991867872203694,40.87584802791258],[-7.999370150619834,40.8504359812795],[-7.962415149281179,40.84109726519441],[-7.970449965944817,40.821357247260714],[-7.927512564118054,40.79912695250822],[-7.861735504450798,40.78912309235514],[-7.813637650214272,40.84259976820925],[-7.866773071225775,40.90198476780288],[-7.806951935672892,40.94783261926747],[-7.779336357904526,40.934397665678446],[-7.752507553761245,40.942343289702954],[-7.757334403347132,40.95425302602045],[-7.758836048563444,40.975059968736055],[-7.792551219127576,40.981326160301556],[-7.818221456600973,40.9553047875763],[-7.848223192198788,40.981979997880174],[-7.902704351320618,40.993986593986676],[-7.877267397690277,41.026581911030206],[-7.915681200458404,41.01997387857033],[-7.951190114138344,40.999297894013964],[-7.966934176306098,40.97347364263009],[-8.017634957181055,40.96479006549335],[-8.040434517783503,40.984723413168915],[-8.089172179289958,40.98755527859957],[-8.131518836393706,40.95060872729943],[-8.121486757765236,40.92094237606132]]]]}},{"type":"Feature","properties":{"fid":258,"dtmn":"1804","municipio":"Cinfães","c1_declive":0.5915320723292496,"c2_ambcon":1.9022506479519103,"c3_infraest":1.4,"c4_compolit":0.0,"c5_utiliza":2.4297348080778303,"bfi_2025":1.3706628308364686,"bfi_2025_Ranking":222.0,"BikeSharing":true,"ExtCic_AURB":0.0,"ExtensaoCiclovias_conc":0.0,"PopResidente_2021":17730,"Total_Valor_Euros":0.0,"UtilizacaoBicicleta":0.0008,"UtilizacaoMulheres":0.2,"area_km2":239.29,"bfi_Ranking":222.0},"geometry":{"type":"MultiPolygon","coordinates":[[[[-8.234710313088502,41.01179292525071],[-8.206327216900455,41.01224968051489],[-8.212956920731507,40.99404206495458],[-8.133991357941118,40.97856695169788],[-8.097765734687705,41.01368698537694],[-8.089172179289958,40.98755527859957],[-8.040434517783503,40.984723413168915],[-8.017634957181055,40.96479006549335],[-7.966934176306098,40.97347364263009],[-7.951190114138344,40.999297894013964],[-7.990933910046562,41.00832967606859],[-7.985462618168379,41.03546145487888],[-8.02703110192499,41.096843378608504],[-8.096942865679788,41.10073673435578],[-8.135514442413305,41.083805897000445],[-8.206029917639883,41.09378269554747],[-8.263992093452144,41.06585712157684],[-8.230687599571738,41.04607338689066],[-8.234710313088502,41.01179292525071]]]]}},{"type":"Feature","properties":{"fid":259,"dtmn":"1805","municipio":"Lamego","c1_declive":1.227201219776906,"c2_ambcon":3.02921568322716,"c3_infraest":1.4,"c4_compolit":0.0,"c5_utiliza":1.2061973179681782,"bfi_2025":1.4712635063781163,"bfi_2025_Ranking":205.0,"BikeSharing":true,"ExtCic_AURB":0.0,"ExtensaoCiclovias_conc":0.0,"PopResidente_2021":24312,"Total_Valor_Euros":0.0,"UtilizacaoBicicleta":0.0013,"UtilizacaoMulheres":0.0,"area_km2":165.42,"bfi_Ranking":205.0},"geometry":{"type":"MultiPolygon","coordinates":[[[[-7.848223192198788,40.981979997880174],[-7.806227517915676,41.03617070671046],[-7.759086485140744,41.04599410523744],[-7.768850727699111,41.05786998344971],[-7.755463146122733,41.080521527391355],[-7.729966101330279,41.1451062601801],[-7.797248790355908,41.16184563191915],[-7.813719232732304,41.145700985041174],[-7.835188602420336,41.15339843888496],[-7.880126338674947,41.15050831455121],[-7.850682748866983,41.111174005957714],[-7.915681200458404,41.01997387857033],[-7.877267397690277,41.026581911030206],[-7.902704351320618,40.993986593986676],[-7.848223192198788,40.981979997880174]]]]}},{"type":"Feature","properties":{"fid":260,"dtmn":"1806","municipio":"Mangualde","c1_declive":4.012718560587833,"c2_ambcon":1.827019591457696,"c3_infraest":1.7081947112438054,"c4_compolit":0.0,"c5_utiliza":1.6278916766005291,"bfi_2025":1.6106537670542644,"bfi_2025_Ranking":188.0,"BikeSharing":true,"ExtCic_AURB":1864.39,"ExtensaoCiclovias_conc":2190.04,"PopResidente_2021":18303,"Total_Valor_Euros":0.0,"UtilizacaoBicicleta":0.0018,"UtilizacaoMulheres":0.188,"area_km2":219.26,"bfi_Ranking":188.0},"geometry":{"type":"MultiPolygon","coordinates":[[[[-7.753447456223907,40.526982823699186],[-7.721113649459419,40.535516835025376],[-7.580308848363581,40.57495868991635],[-7.589080563626281,40.585521978039544],[-7.565820762242188,40.645329903217814],[-7.676068783504212,40.624177596767595],[-7.758984210460435,40.64514610105008],[-7.825112640080654,40.63354730362849],[-7.896901803447949,40.5887301291538],[-7.843051844416156,40.57797945490435],[-7.79048810592059,40.542183488723246],[-7.752791621734527,40.54641886520213],[-7.753447456223907,40.526982823699186]]]]}},{"type":"Feature","properties":{"fid":261,"dtmn":"1807","municipio":"Moimenta da Beira","c1_declive":4.664476656137654,"c2_ambcon":1.9208452282952517,"c3_infraest":0.460971839445914,"c4_compolit":0.0,"c5_utiliza":2.569387080796864,"bfi_2025":1.5757793487084297,"bfi_2025_Ranking":192.0,"BikeSharing":false,"ExtCic_AURB":1466.3,"ExtensaoCiclovias_conc":1579.28,"PopResidente_2021":9410,"Total_Valor_Euros":0.0,"UtilizacaoBicicleta":0.0008,"UtilizacaoMulheres":0.333,"area_km2":219.97,"bfi_Ranking":192.0},"geometry":{"type":"MultiPolygon","coordinates":[[[[-7.644658073864854,40.86999967369629],[-7.660584531351255,40.87353155944094],[-7.621473575246271,40.91123117036353],[-7.552015028661709,40.92961976150965],[-7.557968481070626,40.95033337144885],[-7.538644716717877,40.96172577955304],[-7.530986589675213,41.00570134419168],[-7.621130111060543,41.05910703269347],[-7.634258254591549,41.0190259445102],[-7.659784864797174,41.03192351882127],[-7.67364288702227,41.005350335945955],[-7.725587381894361,41.02516453203584],[-7.728049146075501,40.96132977123224],[-7.757334403347132,40.95425302602045],[-7.752507553761245,40.942343289702954],[-7.687059996834043,40.936429657122694],[-7.716127018424043,40.886323228077345],[-7.687923725469877,40.85438468331155],[-7.644658073864854,40.86999967369629]]]]}},{"type":"Feature","properties":{"fid":262,"dtmn":"1808","municipio":"Mortágua","c1_declive":3.372472579135384,"c2_ambcon":1.1227135902345764,"c3_infraest":0.0,"c4_compolit":0.0,"c5_utiliza":3.6107971207650924,"bfi_2025":1.3400850796252008,"bfi_2025_Ranking":225.0,"BikeSharing":false,"ExtCic_AURB":0.0,"ExtensaoCiclovias_conc":0.0,"PopResidente_2021":8963,"Total_Valor_Euros":0.0,"UtilizacaoBicicleta":0.0064,"UtilizacaoMulheres":0.56,"area_km2":251.18,"bfi_Ranking":225.0},"geometry":{"type":"MultiPolygon","coordinates":[[[[-8.356217326734894,40.3672315477959],[-8.299648097171708,40.35817197814313],[-8.25084916463542,40.323225703562755],[-8.186818085320896,40.33844498444725],[-8.16520290049012,40.36743783367039],[-8.17875598325924,40.376195624481845],[-8.162969506088132,40.39168546909654],[-8.157866334652473,40.449239891707236],[-8.200953552171121,40.47933864704004],[-8.212746023124017,40.50941857024762],[-8.250661061679693,40.514891272566175],[-8.311494715428498,40.495908361811274],[-8.335585111438093,40.4859685456069],[-8.317576733552901,40.44119678504076],[-8.344528694506261,40.425020420181426],[-8.35414706231448,40.39560693926599],[-8.356217326734894,40.3672315477959]]]]}},{"type":"Feature","properties":{"fid":263,"dtmn":"1809","municipio":"Nelas","c1_declive":5.701523465278239,"c2_ambcon":2.3091992627961093,"c3_infraest":1.4,"c4_compolit":1.3514148223689837,"c5_utiliza":1.6484762191991087,"bfi_2025":2.0974303705404695,"bfi_2025_Ranking":118.0,"BikeSharing":true,"ExtCic_AURB":0.0,"ExtensaoCiclovias_conc":0.0,"PopResidente_2021":13119,"Total_Valor_Euros":206250.0,"UtilizacaoBicicleta":0.0032,"UtilizacaoMulheres":0.15,"area_km2":125.71,"bfi_Ranking":118.0},"geometry":{"type":"MultiPolygon","coordinates":[[[[-7.903596326818,40.456445766201895],[-7.828315177867809,40.49854540080523],[-7.753447456223907,40.526982823699186],[-7.752791621734527,40.54641886520213],[-7.79048810592059,40.542183488723246],[-7.843051844416156,40.57797945490435],[-7.896901803447949,40.5887301291538],[-7.943489536642211,40.53749840473263],[-7.933719190731885,40.48603057926018],[-7.903596326818,40.456445766201895]]]]}},{"type":"Feature","properties":{"fid":264,"dtmn":"1810","municipio":"Oliveira de Frades","c1_declive":2.3520199248853184,"c2_ambcon":1.582743259704468,"c3_infraest":6.407777893215608,"c4_compolit":0.22654719721434569,"c5_utiliza":2.266161641743266,"bfi_2025":2.731374048510073,"bfi_2025_Ranking":46.0,"BikeSharing":true,"ExtCic_AURB":17159.12,"ExtensaoCiclovias_conc":22922.47,"PopResidente_2021":9506,"Total_Valor_Euros":25749.04,"UtilizacaoBicicleta":0.0021,"UtilizacaoMulheres":0.3,"area_km2":145.35,"bfi_Ranking":46.0},"geometry":{"type":"MultiPolygon","coordinates":[[[[-8.249194239711448,40.618485919022945],[-8.247407868702256,40.614317181552174],[-8.203788503583622,40.592839495274546],[-8.20395733438122,40.563865960384476],[-8.160987840310346,40.60126253500392],[-8.208231532766131,40.610633883888774],[-8.217012281257158,40.62870316347259],[-8.249194239711448,40.618485919022945]]],[[[-8.27427840253596,40.630742633952025],[-8.244447281588394,40.69570782989809],[-8.156367433502492,40.69661404468946],[-8.129546297196043,40.735170538895616],[-8.244789645319752,40.76019499227598],[-8.21899135238692,40.79478014357437],[-8.24861371380646,40.80366859534872],[-8.273368971823933,40.7631734149393],[-8.333587931831334,40.73700101877056],[-8.325818198055247,40.71056509487034],[-8.297519039354253,40.69413514290529],[-8.294351501263927,40.652690527276334],[-8.294431392003183,40.635063304064545],[-8.27427840253596,40.630742633952025]]]]}},{"type":"Feature","properties":{"fid":265,"dtmn":"1811","municipio":"Penalva do Castelo","c1_declive":2.461130651194762,"c2_ambcon":1.3657027532524952,"c3_infraest":1.4,"c4_compolit":3.4183558240418166,"c5_utiliza":2.5210027807878554,"bfi_2025":2.1254104743985343,"bfi_2025_Ranking":109.0,"BikeSharing":true,"ExtCic_AURB":0.0,"ExtensaoCiclovias_conc":0.0,"PopResidente_2021":7333,"Total_Valor_Euros":206250.0,"UtilizacaoBicicleta":0.001,"UtilizacaoMulheres":0.333,"area_km2":134.34,"bfi_Ranking":109.0},"geometry":{"type":"MultiPolygon","coordinates":[[[[-7.758984210460435,40.64514610105008],[-7.676068783504212,40.624177596767595],[-7.565820762242188,40.645329903217814],[-7.542077425527709,40.65936839066713],[-7.551368133729311,40.67709844398374],[-7.535141759735283,40.69030221857781],[-7.570758140616892,40.69874929746043],[-7.597753527796641,40.72647849187549],[-7.762026257655807,40.68107403101336],[-7.783968538907507,40.65687936108499],[-7.758984210460435,40.64514610105008]]]]}},{"type":"Feature","properties":{"fid":266,"dtmn":"1812","municipio":"Penedono","c1_declive":3.926667060458109,"c2_ambcon":2.405327239707693,"c3_infraest":0.0,"c4_compolit":0.0,"c5_utiliza":1.3960977414376905,"bfi_2025":1.2732180642602722,"bfi_2025_Ranking":233.0,"BikeSharing":false,"ExtCic_AURB":0.0,"ExtensaoCiclovias_conc":0.0,"PopResidente_2021":2738,"Total_Valor_Euros":0.0,"UtilizacaoBicicleta":0.0,"UtilizacaoMulheres":0.0,"area_km2":133.71,"bfi_Ranking":233.0},"geometry":{"type":"MultiPolygon","coordinates":[[[[-7.375464916638705,40.904575411130075],[-7.331182635502612,40.94037492427906],[-7.325272217607699,40.97196061221289],[-7.37882093325635,40.991222179484815],[-7.379047214847819,41.01335997999114],[-7.333514161414235,41.023471566124336],[-7.342780991670469,41.05750941219767],[-7.407876758724613,41.07012969051496],[-7.436773688320787,41.060812496473716],[-7.461456127365889,41.0006072957593],[-7.417884515284354,40.92180539781307],[-7.381251727826939,40.90730149822758],[-7.375464916638705,40.904575411130075]]]]}},{"type":"Feature","properties":{"fid":267,"dtmn":"1813","municipio":"Resende","c1_declive":0.4301169200817101,"c2_ambcon":1.2869037000123404,"c3_infraest":0.0,"c4_compolit":0.0,"c5_utiliza":1.4595531035643998,"bfi_2025":0.656648237724136,"bfi_2025_Ranking":278.0,"BikeSharing":false,"ExtCic_AURB":0.0,"ExtensaoCiclovias_conc":0.0,"PopResidente_2021":10051,"Total_Valor_Euros":0.0,"UtilizacaoBicicleta":0.0005,"UtilizacaoMulheres":0.0,"area_km2":123.35,"bfi_Ranking":278.0},"geometry":{"type":"MultiPolygon","coordinates":[[[[-7.951190114138344,40.999297894013964],[-7.915681200458404,41.01997387857033],[-7.850682748866983,41.111174005957714],[-7.880126338674947,41.15050831455121],[-7.911863913336353,41.11988958022427],[-7.951649943993206,41.122700761562065],[-8.02703110192499,41.096843378608504],[-7.985462618168379,41.03546145487888],[-7.990933910046562,41.00832967606859],[-7.951190114138344,40.999297894013964]]]]}},{"type":"Feature","properties":{"fid":268,"dtmn":"1814","municipio":"Santa Comba Dão","c1_declive":4.658609892750178,"c2_ambcon":1.7547273085931088,"c3_infraest":2.755439731843538,"c4_compolit":3.43886099695843,"c5_utiliza":2.588570873718345,"bfi_2025":2.798889123519535,"bfi_2025_Ranking":42.0,"BikeSharing":true,"ExtCic_AURB":4090.17,"ExtensaoCiclovias_conc":11225.83,"PopResidente_2021":10641,"Total_Valor_Euros":206250.0,"UtilizacaoBicicleta":0.0017,"UtilizacaoMulheres":0.375,"area_km2":111.95,"bfi_Ranking":42.0},"geometry":{"type":"MultiPolygon","coordinates":[[[[-8.186818085320896,40.33844498444725],[-8.132246791584542,40.33545404690528],[-8.046193634152548,40.380580941803494],[-8.068526966418258,40.433854229528976],[-8.045048562094976,40.46009025361273],[-8.103872074216824,40.46493819771343],[-8.157866334652473,40.449239891707236],[-8.162969506088132,40.39168546909654],[-8.17875598325924,40.376195624481845],[-8.16520290049012,40.36743783367039],[-8.186818085320896,40.33844498444725]]]]}},{"type":"Feature","properties":{"fid":269,"dtmn":"1815","municipio":"São João da Pesqueira","c1_declive":1.5543023772703304,"c2_ambcon":2.184549074481222,"c3_infraest":0.0,"c4_compolit":0.0,"c5_utiliza":1.5842313760375468,"bfi_2025":1.018413781554848,"bfi_2025_Ranking":264.0,"BikeSharing":false,"ExtCic_AURB":0.0,"ExtensaoCiclovias_conc":0.0,"PopResidente_2021":6775,"Total_Valor_Euros":0.0,"UtilizacaoBicicleta":0.0009,"UtilizacaoMulheres":0.0,"area_km2":266.11,"bfi_Ranking":264.0},"geometry":{"type":"MultiPolygon","coordinates":[[[[-7.461456127365889,41.0006072957593],[-7.436773688320787,41.060812496473716],[-7.407876758724613,41.07012969051496],[-7.342780991670469,41.05750941219767],[-7.304573035638722,41.13952476739946],[-7.357507036120513,41.147957601647086],[-7.390535670975307,41.19533111399298],[-7.431892067944758,41.21080151884019],[-7.502912712224585,41.19945098733156],[-7.523551719906194,41.17967867681613],[-7.548582509432053,41.1880269913619],[-7.555744596098667,41.17378233742911],[-7.533307774469614,41.164994966545564],[-7.519636357578392,41.134332851181384],[-7.549567179912613,41.114613017490576],[-7.474630422144243,41.10121996845056],[-7.513733240108859,41.08819722008776],[-7.502100105774083,41.056601510553485],[-7.51312107401416,41.02197947929788],[-7.461456127365889,41.0006072957593]]]]}},{"type":"Feature","properties":{"fid":270,"dtmn":"1816","municipio":"São Pedro do Sul","c1_declive":1.9233073559787541,"c2_ambcon":1.4431024924858082,"c3_infraest":2.8822221364110625,"c4_compolit":1.1471222950950408,"c5_utiliza":1.082188324578616,"bfi_2025":1.7195240167568244,"bfi_2025_Ranking":173.0,"BikeSharing":true,"ExtCic_AURB":6682.18,"ExtensaoCiclovias_conc":6859.81,"PopResidente_2021":15137,"Total_Valor_Euros":213850.0,"UtilizacaoBicicleta":0.0015,"UtilizacaoMulheres":0.0,"area_km2":348.95,"bfi_Ranking":173.0},"geometry":{"type":"MultiPolygon","coordinates":[[[[-8.24861371380646,40.80366859534872],[-8.21899135238692,40.79478014357437],[-8.244789645319752,40.76019499227598],[-8.129546297196043,40.735170538895616],[-8.030879848685872,40.74443279246866],[-8.019111894389514,40.76449240904113],[-7.966121374053258,40.76305843931589],[-7.927512564118054,40.79912695250822],[-7.970449965944817,40.821357247260714],[-7.962415149281179,40.84109726519441],[-7.999370150619834,40.8504359812795],[-7.991867872203694,40.87584802791258],[-8.006694276758536,40.8683552920712],[-8.013922740219696,40.89740821312355],[-8.048122284224947,40.88772145964254],[-8.036168074835919,40.91822606030462],[-8.105692730332112,40.93653611615886],[-8.121486757765236,40.92094237606132],[-8.127960444644177,40.89815018696938],[-8.106421408217281,40.85516539889809],[-8.133737735800546,40.8492027152942],[-8.16744019077871,40.86618073288587],[-8.190512934461264,40.846122966418974],[-8.231047204632619,40.86468252307487],[-8.255087789877821,40.85584219941613],[-8.236763512471454,40.82749158944261],[-8.24861371380646,40.80366859534872]]]]}},{"type":"Feature","properties":{"fid":271,"dtmn":"1817","municipio":"Sátão","c1_declive":4.034002029070315,"c2_ambcon":1.5203510311148136,"c3_infraest":1.4,"c4_compolit":0.0,"c5_utiliza":1.5199680098271642,"bfi_2025":1.4374815626511679,"bfi_2025_Ranking":213.0,"BikeSharing":true,"ExtCic_AURB":0.0,"ExtensaoCiclovias_conc":0.0,"PopResidente_2021":11030,"Total_Valor_Euros":0.0,"UtilizacaoBicicleta":0.0016,"UtilizacaoMulheres":0.125,"area_km2":201.94,"bfi_Ranking":213.0},"geometry":{"type":"MultiPolygon","coordinates":[[[[-7.762026257655807,40.68107403101336],[-7.597753527796641,40.72647849187549],[-7.570866100015467,40.749154942693934],[-7.628108604630778,40.78150312089291],[-7.591335198069179,40.82991738970517],[-7.624225919144338,40.86870858520013],[-7.644658073864854,40.86999967369629],[-7.687923725469877,40.85438468331155],[-7.705197424202153,40.84440432827709],[-7.720933766088703,40.76559976757877],[-7.766893329903759,40.774108785149465],[-7.775299112729284,40.691746838065576],[-7.762026257655807,40.68107403101336]]]]}},{"type":"Feature","properties":{"fid":272,"dtmn":"1818","municipio":"Sernancelhe","c1_declive":3.8775968791898414,"c2_ambcon":2.136818369326779,"c3_infraest":0.0,"c4_compolit":0.39117539017715497,"c5_utiliza":2.3075032239676494,"bfi_2025":1.4617000030796399,"bfi_2025_Ranking":207.0,"BikeSharing":false,"ExtCic_AURB":0.0,"ExtensaoCiclovias_conc":0.0,"PopResidente_2021":5692,"Total_Valor_Euros":42000.0,"UtilizacaoBicicleta":0.0023,"UtilizacaoMulheres":0.2,"area_km2":228.61,"bfi_Ranking":207.0},"geometry":{"type":"MultiPolygon","coordinates":[[[[-7.591335198069179,40.82991738970517],[-7.576842115855013,40.862778421016955],[-7.529298288613538,40.87304576956714],[-7.45420419233303,40.8126077907279],[-7.403225992614415,40.87853665670308],[-7.37996204376585,40.86873634291465],[-7.375464916638705,40.904575411130075],[-7.381251727826939,40.90730149822758],[-7.388111141532879,40.88511262845524],[-7.425471622754634,40.88667298762152],[-7.417884515284354,40.92180539781307],[-7.461456127365889,41.0006072957593],[-7.51312107401416,41.02197947929788],[-7.530986589675213,41.00570134419168],[-7.538644716717877,40.96172577955304],[-7.557968481070626,40.95033337144885],[-7.552015028661709,40.92961976150965],[-7.621473575246271,40.91123117036353],[-7.660584531351255,40.87353155944094],[-7.644658073864854,40.86999967369629],[-7.624225919144338,40.86870858520013],[-7.591335198069179,40.82991738970517]]]]}},{"type":"Feature","properties":{"fid":273,"dtmn":"1819","municipio":"Tabuaço","c1_declive":0.9232648502316101,"c2_ambcon":1.8009995493501418,"c3_infraest":0.0,"c4_compolit":0.0,"c5_utiliza":1.695215072391206,"bfi_2025":0.8816193868389377,"bfi_2025_Ranking":273.0,"BikeSharing":false,"ExtCic_AURB":0.0,"ExtensaoCiclovias_conc":0.0,"PopResidente_2021":5034,"Total_Valor_Euros":0.0,"UtilizacaoBicicleta":0.0005,"UtilizacaoMulheres":0.0,"area_km2":133.86,"bfi_Ranking":273.0},"geometry":{"type":"MultiPolygon","coordinates":[[[[-7.621130111060543,41.05910703269347],[-7.530986589675213,41.00570134419168],[-7.51312107401416,41.02197947929788],[-7.502100105774083,41.056601510553485],[-7.513733240108859,41.08819722008776],[-7.474630422144243,41.10121996845056],[-7.549567179912613,41.114613017490576],[-7.519636357578392,41.134332851181384],[-7.533307774469614,41.164994966545564],[-7.555744596098667,41.17378233742911],[-7.5901036307817,41.156288102052955],[-7.640284130888307,41.15879988781585],[-7.622187915259383,41.14308152493506],[-7.636224597710777,41.13566614860406],[-7.618105741319906,41.09850032438919],[-7.621130111060543,41.05910703269347]]]]}},{"type":"Feature","properties":{"fid":274,"dtmn":"1820","municipio":"Tarouca","c1_declive":1.8741573148917303,"c2_ambcon":2.323172978362535,"c3_infraest":0.0,"c4_compolit":0.0,"c5_utiliza":1.346212646136794,"bfi_2025":1.0374515053071656,"bfi_2025_Ranking":261.0,"BikeSharing":false,"ExtCic_AURB":0.0,"ExtensaoCiclovias_conc":0.0,"PopResidente_2021":7363,"Total_Valor_Euros":0.0,"UtilizacaoBicicleta":0.0012,"UtilizacaoMulheres":0.0,"area_km2":100.08,"bfi_Ranking":261.0},"geometry":{"type":"MultiPolygon","coordinates":[[[[-7.757334403347132,40.95425302602045],[-7.728049146075501,40.96132977123224],[-7.725587381894361,41.02516453203584],[-7.67364288702227,41.005350335945955],[-7.659784864797174,41.03192351882127],[-7.672175482782411,41.02613763822453],[-7.688332505674293,41.04629695374922],[-7.700680027598501,41.034323063346804],[-7.720441235149221,41.04773721962756],[-7.698658283578196,41.06244217724956],[-7.704751474101448,41.07137032233127],[-7.755463146122733,41.080521527391355],[-7.768850727699111,41.05786998344971],[-7.759086485140744,41.04599410523744],[-7.806227517915676,41.03617070671046],[-7.848223192198788,40.981979997880174],[-7.818221456600973,40.9553047875763],[-7.792551219127576,40.981326160301556],[-7.758836048563444,40.975059968736055],[-7.757334403347132,40.95425302602045]]]]}},{"type":"Feature","properties":{"fid":275,"dtmn":"1821","municipio":"Tondela","c1_declive":3.98021345336843,"c2_ambcon":2.1947593685265474,"c3_infraest":2.6276344402305316,"c4_compolit":0.28521451474781184,"c5_utiliza":2.6589823490288635,"bfi_2025":2.192459170281448,"bfi_2025_Ranking":100.0,"BikeSharing":true,"ExtCic_AURB":10891.58,"ExtensaoCiclovias_conc":18889.32,"PopResidente_2021":25910,"Total_Valor_Euros":67000.0,"UtilizacaoBicicleta":0.006,"UtilizacaoMulheres":0.37,"area_km2":371.22,"bfi_Ranking":100.0},"geometry":{"type":"MultiPolygon","coordinates":[[[[-8.157866334652473,40.449239891707236],[-8.103872074216824,40.46493819771343],[-8.045048562094976,40.46009025361273],[-7.959153537969725,40.51748738873674],[-7.961401529599971,40.53807021475163],[-8.00613907172106,40.545054599337696],[-7.986554795571227,40.57177215452573],[-7.993308316351176,40.59337622149869],[-8.091588935061589,40.63486415619626],[-8.137346844323384,40.638958205396165],[-8.160987840310346,40.60126253500392],[-8.20395733438122,40.563865960384476],[-8.203788503583622,40.592839495274546],[-8.247407868702256,40.614317181552174],[-8.308419918671193,40.596407782589424],[-8.284942930941892,40.53907559153227],[-8.250661061679693,40.514891272566175],[-8.212746023124017,40.50941857024762],[-8.200953552171121,40.47933864704004],[-8.157866334652473,40.449239891707236]]]]}},{"type":"Feature","properties":{"fid":276,"dtmn":"1822","municipio":"Vila Nova de Paiva","c1_declive":4.4115732837321495,"c2_ambcon":2.2664063391980176,"c3_infraest":2.9269845277409203,"c4_compolit":0.0,"c5_utiliza":1.1724285462486868,"bfi_2025":1.973990754357687,"bfi_2025_Ranking":132.0,"BikeSharing":true,"ExtCic_AURB":3003.54,"ExtensaoCiclovias_conc":3726.56,"PopResidente_2021":4662,"Total_Valor_Euros":0.0,"UtilizacaoBicicleta":0.0005,"UtilizacaoMulheres":0.0,"area_km2":175.53,"bfi_Ranking":132.0},"geometry":{"type":"MultiPolygon","coordinates":[[[[-7.766893329903759,40.774108785149465],[-7.720933766088703,40.76559976757877],[-7.705197424202153,40.84440432827709],[-7.687923725469877,40.85438468331155],[-7.716127018424043,40.886323228077345],[-7.687059996834043,40.936429657122694],[-7.752507553761245,40.942343289702954],[-7.779336357904526,40.934397665678446],[-7.806951935672892,40.94783261926747],[-7.866773071225775,40.90198476780288],[-7.813637650214272,40.84259976820925],[-7.768923449260211,40.7983431861337],[-7.766893329903759,40.774108785149465]]]]}},{"type":"Feature","properties":{"fid":277,"dtmn":"1823","municipio":"Viseu","c1_declive":4.11219399495258,"c2_ambcon":2.990923017572257,"c3_infraest":2.3843324908832346,"c4_compolit":0.06753139909578967,"c5_utiliza":1.7346348933379607,"bfi_2025":2.115466535095881,"bfi_2025_Ranking":114.0,"BikeSharing":true,"ExtCic_AURB":29139.86,"ExtensaoCiclovias_conc":37428.37,"PopResidente_2021":99551,"Total_Valor_Euros":74900.0,"UtilizacaoBicicleta":0.0024,"UtilizacaoMulheres":0.198,"area_km2":507.1,"bfi_Ranking":114.0},"geometry":{"type":"MultiPolygon","coordinates":[[[[-8.091588935061589,40.63486415619626],[-7.993308316351176,40.59337622149869],[-7.986554795571227,40.57177215452573],[-8.00613907172106,40.545054599337696],[-7.961401529599971,40.53807021475163],[-7.943489536642211,40.53749840473263],[-7.896901803447949,40.5887301291538],[-7.825112640080654,40.63354730362849],[-7.758984210460435,40.64514610105008],[-7.783968538907507,40.65687936108499],[-7.762026257655807,40.68107403101336],[-7.775299112729284,40.691746838065576],[-7.766893329903759,40.774108785149465],[-7.768923449260211,40.7983431861337],[-7.813637650214272,40.84259976820925],[-7.861735504450798,40.78912309235514],[-7.927512564118054,40.79912695250822],[-7.966121374053258,40.76305843931589],[-8.019111894389514,40.76449240904113],[-8.030879848685872,40.74443279246866],[-8.007259440243239,40.729571042518934],[-8.018720493582586,40.69327572856676],[-8.091588935061589,40.63486415619626]]]]}},{"type":"Feature","properties":{"fid":278,"dtmn":"1824","municipio":"Vouzela","c1_declive":2.703515020451508,"c2_ambcon":1.5112136712400803,"c3_infraest":3.5909399437146474,"c4_compolit":0.0,"c5_utiliza":1.0763524668549087,"bfi_2025":1.7611603991548144,"bfi_2025_Ranking":167.0,"BikeSharing":true,"ExtCic_AURB":6912.47,"ExtensaoCiclovias_conc":11864.92,"PopResidente_2021":9580,"Total_Valor_Euros":0.0,"UtilizacaoBicicleta":0.0017,"UtilizacaoMulheres":0.0,"area_km2":193.69,"bfi_Ranking":167.0},"geometry":{"type":"MultiPolygon","coordinates":[[[[-8.160987840310346,40.60126253500392],[-8.137346844323384,40.638958205396165],[-8.091588935061589,40.63486415619626],[-8.018720493582586,40.69327572856676],[-8.007259440243239,40.729571042518934],[-8.030879848685872,40.74443279246866],[-8.129546297196043,40.735170538895616],[-8.156367433502492,40.69661404468946],[-8.244447281588394,40.69570782989809],[-8.27427840253596,40.630742633952025],[-8.249194239711448,40.618485919022945],[-8.217012281257158,40.62870316347259],[-8.208231532766131,40.610633883888774],[-8.160987840310346,40.60126253500392]]]]}}]}